So,so,3.59,3.61
I’m,i'm,25.91,26.14
um,um,26.139999,26.679999
five,five,27.05,27.36
thousand,thousand,27.36,27.669999999999998
feet,feet,27.67,27.98
above,above,28.059998999999998,28.559998999999998
Albany,albany,28.65,29.11
on,on,29.15,29.29
just,just,29.29,29.43
a,a,29.429999000000002,29.469999
perfect,perfect,29.469999,29.789999
day,day,29.79,30.029999999999998
beautiful,beautiful,30.03,30.330000000000002
blue,blue,30.33,30.59
sky,sky,30.59,30.96
not,not,30.98,31.13
a,a,31.130000000000003,31.17
cloud,cloud,31.17,31.41
in,in,31.41,31.47
the,the,31.469999,31.569999000000003
sky,sky,31.57,31.88
I,,,
can,can,31.990000000000002,32.11
see,see,32.11,32.44
the,the,32.66,32.779999999999994
horizon,horizon,32.78,33.39
in,in,33.4,33.54
every,every,33.54,33.76
direction,direction,33.759999,34.309999
when,when,34.879999,35.179998999999995
the,the,35.18,35.48
uh,uh,35.480000000000004,35.63
girl,girl,35.65,35.99
who,who,35.989999999999995,36.05
just,just,36.049999,36.259999
pushed,pushed,36.260000000000005,36.480000000000004
me,me,36.480000000000004,36.620000000000005
out,out,36.62,36.69
of,of,36.690000999999995,36.790001
the,the,36.8,36.919999999999995
airplane,airplane,36.92,37.49
screams,screams,37.5,38.02
Wait,wait,38.02,38.36000000000001
wait,wait,38.36,38.64
your,your,38.65,38.87
chute,<unk>,38.87,39.41
It’s,it's,45.4,46.15
And,and,47.94,48.61
um,um,48.65,49.32
and,and,49.549999,49.709998999999996
she’s,she's,49.71,49.87
gone,gone,49.87,50.15
with,with,50.16,50.29
the,the,50.29,50.339999999999996
plane,plane,50.34,50.64
Um,um,50.969999,51.479999
I,i,52.809999000000005,52.909999000000006
don’t,don't,52.91,53.05
think,think,53.049999,53.289999
the,the,53.299999,53.569999
sentence,sentence,53.59,53.93000000000001
ends,ends,53.959998999999996,54.299999
you,you,54.299999,54.389999
know,know,54.4,54.51
functioning,functioning,54.510000000000005,54.93000000000001
properly,properly,54.93,55.45
have,have,55.46,55.61
a,a,55.61,55.65
great,great,55.65,55.89
jump,jump,55.89,56.15
Um,um,57.34,57.86000000000001
I,i,57.87,57.919999999999995
think,think,57.93,58.1
it,it,58.1,58.190000000000005
ends,ends,58.19,58.53
worse,worse,58.56,59.18
Um,um,59.39,59.9
I,i,59.9,59.94
don’t,don't,59.94,60.04
know,know,60.04,60.14
a,a,60.14,60.2
lot,lot,60.2,60.370000000000005
about,about,60.37,60.54
skydiving,skydiving,60.54,61.14
but,but,61.45,61.88
um,um,61.88,62.21
I,i,62.230000000000004,62.290000000000006
would,would,62.29,62.449999999999996
think,think,62.46,62.910000000000004
that,that,62.929999,63.229999
you,you,63.26,63.41
know,know,63.41,63.68
a,,,
a,a,63.69,64.08
working,working,64.09,64.46000000000001
chute,<unk>,64.469999,64.749999
lends,lends,64.77,65.05
to,to,65.05,65.17999999999999
a,a,65.179999,65.239999
better,better,65.24,65.55999999999999
a,a,66.03999999999999,66.11999999999999
better,better,66.12,66.33
jump,jump,66.33,66.78999999999999
especially,especially,66.88,67.46
towards,towards,67.66,67.89999999999999
the,the,67.9,68.04
end,end,68.03999999999999,68.49999999999999
So,so,70.25,70.27
what,what,70.27,70.42
happened,happened,70.43,70.76
was,was,70.76,70.93
I,i,70.93,70.98
was,was,70.98,71.07000000000001
in,in,71.07,71.14999999999999
my,my,71.15,71.24000000000001
forties,forties,71.24,71.58999999999999
suddenly,suddenly,71.6,72.11
surprisingly,surprisingly,72.35,73.05999999999999
and,and,73.6,74.00999999999999
um,um,74.01,74.57000000000001
I,i,74.71,75.05
didn’t,didn't,76.2,76.37
want,want,76.37,76.5
to,to,76.5,76.52
be,be,76.52,76.63
one,one,76.63,76.72999999999999
of,of,76.73,76.82000000000001
those,those,76.82,76.96
kind,kind,76.96,77.14
of,of,77.14,77.36
uh,uh,77.36,77.7
midlife,midlife,77.71,78.08
crisis,crisis,78.08,78.46
guys,guys,78.46,78.72999999999999
who,who,78.73,78.81
runs,runs,78.81,79.08
out,out,79.08,79.21
and,and,79.21,79.30999999999999
gets,gets,79.31,79.46000000000001
a,a,79.46,79.52
convertible,convertible,79.52,80.16
Besides,besides,81.03,81.59
who,who,81.599999,81.749999
needs,needs,81.75,81.96
two,two,81.96000000000001,82.11000000000001
convertibles,convertibles,82.11,82.92999999999999
And,and,84.74,85.11999999999999
I,i,86.759999,87.10999899999999
um,um,87.11,87.69
you,you,87.78999999999999,87.94999999999999
know,know,87.95,88.24000000000001
I,i,88.25,88.32
had,had,88.32,88.41999999999999
already,already,88.42,88.63
gotten,gotten,88.629999,88.809999
divorced,divorced,88.809999,89.20999900000001
so,so,89.209999,89.30999899999999
that,that,89.309999,89.449999
was,was,89.44999899999999,89.58999899999999
already,already,89.59,89.79
checked,checked,89.789999,90.16999899999999
off,off,90.17,90.55
Uh,uh,91.53,91.96000000000001
but,but,92.28,92.38
I,i,92.38,92.44
needed,needed,92.44,92.63
to,to,92.64,92.73
do,do,92.73,92.9
something,something,92.9,93.39
so,so,93.39,93.49
I,i,93.49,93.53999999999999
went,went,93.54,93.74000000000001
to,to,93.74,93.83
like,like,93.83,93.99
cliche,cliche,93.99,94.42999999999999
number,number,94.43,94.69000000000001
three,three,94.69,95.11
and,and,95.45,95.63000000000001
I,i,95.63,95.69
drive,drive,95.69,96.07
upstate,upstate,96.09,96.61
to,to,96.62,96.76
this,this,96.76,97.26
skydiving,skydiving,97.32,98.03999999999999
academy,academy,98.03999999999999,98.72
uh,uh,99.86,100.15
near,near,100.15,100.37
Albany,albany,100.37,100.86
for,for,100.9,101.03
my,my,101.03,101.18
meeting,meeting,101.179999,101.66999899999999
with,with,101.679999,102.08999899999999
um,um,102.13,102.25999999999999
my,my,102.3,102.41
meeting,meeting,102.41,102.71
with,with,102.71000000000001,102.92
um,um,102.96000000000001,103.23
Annette,annette,103.27,103.88
the,the,103.95,104.34
school’s,school's,104.36,104.94
bare,bare,105.179999,105.38999899999999
bellied,bellied,105.389999,105.779999
khaki,khaki,105.78,106.06
shorted,<unk>,106.07,106.44
you,you,106.48,106.58
know,know,106.58,106.7
tan,tan,106.69999899999999,106.99999899999999
shouldered,<unk>,107.01,107.48
senior,senior,107.66,108.28999999999999
instructor,instructor,108.48,108.99000000000001
She,she,109.01,109.08
was,was,109.08,109.16
nineteen,nineteen,109.16,109.47999999999999
years,years,109.48,109.7
old,old,109.7,109.97
Um,um,111.65,112.26
um,um,112.61,113.17
she,she,113.19,113.56
was,was,113.56,113.73
like,like,113.73,113.9
petite,petite,114.69000000000001,114.98
I,i,115.15,115.23
could,could,115.23,115.35000000000001
have,have,115.35,115.44
folded,folded,115.44,115.74
her,her,115.74,115.82
up,up,115.82,115.94
and,and,115.94,116.02
put,put,116.02,116.13
her,her,116.13,116.19999999999999
in,,,
my,my,116.26,116.38000000000001
pocket,pocket,116.38,116.72999999999999
She,she,116.73,116.83
looked,looked,116.83,116.98
like,like,116.98,117.06
a,,,
a,a,117.059999,117.14999900000001
lowercase,<unk>,117.15,117.94000000000001
i,i,117.98,118.24000000000001
with,with,118.24,118.39999999999999
a,a,118.4,118.46000000000001
smiley,smiley,118.46000000000001,118.81
face,face,118.809999,119.059999
dot,dot,119.059999,119.31999900000001
for,for,120.52,120.69
a,a,120.69,120.73
head,head,120.73,121.14
which,which,121.309999,121.50999900000001
made,made,121.509999,121.71999899999999
me,me,121.719999,121.859999
feel,feel,121.86,122.09
like,,,
a,a,122.09,122.25
capital,capital,122.25,122.68
O,o,122.679999,122.909999
standing,standing,122.91,123.34
next,next,123.339999,123.559999
to,to,123.559999,123.64999900000001
her,her,123.65,123.91000000000001
Um,um,124.24,124.66
but,but,124.66,124.81
she,she,124.809999,124.879999
was,was,124.879999,125.019999
a,a,125.029999,125.03999900000001
professional,professional,125.039999,125.689999
so,so,125.779999,125.919999
the,the,125.92,126.01
first,first,126.01,126.23
thing,thing,126.23,126.35000000000001
she,she,126.35,126.44999999999999
did,did,126.45,126.60000000000001
was,was,126.6,126.69999999999999
shake,shake,126.7,126.94
my,my,126.94,127.07
hand,hand,127.07,127.38
but,but,127.38,127.47
then,then,127.47,127.57
she,she,127.57,127.67999999999999
put,put,127.68,127.82000000000001
her,her,127.82,127.92999999999999
arm,arm,127.93,128.20000000000002
through,through,128.2,128.54999999999998
mine,mine,128.57,129.01999999999998
and,and,129.25,129.44
squeezed,squeezed,129.44,129.89
it,it,129.89,130.01
a,a,130.02,130.09
little,little,130.09,130.28
bit,bit,130.28,130.5
and,and,130.75,130.94
said,said,130.94,131.16
This,this,131.2,131.31
is,is,131.31,131.45
going,going,131.45,131.56
to,to,131.56,131.59
be,be,131.59,131.75
awesome,awesome,131.78,132.26
And,and,133.84,133.99
then,then,133.99,134.08
she,she,134.08,134.22
led,led,134.22,134.41
me,me,134.41,134.52
into,into,134.52,134.66
the,the,134.66,134.79
office,office,134.79,135.17999999999998
which,which,135.179999,135.379999
looked,looked,135.38,135.59
like,like,135.59,135.69
it,,,
had,,,
been,,,
kind,kind,136.03,136.19
of,of,136.19,136.47
delivered,delivered,136.51,137.14999999999998
on,on,137.19,137.52
the,the,137.52,137.59
back,back,137.599999,137.76999899999998
of,of,137.77,137.86
a,a,137.86,137.94000000000003
flatbed,flatbed,137.94,138.37
truck,truck,138.37,138.76
and,and,139.0,139.37
um,um,139.37,139.84
like,like,139.849999,140.029999
they,they,140.03,140.14000000000001
dropped,dropped,140.139999,140.419999
it,it,140.42,140.5
on,on,140.5,140.6
its,its,140.599999,140.749999
corner,corner,140.75,141.12
when,when,141.12,141.27
they,they,141.27,141.35000000000002
unloaded,unloaded,141.349999,141.829999
it,it,141.83,142.01000000000002
We,we,142.35,142.48999999999998
go,go,142.49,142.51000000000002
inside,inside,142.51,142.85
the,the,142.85,142.87
office,office,143.27,143.66
and,and,143.68,143.92000000000002
the,the,143.92000000000002,144.01000000000002
first,first,144.01,144.20999999999998
thing,thing,144.209999,144.349999
she,she,144.35,144.48999999999998
says,says,144.49,144.75
is,is,144.75,144.97
that,that,145.03,145.17
I,i,145.17000000000002,145.20000000000002
have,have,145.2,145.35999999999999
pretty,pretty,145.36,145.63000000000002
eyes,eyes,145.63,146.10999999999999
and,and,147.62,147.79
then,then,147.79,147.89
she,she,147.89,148.04
hands,hands,148.04,148.26
me,me,148.26,148.35999999999999
the,the,148.36,148.45000000000002
liability,liability,148.45,149.13
waiver,waiver,149.13,149.56
Um,um,150.83,151.32000000000002
it,it,152.72,152.89
was,was,152.889999,153.249999
an,an,153.37,153.5
extremely,extremely,153.5,154.08
Darwinian,darwinian,154.08,154.8
moment,moment,154.809999,155.259999
for,for,155.27,155.55
me,me,155.55,155.79000000000002
uh,uh,155.84,156.28
because,because,156.34,156.45000000000002
what,what,156.45,156.54999999999998
I,i,156.55,156.59
should,should,156.599999,156.719999
have,have,156.719999,156.839999
done,done,156.84,156.99
was,was,156.99,157.12
you,you,157.16,157.23
know,know,157.23,157.42
drive,drive,157.57,158.37
away,away,158.37,158.84
and,and,158.839999,158.969999
do,do,158.969999,159.099999
something,something,159.099999,159.419999
I,i,159.42,159.45999999999998
was,was,159.46,159.57000000000002
more,more,159.57,159.73
well,well,159.73,159.89999999999998
adapted,adapted,159.9,160.38
to,to,160.379999,160.449999
doing,doing,160.449999,160.819999
like,like,160.82,161.01
you,you,161.029999,161.13999900000002
know,know,161.139999,161.23999899999998
driving,driving,161.24,161.79000000000002
But,but,162.37,162.72
I,i,162.9,163.38
um,um,163.42,164.01999999999998
um,um,164.12,164.53
I,i,164.66,164.85999999999999
signed,signed,164.86,165.36
it,it,165.36,165.57000000000002
because,because,165.57,166.2
uh,uh,166.24,166.41
she,she,166.41,166.66
told,told,166.66,166.88
me,me,166.88,166.99
I,i,166.99,167.0
had,had,167.01,167.17999999999998
pretty,pretty,167.18,167.45000000000002
eyes,eyes,167.45,167.85999999999999
But,but,168.65,168.8
I,i,168.8,168.84
wanted,wanted,168.84,169.14000000000001
her,her,169.14,169.23
to,to,169.23,169.32
know,know,169.32,169.47
that,that,169.47,169.56
I,,,
was,was,169.65,169.78
more,more,169.78,170.03
than,than,170.03,170.17
just,just,170.17,170.32
a,a,170.32,170.35
pair,pair,170.349999,170.48999899999998
of,of,170.49,170.56
pretty,pretty,170.61,170.81
eyes,eyes,170.809999,171.35999900000002
uh,uh,171.41,171.76
that,that,171.78,171.96
I,i,171.96,172.02
you,you,172.02,172.18
know,know,172.179999,172.299999
had,had,172.309999,172.599999
the,the,172.61,172.76000000000002
right,right,172.76,173.01999999999998
stuff,stuff,173.03,173.58
So,so,173.62,173.96
I,i,174.559999,174.679999
sign,sign,174.679999,174.989999
it,it,174.99,175.21
and,and,175.27,175.49
then,then,175.49,175.74
uh,uh,175.74,175.91
she,she,175.98,176.04999999999998
takes,takes,176.049999,176.239999
me,me,176.24,176.4
back,back,176.429999,176.739999
outside,outside,176.759999,177.319999
and,and,177.32,177.45
while,while,177.45,177.70999999999998
the,the,177.719999,177.889999
pilot,pilot,177.9,178.39000000000001
and,and,178.41,178.64
I,,,
don’t,,,
know,know,178.82999999999998,178.98999999999998
his,his,178.99,179.14000000000001
homeroom,<unk>,179.139999,179.609999
teacher,teacher,179.65,180.13
are,are,180.299999,180.40999900000003
playing,playing,180.41,180.7
hacky,<unk>,180.71,181.08
sack,sack,181.09,181.55
out,out,182.11,182.45000000000002
on,on,183.45,183.60999999999999
the,the,183.61,183.72000000000003
runway,runway,183.72,184.35
uh,uh,186.18,186.5
she,she,186.73,187.01
says,says,187.02,187.32000000000002
we’re,we're,187.32,187.44
going,going,187.44,187.53
to,to,187.53,187.61
start,start,187.62,188.06
with,with,188.099999,188.369999
the,the,188.389999,188.61999899999998
landing,landing,188.65,189.23000000000002
because,because,189.23,189.48
that’s,that's,189.48,189.73
the,the,189.73,189.86999999999998
important,important,189.87,190.34
part,part,190.38,190.79
And,and,191.19,191.3
then,,,
she,she,191.38,191.49
pokes,pokes,191.49,191.68
me,me,191.679999,191.809999
in,,,
the,the,191.82,191.91
ribs,ribs,191.91,192.35999999999999
and,and,192.599999,192.79999899999999
she,she,192.799999,192.94999900000002
says,says,192.95,193.33999999999997
you,you,193.34,193.45000000000002
know,know,193.45,193.57999999999998
it’s,it's,193.59,193.66
not,not,193.66,193.79
the,the,193.79,193.87
fall,fall,193.87,194.16
that,that,194.17,194.32
gets,gets,194.32,194.57
you,you,194.57,194.79999999999998
it’s,it's,194.799999,194.91999900000002
the,the,194.92,195.04
sudden,sudden,195.04,195.35999999999999
stop,stop,195.36,195.85000000000002
And,and,195.849999,195.98999899999998
she,she,195.99,196.13
giggles,giggles,196.129999,196.51999899999998
because,because,196.52,196.76000000000002
it’s,it's,196.76,196.92
a,a,196.92000000000002,197.02
joke,joke,197.02,197.58
Not,not,198.16,198.48
the,the,198.48,198.57999999999998
funniest,funniest,198.58,198.98000000000002
joke,joke,198.98,199.29999999999998
I’ve,i've,199.35,199.51
ever,ever,199.51,199.69
heard,heard,199.69,200.03
She,she,201.04,201.25
kicks,kicks,201.25,201.5
over,over,201.5,201.73
a,a,201.73,201.79999999999998
blue,blue,201.8,202.25
plastic,plastic,202.27,202.78
milk,milk,202.8,203.06
crate,crate,203.06,203.36
about,about,203.39,203.61999999999998
a,a,203.62,203.69
about,,,
a,a,204.08,204.09
foot,foot,204.09,204.35
tall,tall,204.35,204.76
and,and,204.77,204.8
she,she,204.83,204.94000000000003
tells,tells,204.94,205.07999999999998
me,me,205.08,205.15
to,to,205.35,205.48
hop,hop,205.48,205.76
up,up,205.76,206.06
and,and,206.45,206.64999999999998
she,she,206.65,206.8
tells,tells,206.8,207.08
me,me,207.08,207.3
uh,uh,207.349999,207.51999899999998
to,to,207.55,207.68
jump,jump,207.679999,207.94999900000002
off,off,207.969999,208.159999
of,of,208.16,208.29
it,it,208.29,208.57999999999998
and,and,208.74,208.87
I,i,208.87,208.96
jump,jump,208.98,209.2
off,off,209.21,209.39000000000001
of,of,209.389999,209.509999
it,it,209.509999,209.689999
and,and,209.86,210.0
my,my,210.0,210.09
feet,feet,210.09,210.36
raise,raise,210.36,210.72000000000003
these,these,210.719999,210.919999
two,two,210.929999,211.10999900000002
little,little,211.11,211.31
kind,kind,211.309999,211.489999
of,of,211.49,211.62
dust,dust,211.639999,211.889999
clouds,clouds,211.92,212.39
like,like,212.389999,212.599999
Neil,neil,212.599999,212.899999
Armstrong,armstrong,212.9,213.69
And,and,214.209999,214.66999900000002
she,she,214.690001,214.880001
gives,gives,214.879999,215.029999
me,me,215.029999,215.119999
the,the,215.119999,215.239999
thumbs,thumbs,215.24,215.54000000000002
up,up,215.539999,215.76999899999998
like,like,215.789999,216.039999
I’ve,i've,216.039999,216.169999
got,got,216.17000000000002,216.32000000000002
the,the,216.32999999999998,216.45
right,right,216.45,216.66
stuff,stuff,216.66,217.22
And,and,218.53,218.75
then,then,218.75,219.03
she,she,219.04,219.31
says,says,219.31,219.58
We’re,we're,219.58,219.67000000000002
going,going,219.67,219.76
to,to,219.76,219.82999999999998
do,do,219.83,220.0
a,a,220.0,220.02
I’m,,,
going,,,
to,to,220.48,220.5
teach,teach,220.5,220.67
you,you,220.67,220.72
how,how,220.72,220.8
to,to,220.8,220.87
do,do,220.87,221.08
a,,,
a,a,221.13,221.28
drop,drop,221.28,221.52
and,and,221.52,221.63000000000002
roll,roll,221.63,222.07
which,which,222.5,222.67
is,is,222.67,222.75
this,this,222.75,222.83
maneuver,maneuver,222.89,223.22
you,you,223.22,223.32
do,do,223.32,223.48
when,when,223.48,223.6
you,you,223.6,223.7
land,land,223.7,224.23
it’s,it's,224.24,224.42000000000002
where,where,224.42,224.48999999999998
you,you,224.49,224.77
basically,basically,224.78,225.34
it’s,it's,225.34,225.44
what,what,225.44,225.53
it,it,225.53,225.59
sounds,sounds,225.59,225.83
like,like,225.83,225.98000000000002
You,you,225.98,226.04999999999998
drop,drop,226.05,226.35000000000002
and,and,226.349999,226.459999
you,you,226.46,226.52
roll,roll,226.52,226.82000000000002
same,same,226.84,227.01
thing,thing,227.01,227.13
you,you,227.13,227.26
would,,,
do,do,227.259999,227.359999
if,if,227.36,227.44000000000003
you,you,227.44,227.5
were,were,227.5,227.58
on,on,227.58,227.72
fire,fire,227.74,228.29000000000002
And,and,229.04,229.19
she,she,229.19,229.60999999999999
she,she,229.83,230.09
demonstrates,demonstrates,230.09,230.72
it,it,230.719999,230.889999
uh,uh,230.92,231.22
for,for,231.27,231.68
me,me,231.679999,231.819999
like,like,231.82,232.01
you,,,
know,,,
a,a,232.01,232.06
Romanian,romanian,232.26,232.78
gymnast,gymnast,232.779999,233.38999900000002
and,and,233.84,234.1
she,she,234.109999,234.26999899999998
says,says,234.27,234.64000000000001
you,you,234.65,234.75
know,know,234.75,234.89
Okay,okay,234.89,235.04999999999998
y,y,235.05,235.07000000000002
you,you,235.08,235.33
try,try,235.33,235.59
it,it,235.59,235.70000000000002
now,now,235.7,236.01999999999998
And,and,236.06,236.32
uh,uh,236.32,236.45
she,she,236.46,236.82000000000002
helps,helps,236.83,237.06
me,me,237.06,237.16
back,back,237.16,237.34
up,up,237.34,237.45000000000002
onto,onto,237.45,237.56
the,the,237.56,237.65
box,box,237.65,237.88
she,she,237.88,238.0
says,says,238.0,238.23
Just,just,238.24,238.42000000000002
hop,hop,238.42,238.67
on,on,238.67,238.78
the,the,238.78,238.89000000000001
bus,bus,238.89,239.17
Gus,gus,239.17,239.67999999999998
And,and,242.15,242.74
I,i,242.809999,242.939999
think,think,242.94,243.2
nice,nice,243.2,243.54
we,we,243.54,243.69
have,have,243.69,243.84
something,something,243.84,244.19
in,in,244.19,244.32
common,common,244.32,244.82
you,you,244.83,244.95000000000002
know,know,244.95,245.23999999999998
her,her,246.17,246.32
parents,parents,246.32,246.81
or,or,246.809999,246.879999
her,her,246.88,247.03
grandparents,grandparents,247.03,247.77
were,were,247.77,247.94
fans,fans,247.94,248.46
of,of,248.48,248.78
uh,uh,248.78,249.02
Paul,paul,249.049999,249.47999900000002
Simon,simon,249.62,250.23000000000002
So,so,253.02,253.73000000000002
I,i,253.77,254.20000000000002
um,um,254.25,254.83
get,get,254.85,255.01
up,up,255.01,255.07999999999998
on,on,255.08,255.16000000000003
the,the,255.16,255.24
box,box,255.24,255.88
hold,hold,256.81,257.06
onto,onto,257.06,257.27
her,her,257.27,257.33
shoulder,shoulder,257.33,257.69
to,to,257.69,257.78
steady,steady,257.78,258.08
myself,myself,258.08,258.49
and,and,258.5,258.67
because,because,258.67,258.89000000000004
I,i,258.89,258.96
just,just,258.96,259.10999999999996
wanted,wanted,259.11,259.26
to,to,259.26,259.31
hold,hold,259.31,259.47
onto,onto,259.47,259.63000000000005
her,her,259.63,259.65999999999997
shoulder,shoulder,259.66,260.09000000000003
and,and,260.41,260.92
um,um,260.97,261.32000000000005
I,i,261.34,261.45
say,say,261.45,261.86
I,i,261.91,262.06
am,am,262.059999,262.169999
a,a,262.17,262.24
rock,rock,262.24,262.61
and,and,262.67,262.84000000000003
I,i,262.84,262.9
drop,drop,262.9,263.23999999999995
like,like,263.259999,263.489999
a,a,263.49,263.56
stone,stone,263.58,263.94
And,and,266.71,267.07
she,she,267.07,267.55
just,just,267.57,267.83
giggles,giggles,267.92,268.75
adorably,<unk>,268.76,269.52
and,and,270.209999,270.529999
helps,helps,270.529999,270.819999
me,me,270.82,271.0
up,up,271.01,271.45
and,and,271.52,271.74
as,as,271.74,271.84000000000003
she’s,she's,271.84,272.03
picking,picking,272.03,272.26
the,the,272.26,272.34999999999997
gravel,gravel,272.35,272.79
out,out,272.8,272.91
of,of,272.91,273.06
the,the,273.06,273.13
palms,palms,273.13,273.54
of,of,273.54,273.6
my,my,273.63,273.84
hands,hands,273.84,274.54999999999995
she,she,274.85,275.0
says,says,275.0,275.27
That’s,that's,275.35,275.59000000000003
pretty,pretty,275.6,275.81
much,much,275.81,276.03000000000003
all,all,276.03,276.15
there,there,276.15,276.28
is,is,276.28,276.45
to,to,276.48,276.66
it,it,276.66,277.0
Which,which,278.429999,278.629999
would,would,278.63,278.68
be,be,278.69,278.8
true,true,278.8,279.16
if,if,279.179999,279.299999
she,she,279.3,279.40000000000003
were,were,279.4,279.5
teaching,teaching,279.5,279.81
me,me,279.809999,279.909999
to,to,279.91,280.03000000000003
jump,jump,280.03,280.29999999999995
off,off,280.3,280.47
of,of,280.469999,280.519999
a,a,280.52,280.54999999999995
milk,milk,280.559999,280.809999
crate,crate,280.82,281.27
I,i,283.46,283.59999999999997
could’ve,could've,283.599999,283.849999
gotten,gotten,283.849999,284.07999900000004
my,my,284.08,284.18
diploma,diploma,284.179999,284.679999
and,and,284.679999,284.789999
just,just,284.79,284.93
gone,gone,284.929999,285.159999
home,home,285.16,285.51000000000005
Um,um,286.08,286.71999999999997
for,for,286.799999,286.889999
the,the,286.889999,286.949999
next,next,286.949999,287.129999
two,two,287.15,287.34
hours,hours,287.34,287.84999999999997
uh,uh,287.91,288.12
we,we,288.119999,288.239999
kind,kind,288.24,288.42
of,of,288.42,288.49
gradually,gradually,288.51,289.09
raised,raised,289.09,289.75
the,the,289.75,289.85
diving,diving,289.86,290.33000000000004
platform,platform,290.33,291.08
the,the,291.08,291.19
you,you,291.24,291.35
know,know,291.35,291.47
the,the,291.47,291.58000000000004
practice,practice,291.58,292.0
platform,platform,292.01,292.55
from,from,292.55,292.68
this,this,292.68,292.84000000000003
milk,milk,292.84,293.04999999999995
crate,crate,293.06,293.33
to,to,293.34,293.45
a,a,293.45,293.52
kitchen,kitchen,293.52,293.85999999999996
chair,chair,293.86,294.18
to,to,294.18,294.28000000000003
an,an,294.28,294.34
aluminum,aluminum,294.34,294.81
uh,uh,295.24,295.41
kitchen,kitchen,295.43,295.79
dinette,<unk>,295.8,296.21000000000004
uh,uh,296.75,296.95
table,table,296.95,297.49
to,to,297.52,297.75
a,a,297.75,297.84
painter’s,<unk>,297.84,298.2
ladder,ladder,298.23,298.6
to,to,298.77,298.9
five,five,298.9,299.15999999999997
thousand,thousand,299.16,299.49
feet,feet,299.49,299.7
above,above,299.7,299.99
sea,sea,299.99,300.21000000000004
level,level,300.21,300.56
Um,um,301.469999,301.769999
up,up,302.03,302.14
in,in,302.139999,302.199999
the,the,302.2,302.31
plane,plane,302.309999,302.809999
uh,uh,302.86,303.06
she,she,303.089999,303.22999899999996
shows,shows,303.23,303.45000000000005
me,me,303.45,303.53999999999996
this,this,303.54,303.68
canvas,canvas,303.679999,303.96999900000003
strap,strap,303.98,304.33000000000004
which,which,304.34,304.46999999999997
is,is,304.46999900000003,304.58999900000003
called,called,304.59,304.79999999999995
a,a,304.799999,304.809999
static,static,304.82,305.36
line,line,305.359999,305.659999
it’s,it's,305.690001,305.72000099999997
attached,attached,305.71999900000003,306.049999
to,to,306.049999,306.119999
the,the,306.119999,306.21999900000003
plane,plane,306.22,306.52000000000004
and,and,306.53,306.65
it’s,it's,306.65,306.73999999999995
attached,attached,306.74,307.05
to,to,307.05,307.11
my,my,307.11,307.25
chute,<unk>,307.25,307.63
Um,um,307.97,308.25
it,it,308.27,308.38
will,will,308.38,308.55
open,open,308.55,308.79
my,my,308.79,308.90000000000003
chute,<unk>,308.9,309.09999999999997
automatically,automatically,309.1,309.87
when,when,309.92,310.07
I,i,310.07,310.14
jump,jump,310.15,310.37
out,out,310.37,310.57
so,so,310.57,310.71
I,i,310.71,310.78
won’t,won't,310.78,310.95
have,have,310.95,311.05
to,to,311.05,311.15000000000003
worry,worry,311.15,311.38
about,about,311.38,311.61
anything,anything,311.61,312.0
Um,um,312.47,313.04
and,,,
she,she,313.26,313.39
tugs,tugs,313.39,313.65999999999997
on,on,313.66,313.78000000000003
it,it,313.78,313.85999999999996
a,a,313.86,313.89
couple,couple,313.89,314.07
of,of,314.07,314.15
times,times,314.15,314.41999999999996
to,to,314.42,314.51
demonstrate,demonstrate,314.51,315.03
that,that,315.04,315.19
it,it,315.19,315.26
can,can,315.26,315.34
withstand,withstand,315.349999,315.879999
the,the,315.889999,316.009999
full,full,316.01,316.28999999999996
upper,upper,316.29,316.47
body,body,316.469999,316.74999899999995
strength,strength,316.75,317.1
of,of,317.099999,317.179999
a,a,317.179999,317.229999
teenage,teenage,317.23,317.76
girl,girl,317.96,318.41999999999996
And,and,322.699999,322.929999
then,then,322.93,323.24
she,she,323.289999,323.439999
puts,puts,323.440001,323.660001
one,one,323.66,323.87
hand,hand,323.869999,324.199999
on,on,324.199999,324.329999
either,either,324.33,324.53
of,of,324.53,324.61999999999995
my,my,324.62,324.74
cheeks,cheeks,324.74,325.34000000000003
leans,leans,325.52,325.77
in,in,325.77,325.89
close,close,325.89,326.31
stares,stares,326.32,326.7
in,in,326.7,326.9
through,through,326.91,327.22
you,you,327.22,327.33000000000004
know,know,327.33,327.46999999999997
through,through,327.47,327.79
the,the,327.79,327.92
fog,fog,327.92,328.40000000000003
in,in,328.4,328.48999999999995
my,my,328.49,328.64
orange,orange,328.64,328.97999999999996
goggles,goggles,328.98,329.49
that,that,329.95,330.09999999999997
I’m,i'm,330.1,330.25
wearing,wearing,330.31,330.86
and,and,330.93,331.14
says,says,331.14,331.33
Listen,listen,331.33,331.60999999999996
when,when,331.61,331.74
I,i,331.74,331.85
say,say,331.86,332.23
go,go,332.24,332.74
you,you,332.76,332.90999999999997
just,just,332.91,333.12
go,go,333.12,333.42
Don’t,don't,333.429999,333.699999
think,think,333.71,334.18
Um,um,334.67,335.05
she,she,335.059999,335.189999
says,says,335.19,335.82
If,if,335.87,336.02
you’re,,,
getting,,,
cold,cold,336.59,336.86999999999995
feet,feet,336.87,337.24
you,you,337.25,337.37
know,know,337.37,337.79
if,,,
you,you,338.219999,338.24999899999995
need,need,338.25,338.38
a,a,338.38,338.39
little,little,338.389999,338.579999
help,help,338.589999,338.949999
don’t,don't,339.009999,339.179999
be,be,339.19,339.27
embarrassed,embarrassed,339.27,340.09999999999997
everybody,everybody,340.15,340.58
you,you,340.59,340.69
know,know,340.690001,340.820001
gets,gets,340.82,341.05
like,like,341.049999,341.21999900000003
that,that,341.21999900000003,341.51999900000004
Um,um,341.879999,342.119999
I’ll,i'll,342.129999,342.259999
just,just,342.26,342.49
give,give,342.49,342.62
you,you,342.62,342.78000000000003
a,a,342.78,342.84
little,little,342.84,343.11999999999995
shove,shove,343.13,343.57
Um,um,344.47,344.92
and,and,346.19,346.33
then,then,346.33,346.41999999999996
she,she,346.42,346.57
says,says,346.57,347.02
Don’t,don't,347.1,347.34000000000003
worry,worry,347.34,347.71
I’ll,i'll,347.77,347.93
be,be,347.94,348.08
gentle,gentle,348.08,348.72999999999996
So,so,350.51,350.74
between,between,350.74,351.0
the,the,351.0,351.09
altitude,altitude,351.09,351.72999999999996
and,and,351.74,351.81
like,like,351.87,351.99
the,the,351.99,352.07
pillow,pillow,352.07,352.33
talk,talk,352.33,352.81
I,i,353.07,353.28
am,am,353.28,353.46
in,in,353.46,353.65999999999997
basically,basically,353.69,354.57
in,in,355.24,355.61
a,a,355.65,355.73999999999995
lovesick,<unk>,355.74,356.47
you,you,356.52,356.66999999999996
know,know,356.67,356.83000000000004
trance,trance,356.88,357.61
and,and,357.639999,357.78999899999997
I’ll,i'll,357.79,357.93
do,do,357.929999,358.179999
anything,anything,358.21999900000003,358.81999900000005
for,for,358.859999,359.049999
her,her,359.049999,359.359999
I,i,359.359999,359.439999
will,will,359.440001,359.640001
shoot,shoot,359.639999,360.019999
myself,myself,360.059999,360.569999
if,if,360.58,360.66999999999996
I,i,360.74,360.75
think,think,360.76,360.94
it,it,360.94,361.03
makes,makes,361.03,361.22999999999996
me,me,361.23,361.36
look,look,361.36,361.53000000000003
brave,brave,361.54,362.12
for,for,363.15,363.27
her,her,363.27,363.66999999999996
But,but,364.47,364.89000000000004
uh,uh,365.17,365.44
when,when,365.44,365.61
I,i,365.61,365.67
hop,hop,365.67,365.94
out,out,365.94,366.25
on,on,366.28,366.60999999999996
onto,onto,366.68,367.04
the,the,367.04,367.15000000000003
wing,wing,367.15,367.35999999999996
and,and,367.36,367.44
I,i,367.44,367.52
look,look,367.52,367.7
down,down,367.7,367.92
at,,,
all,,,
those,,,
like,like,368.25,368.36
pointy,pointy,368.61,369.07
steeples,<unk>,369.08,369.72999999999996
and,and,369.73,369.98
pine,pine,369.98,370.40000000000003
trees,trees,370.4,370.91999999999996
I,i,371.21,371.34
get,get,371.34,371.52
a,a,371.52,371.53
little,little,371.53,371.69
cold,cold,371.69,371.98
feet,feet,371.98,372.26
have,have,372.29,372.38
some,some,372.38,372.5
second,second,372.5,372.83
thoughts,thoughts,372.849999,373.159999
and,and,373.16,373.32000000000005
when,when,373.32,373.4
she,she,373.4,373.53
yells,yells,373.61,373.89
Go,go,374.42,375.13
uh,uh,375.41,375.58000000000004
I,i,375.63,375.74
say,say,375.74,375.93
Uh,uh,375.98,376.13
uh,,,
but,but,376.67,376.82
she,she,376.82,376.90999999999997
doesn’t,doesn't,376.91,377.09000000000003
hear,hear,377.09,377.31
me,me,377.309999,377.609999
and,and,377.779999,377.889999
she,she,377.889999,378.029999
actually,actually,378.029999,378.379999
says,says,378.39,378.74
Geronimo,<unk>,378.79,379.56
and,and,379.58,379.7
she,she,379.7,379.82
gives,gives,379.82,379.96999999999997
me,me,379.97,380.09000000000003
a,a,380.09,380.13
shove,shove,380.13,380.5
and,and,380.51,380.65
I’m,i'm,380.65,380.78999999999996
gone,gone,380.79,381.1
Um,um,382.22,382.69000000000005
and,and,382.7,382.81
I,i,382.81,382.88
look,look,382.88,383.05
up,up,383.05,383.28000000000003
and,and,383.28,383.36999999999995
I,i,383.37,383.44
just,just,383.46,383.63
see,see,383.63,383.86
her,her,383.86,383.99
terrified,terrified,383.99,384.5
eyes,eyes,384.52,385.03999999999996
and,and,385.05,385.17
that’s,that's,385.17,385.3
when,when,385.3,385.44
I,i,385.44,385.51
hear,hear,385.51,385.69
her,her,385.69,385.85
say,say,385.85,386.18
Wait,wait,386.2,386.46999999999997
wait,wait,386.47,386.71000000000004
your,your,386.71,386.87
chute,<unk>,386.88,387.35
It’s,it's,387.46,388.04999999999995
And,and,390.0,390.21
really,really,390.21,390.54999999999995
like,like,390.57,390.74
the,the,390.75,390.86
pathetic,pathetic,390.86,391.58000000000004
inadequacy,inadequacy,391.63,392.5
of,of,392.509999,392.639999
a,a,392.639999,392.679999
two,two,392.679999,392.96999900000003
hour,hour,392.969999,393.209999
skydiving,skydiving,393.219999,394.05999899999995
lesson,lesson,394.059999,394.579999
hits,hits,394.639999,394.989999
home,home,394.99,395.44
right,right,395.609999,395.889999
then,then,395.889999,396.089999
I,i,398.66,398.74
mean,mean,398.74,398.92
it,it,398.92,398.99
took,took,398.99,399.19
me,me,399.19,399.31
longer,longer,399.31,399.63
than,than,399.63,399.76
that,that,399.76,399.96
to,to,399.96,400.06
learn,learn,400.06,400.3
how,how,400.3,400.42
to,to,400.42,400.5
knit,knit,400.5,400.88
So,so,404.16,404.32000000000005
I’m,i'm,404.32,404.44
heading,heading,404.44,404.66
for,for,404.66,404.74
the,the,404.74,404.84000000000003
powerlines,<unk>,404.84,405.40999999999997
uh,uh,405.46,405.66999999999996
down,down,405.7,405.92
below,below,405.92,406.14000000000004
me,me,406.139999,406.339999
and,and,406.34,406.38
like,like,406.45,406.59
reflexing,<unk>,406.59,407.52
you,you,407.53,407.65999999999997
know,know,407.66,407.81
just,just,407.809999,407.989999
reflexively,<unk>,407.99,408.41
kind,kind,408.53,408.66999999999996
of,of,408.67,408.71000000000004
squeezing,squeezing,408.75,409.14
my,my,409.139999,409.249999
legs,legs,409.25,409.67
uh,uh,409.73,409.89000000000004
together,together,409.929999,410.309999
so,so,410.309999,410.409999
that,that,410.41,410.53000000000003
I,i,410.53,410.58
won’t,won't,410.58,410.78999999999996
die,die,410.799999,411.14999900000004
you,you,411.15,411.26
know,know,411.259999,411.369999
sliced,sliced,411.37,411.85
up,up,411.849999,411.96999900000003
the,the,411.969999,412.069999
middle,middle,412.07,412.38
like,like,413.1,413.26000000000005
a,a,413.26,413.34
couple,couple,413.34,413.65999999999997
of,of,413.66,413.8
flounder,flounder,414.109999,414.77999900000003
fillets,fillets,415.199999,415.59999899999997
And,and,416.6,416.85
I’m,i'm,416.85,417.0
just,just,417.0,417.23
like,like,417.23,417.44
praying,praying,417.45,418.2
my,my,418.2,418.33
life,life,418.33,418.63
doesn’t,doesn't,418.63,418.9
flash,flash,418.9,419.22999999999996
before,before,419.23,419.56
my,my,419.56,419.76
eyes,eyes,419.76,420.44
and,and,420.51,420.7
ruin,ruin,420.7,420.90999999999997
the,the,420.91,421.01000000000005
last,last,421.01,421.28
couple,couple,421.28,421.55999999999995
of,of,421.56,421.58
minutes,minutes,421.59,421.96999999999997
I,i,421.97,422.08000000000004
have,have,422.09,422.65999999999997
when,when,433.57,433.82
suddenly,suddenly,433.82,434.37
I,i,434.4,434.56
feel,feel,434.56,434.96
a,a,434.96,435.08
jolt,jolt,435.15,435.59999999999997
and,and,435.66,435.81
I’m,i'm,435.81,435.93
yanked,yanked,436.01,436.49
around,around,436.49,437.32
and,and,437.45,437.84
this,this,437.84,438.08
big,big,438.08,438.65999999999997
white,white,438.71,439.09999999999997
fluffy,fluffy,439.4,439.96
beautiful,beautiful,439.96,440.45
canopy,canopy,440.45,441.12
opens,opens,441.29,441.79
above,above,441.84,442.15
me,me,442.15,442.39
and,and,442.73,442.89000000000004
I’m,i'm,442.889999,443.059999
floating,floating,443.059999,443.709999
to,to,443.719999,443.829999
earth,earth,443.83,444.15
in,in,444.2,444.45
dead,dead,444.45,444.74
silence,silence,444.74,445.26
It,it,445.27,445.28999999999996
is,is,445.309999,445.519999
really,really,445.52,445.85999999999996
quiet,quiet,445.86,446.41
So,so,446.82,446.98
I,i,446.98,447.07
can,can,447.07,447.31
really,really,447.32,447.96
hear,hear,447.96,448.26
my,my,448.26,448.42
heart,heart,448.43,448.74
pounding,pounding,449.33000000000004,449.67
When,when,451.84,451.96999999999997
I,i,451.97,452.03000000000003
get,get,452.03,452.14
down,down,452.16,452.72
and,and,452.8,452.96000000000004
I,i,452.96,453.01
drag,drag,453.01,453.28
all,all,453.28,453.41999999999996
my,my,453.42,453.64000000000004
my,my,453.67,453.88
gear,gear,453.89,454.37
you,you,454.37,454.51
know,,,
the,,,
helmet,,,
and,,,
the,the,454.99,455.1
straps,straps,455.1,455.45000000000005
and,and,455.45,455.49
the,,,
chute,,,
you,you,455.66,455.85
know,know,455.97,456.05
through,through,456.05,456.23
this,,,
the,the,456.84,457.10999999999996
onion,onion,457.14,457.52
field,field,457.52,458.10999999999996
back,back,458.19,458.46
over,over,458.46,458.63
to,to,458.63,458.74
the,the,458.74,458.87
office,office,458.87,459.44
Annette,annette,460.28,460.57
is,is,460.59,460.71999999999997
already,already,460.719999,460.90999899999997
there,there,460.91,461.06
waiting,waiting,461.059999,461.329999
for,for,461.33,461.51
me,me,461.509999,461.579999
and,and,461.58,461.63
she’s,she's,461.63,461.74
holding,holding,461.74,461.97
this,this,461.969999,462.089999
plastic,plastic,462.099999,462.44999900000005
cup,cup,462.46,462.60999999999996
with,with,462.61,462.68
the,the,462.679999,462.77999900000003
complimentary,complimentary,462.78,463.4
sparkling,sparkling,463.4,463.85999999999996
wine,wine,463.87,464.21
they,they,464.21,464.32
talked,talked,464.32,464.59999999999997
about,about,464.599999,464.929999
in,in,465.519999,465.619999
the,the,465.79,465.92
brochure,brochure,466.15,466.78
and,and,466.799999,466.949999
she's,she's,466.949999,467.189999
just,just,467.190001,467.420001
beaming,beaming,467.559999,468.339999
And,and,468.91,469.25
I,i,469.25,469.3
walk,walk,469.3,469.53000000000003
up,up,469.54,469.66
to,to,469.66,469.77000000000004
her,her,469.77,469.96999999999997
and,and,469.98,470.06
I,i,470.06,470.13
say,say,470.13,470.32
What,what,470.43,470.73
the,the,470.75,470.96
fuck,fuck,470.97,471.82000000000005
you,you,474.03,474.15999999999997
know,know,474.16,474.34000000000003
was,was,474.38,474.61
that,that,474.64,475.34
And,and,476.87,477.06
she,she,477.059999,477.21999900000003
giggles,giggles,477.22,477.82000000000005
and,and,478.24,478.62
she,she,478.67,478.83000000000004
says,says,478.83,479.03
You,you,479.33,479.46
know,know,479.46,479.76
you,you,479.809999,479.979999
seemed,seemed,479.98,480.27000000000004
like,like,480.27,480.39
a,a,480.389999,480.439999
cool,cool,480.44,480.77
guy,guy,480.77,481.27
so,so,482.059999,482.549999
I,i,482.58,482.65999999999997
wanted,wanted,482.66,482.92
you,you,482.92,483.06
to,,,
have,have,483.07,483.24
a,a,483.24,483.31
really,really,483.309999,483.579999
awesome,awesome,483.62,484.18
jump,jump,484.18,484.68
So,so,486.16,486.51000000000005
the,the,486.52,486.68
little,little,486.68,487.25
parachute,parachute,487.56,488.11
malfunction,malfunction,488.12,488.93
thing,thing,488.94,489.39
was,was,489.49,489.67
to,to,489.67,489.79
spike,spike,489.79,490.14000000000004
your,your,490.14,490.27
adrenaline,adrenaline,490.27,490.84
at,at,490.85,490.89000000000004
the,the,490.9,491.03999999999996
last,last,491.04,491.36
minute,minute,491.36,491.62
That’s,that's,495.65,495.98999999999995
what,what,495.99,496.17
I,i,496.17,496.33000000000004
said,said,496.349999,496.729999
And,and,499.24,499.45
so,so,499.45,499.59999999999997
I’m,i'm,499.599999,499.789999
like,like,499.79,499.99
staring,staring,500.24,500.79
at,at,500.79,501.08000000000004
her,her,501.08,501.21999999999997
trying,trying,501.219999,501.55999899999995
to,to,501.559999,501.659999
think,think,501.67,501.93
of,of,501.929999,502.079999
some,some,502.08,502.43
language,language,502.43,503.06
this,this,503.08,503.3
chick,chick,503.299999,503.669999
might,might,503.67,503.96000000000004
you,you,503.959999,504.059999
know,know,504.059999,504.179999
understand,understand,504.18,505.04
Um,um,505.66,506.37
you,you,506.42,506.55
know,know,506.55,506.88
do,do,506.88,507.0
you,you,507.0,507.09
have,have,507.09,507.22999999999996
any,any,507.23,507.36
idea,idea,507.36,507.57
how,how,507.57,507.71999999999997
how,how,507.78,507.92999999999995
dangerous,dangerous,507.94,508.57
how,how,508.57,508.69
terrifying,terrifying,508.69,509.3
how,how,509.3,509.44
illegal,illegal,509.44,509.99
that,that,509.99,510.2
probably,probably,510.2,510.71999999999997
was,was,510.72,511.43
And,and,512.27,512.59
she,she,512.59,512.6800000000001
says,says,512.679999,512.749999
Wait,wait,512.92,513.17
wait,wait,513.17,513.41
hey,hey,513.41,513.66
you,you,513.67,513.87
did,did,513.87,514.13
it,it,514.13,514.3
right,right,514.3,514.7299999999999
Before,before,515.2,515.51
it’s,it's,515.509999,515.659999
too,too,515.66,515.89
late,late,515.889999,516.389999
By,by,520.27,520.4499999999999
which,which,520.449999,520.749999
she,she,520.76,520.98
meant,meant,520.98,521.28
at,at,521.33,521.5300000000001
your,your,521.529999,521.769999
age,age,521.77,522.59
So,so,523.47,523.75
I’m,i'm,523.75,523.89
trying,trying,523.89,524.09
to,to,524.09,524.26
think,think,524.27,524.59
you,you,524.6,524.72
know,know,524.72,524.84
am,am,524.84,524.95
I,i,524.95,525.0300000000001
going,going,525.03,525.13
to,to,525.13,525.21
do,do,525.21,525.39
this,this,525.39,525.6
with,with,525.6,525.75
a,a,525.75,525.81
knife,knife,525.82,526.2
or,or,526.2,526.3000000000001
just,just,526.3,526.51
strangle,strangle,526.51,527.14
her,her,527.14,527.75
or,or,528.12,528.27
beat,beat,528.49,528.73
her,her,528.73,528.83
to,to,528.83,529.0
death,death,529.0,529.74
when,when,530.44,530.87
my,my,531.22,531.4200000000001
heart,heart,531.42,531.8399999999999
starts,starts,532.05,532.5
kind,kind,532.51,532.74
of,of,532.74,532.88
slowing,slowing,532.88,533.5
down,down,533.559999,534.139999
And,and,534.41,535.12
what,what,535.13,535.32
I,i,535.32,535.37
just,just,535.37,535.5600000000001
did,did,535.559999,535.779999
sort,sort,535.78,536.03
of,of,536.03,536.14
starts,starts,536.139999,536.399999
sinking,sinking,536.4,536.8299999999999
in,in,536.83,536.99
you,you,537.0,537.1
know,know,537.099999,537.209999
I,i,537.219999,537.319999
just,just,537.32,537.5600000000001
like,like,537.559999,537.7099989999999
fell,fell,537.71,537.94
out,out,537.94,538.1600000000001
a,a,538.24,538.35
mile,mile,538.35,539.0
out,out,539.029999,539.169999
of,of,539.17,539.3
the,the,539.299999,539.379999
sky,sky,539.379999,539.759999
on,on,539.98,540.16
purpose,purpose,540.199999,540.8099990000001
and,and,541.199999,541.249999
without,without,541.26,541.58
a,a,541.58,541.6500000000001
chute,<unk>,541.65,541.91
for,for,541.93,542.0699999999999
most,most,542.07,542.3100000000001
of,of,542.31,542.3699999999999
it,it,542.37,542.45
as,as,542.45,542.5300000000001
far,far,542.53,542.6899999999999
as,as,542.69,542.7800000000001
I’m,i'm,542.78,542.9499999999999
concerned,concerned,542.95,543.4100000000001
And,and,543.72,543.85
I,i,543.85,543.9200000000001
I,i,544.35,544.48
dropped,dropped,544.48,545.03
and,and,545.15,545.3299999999999
I,i,545.33,545.44
rolled,rolled,545.44,546.0300000000001
and,and,546.05,546.18
I,i,546.18,546.2399999999999
survived,survived,546.24,547.21
Um,um,547.66,548.0699999999999
and,,,
I,,,
think,,,
about,,,
the,the,548.48,548.54
little,little,548.54,548.7199999999999
joke,joke,548.72,549.03
that,that,549.04,549.18
she,she,549.179999,549.299999
told,told,549.3,549.53
me,me,549.53,549.67
earlier,earlier,549.67,550.0899999999999
how,how,550.09,550.24
it’s,it's,550.24,550.42
not,not,550.42,550.5999999999999
the,the,550.599999,550.6799990000001
fall,fall,550.679999,550.9599989999999
that,that,550.969999,551.119999
gets,gets,551.12,551.33
you,you,551.33,551.45
it’s,it's,551.45,551.51
the,the,551.509999,551.609999
sudden,sudden,551.61,551.91
stop,stop,551.91,552.3
And,and,552.309999,552.429999
I,i,552.429999,552.509999
think,think,552.52,552.63
you,you,552.639999,552.759999
know,know,552.759999,552.989999
maybe,maybe,553.38,553.64
she’s,she's,553.639999,553.829999
right,right,553.83,554.1700000000001
I’m,i'm,554.5,554.68
not,not,554.679999,554.8199989999999
going,going,554.82,554.9300000000001
to,to,554.929999,554.999999
stop,stop,555.0,555.33
that’s,that's,555.349999,555.579999
what,what,555.58,555.69
kills,kills,555.69,555.97
you,you,555.969999,556.199999
And,and,556.99,557.16
so,so,557.16,557.43
I,i,557.43,557.6999999999999
lock,lock,557.779999,558.239999
eyes,eyes,558.24,558.5
with,with,558.51,558.66
her,her,558.67,559.01
and,and,559.03,559.13
I,i,559.13,559.23
glare,glare,559.28,559.6999999999999
at,at,559.7,559.87
her,her,559.87,560.25
and,and,560.47,560.51
I,i,560.59,560.6600000000001
hope,hope,560.66,560.92
I’m,i'm,560.92,561.06
cute,cute,561.06,561.31
when,when,561.39,561.55
I’m,i'm,561.55,561.65
angry,angry,561.65,562.23
and,and,564.28,564.41
I,i,564.41,564.48
sign,sign,564.48,564.74
up,up,564.74,564.92
for,for,565.2,565.3000000000001
another,another,565.3,565.54
lesson,lesson,565.54,565.89
And,and,568.61,568.74
I,i,568.74,568.82
drive,drive,568.83,569.12
home,home,569.12,569.34
with,with,569.349999,569.4199990000001
the,the,569.42,569.4699999999999
top,top,569.469999,569.749999
down,down,569.789999,570.119999
Thank,thank,571.139999,571.379999
you,you,571.379999,571.419999
