Okay,okay,29.719999,29.759999
so,so,29.929999000000002,29.949999000000002
they,they,29.95,30.02
began,began,31.23,31.8
with,with,31.799999,32.019999
like,like,32.019999999999996,32.309999999999995
a,a,32.309999999999995,32.31999999999999
dream,dream,32.949999999999996,33.519999999999996
sequence,sequence,33.65,34.089999999999996
of,of,34.23,34.809999999999995
um,um,35.209998999999996,35.599999
a,a,35.619999,35.709999
shootout,shootout,35.709998999999996,36.389998999999996
It's,it's,36.43,36.57
during,during,36.799999,37.099999
the,the,37.1,37.2
day,day,37.25,37.7
It,it,38.12,38.269999999999996
looks,looks,38.459999999999994,38.66
like,like,38.66,38.709999999999994
its,,,
in,,,
a,a,39.28,39.34
grassy,grassy,39.34,39.85
field,field,39.91,40.26
with,with,40.26,40.4
some,some,40.65,40.93
sort,sort,40.94,41.16
of,of,41.16,41.36
disheveled,<unk>,42.06,42.45
like,like,42.76,43.04
half,half,43.31,43.620000000000005
decomposed,decomposed,43.62,44.22
building,building,44.22,44.79
Um,um,45.179999,45.589999
there's,,,
a,a,45.78,45.83
lot,lot,45.83,46.089999999999996
of,of,46.09,46.52
guys,guys,46.809999,47.229999
in,in,47.3,47.879999999999995
army,army,48.059999,48.459998999999996
gear,gear,48.55,48.959999999999994
um,um,48.980000000000004,49.25000000000001
shooting,shooting,49.259999,49.759999
It's,it's,50.179999,50.209999
very,very,50.389999,50.429999
chaotic,chaotic,50.429999,51.169999000000004
can't,,,
really,really,51.549999,51.889999
make,make,51.92,52.06
out,out,52.17,52.42
any,any,52.459998999999996,52.719998999999994
faces,faces,52.879999,53.039998999999995
or,or,53.309999000000005,53.64999900000001
really,really,53.889999,54.169999000000004
people,people,54.18,54.78
Um,um,55.63,56.260000000000005
and,and,56.56,56.72
then,then,56.72,56.9
so,so,56.93,57.31
that,that,57.33,57.8
uh,uh,58.14,58.44
cuts,cuts,58.49,58.760000000000005
out,out,58.76,58.91
really,really,58.91,59.06999999999999
quickly,quickly,59.07,59.75
and,and,59.91,59.94
you,,,
see,,,
this,,,
man,man,60.13,60.64
kind,,,
of,,,
like,like,61.11,61.41
start,start,61.44,61.83
out,out,61.93,62.06
of,of,62.059999,62.209998999999996
the,the,62.22,62.4
bed,bed,62.66,63.209999999999994
It’s,it's,63.26,63.29
dark,dark,63.29,63.62
Looks,looks,63.849999,64.069999
like,like,64.07,64.22999999999999
it’s,it's,64.38999999999999,64.41999999999999
the,the,64.41999999999999,64.43999999999998
middle,middle,64.43999999999998,64.77999999999999
of,of,64.77999999999999,64.80999999999999
the,the,64.80999999999999,64.85999999999999
night,night,64.85999999999999,64.91999999999999
or,or,65.09,65.14
something,something,65.139999,65.699999
And,and,66.309999,66.779999
um,um,66.78999999999999,67.47999999999999
so,so,67.91,67.92999999999999
he,he,68.589999,68.749999
just,just,68.75,68.9
kind,kind,68.92,69.08
of,of,69.08,69.14999999999999
sits,sits,69.30999999999999,69.38999999999999
up,up,69.58,69.69
and,,,
like,,,
sits,,,
there,there,70.74,71.14
like,like,72.11,72.26
heaving,<unk>,72.559999,72.639999
for,for,72.68,72.85000000000001
a,a,72.85,72.92999999999999
while,while,72.93,73.25
like,like,73.56,73.59
he,he,73.59,73.61
just,just,73.61,73.65
woke,woke,73.65,73.78
up,up,73.8,73.87
from,,,
a,a,74.11,74.12
nightmare,nightmare,74.12,74.52000000000001
which,which,74.52,74.7
is,is,74.7,74.87
what,what,75.15,75.38000000000001
we,we,75.38000000000001,75.55000000000001
assume,,,
that,that,75.84,76.02000000000001
dream,dream,76.05,76.28999999999999
was,was,76.29,76.52000000000001
Um,um,77.26,77.83000000000001
so,so,79.03000000000002,79.05000000000001
then,then,79.22,79.4
it,it,79.4,79.54
cuts,cuts,79.54,79.82000000000001
out,out,79.82,80.11999999999999
to,to,80.85,80.86999999999999
the,the,81.03999999999999,81.33999999999999
daytime,daytime,81.8,82.28999999999999
and,and,82.28999999999999,82.32
we,we,82.45,82.60000000000001
get,get,82.599999,82.80999899999999
like,like,82.809999,83.199999
an,an,83.42,83.44
image,image,83.44,83.58
of,of,83.58,83.74
his,his,83.74,84.08
apartment,apartment,84.5,85.16
and,and,85.16,85.55
kind,,,
of,,,
like,like,86.21000000000001,86.43
walking,walking,86.87,87.30000000000001
around,around,87.299999,87.589999
They,they,87.589999,87.689999
have,have,87.69,87.87
a,a,87.87,87.94
shot,shot,87.94,88.31
of,of,88.32,88.33999999999999
his,his,88.609999,88.879999
mug,mug,88.91,89.33
which,which,89.33,89.51
has,has,89.51,89.72
some,some,89.76,89.97
kind,kind,89.969999,90.199999
of,of,90.19999899999999,90.35999899999999
like,like,90.359999,90.679999
sign,sign,91.47,91.87
on,on,91.87,92.05000000000001
it,it,92.05,92.21
like,like,92.27,92.42999999999999
a,a,92.43,92.69000000000001
crest,crest,92.85000000000001,93.25000000000001
almost,almost,93.27000000000001,93.75000000000001
And,and,94.25000000000001,94.48000000000002
then,then,94.48000000000002,94.76000000000002
um,um,94.92000000000002,95.39000000000001
there's,there's,95.43,95.48000000000002
like,like,95.65,95.73
a,a,95.73,95.78
quick,quick,95.78,96.03
shot,shot,96.03,96.31
too,too,96.31,96.48
of,of,96.48,96.62
a,a,96.76,96.83
gun,gun,96.83,97.07
and,and,97.07,97.17999999999999
a,a,97.18,97.24000000000001
notebook,notebook,97.24,97.72999999999999
And,and,98.23,98.47
then,then,98.47,98.83
it,it,98.889999,99.159999
cuts,cuts,99.2,99.5
to,to,99.67,99.85000000000001
another,another,99.849999,100.22999899999999
clip,clip,100.23,100.51
of,of,100.51,100.57000000000001
the,the,102.059999,102.339999
same,same,102.38,102.64999999999999
man,man,102.66,102.94
sitting,sitting,102.969999,103.25999900000001
in,in,103.259999,103.41999899999999
front,front,103.45,103.73
of,of,103.74,104.00999999999999
what,what,104.009999,104.24999899999999
we,we,104.25,104.47
can,can,104.48,104.62
assume,assume,104.62,104.7
is,is,104.7,104.72
his,his,105.21000000000001,105.30000000000001
therapist,therapist,105.299999,105.769999
And,and,106.48,106.98
um,um,107.139999,107.889999
they’re,they're,108.7,108.92
talking,talking,108.98,109.76
She,she,110.32,110.39999999999999
says,says,110.4,110.75
something,something,110.76,111.17
about,,,
him,,,
still,still,111.57,111.75999999999999
having,having,111.76,112.0
trust,trust,112.0,112.33
issues,issues,112.33,112.78
and,and,112.78,113.08
or,or,113.4,113.5
no,no,113.5,113.79
she,she,113.99,114.21
writes,writes,114.21,114.57
that,that,114.59,114.93
and,and,114.95,115.11
then,then,115.11,115.44
he,he,115.72,116.17
reads,reads,116.32,116.58
it,it,116.58,116.7
upside,upside,116.7,116.93
down,down,116.98,117.27000000000001
and,and,117.27,117.53999999999999
asks,asks,117.77,118.07
her,her,118.13,118.39
like,like,118.389999,118.619999
about,about,118.639999,118.959999
writing,writing,118.96000000000001,119.27000000000001
that,that,119.28,119.55
and,and,119.57,119.77999999999999
then,then,119.78,120.0
um,um,120.009999,120.66999899999999
she,,,
confronts,<unk>,121.27,121.53999999999999
him,him,121.53999999999999,121.66
about,about,121.66,122.07
reading,reading,122.12,122.49000000000001
her,her,122.49,122.69999999999999
writing,writing,122.7,122.99000000000001
upside,upside,123.0,123.29
down,down,123.28999999999999,123.55999999999999
and,and,123.559999,123.81999900000001
it’s,,,
a,a,123.929999,123.94999899999999
very,very,123.95,124.15
tense,tense,124.15,124.36
situation,situation,124.359999,124.939999
And,and,126.66,126.85
then,then,126.85,127.16
um,um,127.19,127.56
that,that,127.56,127.84
immediately,immediately,127.87,128.41
cuts,cuts,128.43,128.72
out,out,128.72,129.01
and,and,129.39,129.92
we,we,130.13,130.68
see,see,131.32,131.48000000000002
a,a,132.07,132.15
blonde,blonde,132.62,133.05
woman,woman,133.05,133.64000000000001
Um,um,133.67,134.14999999999998
she's,she's,134.25,134.39
in,in,134.389999,134.509999
an,an,134.51,134.64999999999998
office,office,134.679999,134.999999
building,building,135.4,136.01000000000002
She's,she's,136.03,136.22
on,on,136.219999,136.349999
the,,,
phone,,,
with,with,136.74,136.85000000000002
a,a,136.849999,136.909999
man,man,136.91,137.45
And,and,138.05,138.53
um,um,138.54,139.09
we're,we're,139.09,139.25
not,not,139.25,139.59
sure,sure,139.59,139.81
what,what,139.809999,140.029999
the,the,140.03,140.19
relationship,relationship,140.19,140.81
is,is,140.809999,140.939999
between,between,141.389999,141.619999
her,her,142.07999999999998,142.24999999999997
and,and,142.25,142.36
the,the,142.369999,142.499999
man,man,142.5,142.91
but,but,143.65,144.05
uh,uh,144.109999,144.599999
she,she,144.849999,145.189999
tells,tells,145.199999,145.459999
him,,,
to,,,
get,get,145.73,145.92999999999998
a,a,145.93,145.96
taxi,taxi,145.96,146.44
home,home,146.44,146.82999999999998
And,and,148.39,148.54999999999998
then,then,148.55,148.91000000000003
um,um,148.95,149.78
right,,,
after,after,150.5,151.24
we,we,151.58,152.09
see,see,152.64000000000001,152.79
a,a,152.79,152.96
clip,clip,153.51,153.61
of,of,153.78,154.19
a,a,154.34,154.45000000000002
man,man,154.45,154.82999999999998
taking,taking,155.32,155.82
a,a,155.95,156.41
pill,pill,156.83,157.18
out,out,157.21,157.33
of,of,157.33,157.49
like,like,157.63,157.72
this,this,158.33,158.55
clear,clear,158.91,159.28
bottle,bottle,159.29000000000002,159.82000000000002
And,and,160.18,160.65
um,um,160.66,161.19
the,the,161.209999,161.35999900000002
pill,pill,161.359999,161.669999
is,is,161.67000000000002,161.9
white,white,161.91,162.35
with,with,162.35,162.62
red,red,162.73,163.10999999999999
dots,dots,163.25,163.58
on,on,163.58,163.72
it,it,163.72,163.93
And,and,164.29,164.54999999999998
the,the,165.32,165.52999999999997
the,the,165.71,166.0
scene,scene,166.56,166.83
is,is,166.83,166.85000000000002
pretty,,,
hazy,,,
so,,,
you're,you're,167.22,167.49
not,not,167.49,167.85000000000002
exactly,exactly,167.85,168.2
sure,sure,168.2,168.39
what's,what's,168.39,168.48999999999998
happening,happening,168.49,168.94
Looks,looks,169.24,169.5
like,like,169.5,169.6
he's,he's,169.79999999999998,169.87
in,in,170.01999999999998,170.2
some,some,170.29,170.47
sort,sort,170.48999999999998,170.53
of,of,170.7,170.89999999999998
uh,uh,172.05,172.4
building,building,172.41,172.77
though,though,172.77,172.92000000000002
like,like,172.92,173.13
right,right,173.13,173.29999999999998
up,up,173.3,173.49
against,against,173.49,173.74
the,the,173.74,173.86
edge,edge,173.86,174.13000000000002
in,in,174.13,174.26
like,like,174.259999,174.499999
a,a,174.79,174.89
glass,glass,174.889999,175.349999
elevator,elevator,175.4,176.11
or,or,176.11,176.19000000000003
some,some,176.19,176.5
small,small,176.54,176.85
confined,confined,176.849999,177.26999899999998
area,area,177.309999,177.759999
So,so,178.039999,178.159999
he’s,he's,178.589999,178.719999
shaking,shaking,179.04999899999999,179.469999
he,he,179.469999,179.589999
takes,takes,179.589999,179.859999
his,his,179.859999,179.919999
pill,pill,180.09,180.59
and,and,180.82,181.10999999999999
then,then,181.11,181.44000000000003
um,um,181.51000000000002,181.88000000000002
we,we,182.41,182.68
see,see,182.75,182.77
him,him,182.77,183.09
press,press,183.09,183.35
against,against,183.35,183.62
the,the,183.76,184.31
glass,glass,184.68,185.11
from,from,185.13,185.49
an,an,185.85,185.95
outside,outside,185.99,186.52
perspective,perspective,186.53,187.31
And,and,188.19,188.32
later,later,188.47,188.65
it,it,188.68,188.73999999999998
revealed,revealed,188.73999999999998,188.9
that,that,189.07,189.29999999999998
he,he,189.57,189.95999999999998
died,died,190.0,190.42
Um,um,191.02,191.36
and,and,191.37,191.48000000000002
it’s,it's,191.48,191.75
implied,implied,191.82,192.13
that,that,192.13,192.24
that,that,192.24,192.44
pill,pill,192.44,192.73
is,is,192.73,192.86999999999998
the,the,192.87,192.98000000000002
poison,poison,192.98,193.26999999999998
that,that,193.29,193.44
killed,killed,193.65,193.69
him,him,193.69,193.82
And,and,195.37,195.86
um,um,195.87,196.56
then,then,196.57999999999998,196.88
there's,there's,196.93,197.26000000000002
a,a,197.299999,197.59999900000003
quick,quick,197.67000000000002,198.11
scene,scene,198.57,198.79999999999998
where,where,199.61,200.38000000000002
uh,uh,201.23,201.78
someone,someone,201.82,202.32
I'm,i'm,202.93,203.08
not,not,203.08,203.32000000000002
sure,sure,203.32,203.57
who,who,203.57,203.82
it,it,203.82,203.98
was,was,203.98,204.32
was,was,204.66,204.96
saying,saying,205.06,205.57
um,um,205.62,206.06
this,,,
man,man,206.26,206.75
like,like,206.76,206.95999999999998
he,,,
was,,,
a,a,207.179999,207.189999
good,good,207.19,207.4
person,person,207.4,207.92000000000002
we're,we're,208.219999,208.389999
not,not,208.389999,208.569999
sure,sure,208.57,208.76
why,why,208.76,208.97
he,he,208.969999,209.099999
died,died,209.099999,209.609999
or,or,209.94,210.18
I,i,210.179999,210.239999
mean,mean,210.24,210.46
why,why,210.469999,210.709999
he,he,210.71,210.84
would,would,210.84,211.11
have,have,211.16,211.41
committed,committed,211.429999,211.769999
suicide,suicide,211.77,212.21
And,and,212.21,212.35
then,then,212.349999,212.48999899999998
the,the,212.49,212.66
blonde,blonde,212.67,212.95
woman,woman,212.95,213.19
who,who,213.19,213.47
spoke,spoke,213.509999,213.70999899999998
to,to,213.71,213.81
him,him,213.809999,213.949999
on,on,213.95,214.03
the,the,214.039999,214.129999
phone,phone,214.129999,214.309999
earlier,earlier,214.309999,214.789999
is,,,
seen,,,
in,in,215.48,215.57
the,the,215.57,215.66
background,background,215.66,216.27
crying,crying,216.27,216.75
And,and,216.76,216.79
then,then,217.96,218.41
we,we,218.8,218.94
cut,cut,218.94,219.18
to,to,219.21,219.38
another,another,219.48,219.76
scene,scene,219.81,220.01
of,,,
these,these,220.27,220.5
two,two,220.61,221.09
teenagers,teenagers,222.18,222.64000000000001
maybe,maybe,222.65,223.01000000000002
early,early,223.01,223.29
twenties,twenties,223.29,223.62
these,these,223.7,223.73
two,two,223.75,223.95
guys,guys,223.99,224.41
pretty,pretty,224.599999,224.779999
young,young,224.78,225.14000000000001
um,um,225.41,225.66
walking,walking,225.679999,226.029999
in,in,226.03,226.05
the,the,226.12,226.26
rain,rain,226.26,226.56
One,one,226.559999,226.699999
of,of,226.7,226.79999999999998
them,them,227.07,227.29999999999998
doesn't,doesn't,227.349999,227.649999
have,have,227.67,227.89999999999998
his,his,228.04999999999998,228.07999999999998
umbrella,umbrella,228.07999999999998,228.59999999999997
and,and,228.99,229.19
the,the,229.19,229.28
other,other,229.28,229.48
does,does,229.549999,229.90999900000003
And,and,229.91,229.94
it’s,it's,230.03,230.37
raining,raining,231.28,231.58
it’s,it's,231.58,231.74
dark,dark,231.77,231.95000000000002
it’s,it's,231.95000000000002,231.98000000000002
in,in,231.98000000000002,232.0
the,the,232.17000000000002,232.22000000000003
evening,evening,232.23,232.67999999999998
The,the,232.940001,233.050001
one,one,233.049999,233.269999
without,without,233.27,233.57000000000002
the,the,233.57,233.70999999999998
umbrella,umbrella,233.709999,234.19999900000002
tells,tells,234.379999,234.679999
his,his,234.76,234.85
friend,friend,234.85,235.1
I’m,i'm,235.11,235.21
gonna,gonna,235.21,235.37
go,go,235.37,235.51
back,back,235.51,235.82999999999998
and,and,235.86,236.16000000000003
get,get,236.22,236.38
my,my,236.38,236.5
umbrella,umbrella,236.5,236.81
because,because,236.97,237.02
it’s,it's,237.02,237.1
raining,raining,237.1,237.47
And,and,238.27,238.41
then,then,238.41,238.57
so,so,238.65,238.99
he,he,239.0,239.33
leaves,leaves,239.34,239.75
and,and,239.89,240.27999999999997
um,um,240.29,240.76
again,again,242.19,242.49
it’s,it's,242.49,242.74
kind,kind,243.08,243.24
of,of,243.24,243.39000000000001
unclear,unclear,243.389999,243.979999
exactly,exactly,243.99,244.3
what,what,244.309999,244.469999
happens,happens,244.469999,244.879999
But,but,244.889999,245.169999
the,the,245.389999,245.58999899999998
friend,friend,245.63,246.10999999999999
was,was,246.37,246.47
waiting,waiting,246.52,246.87
for,for,246.87,246.97
awhile,awhile,246.969999,247.419999
we,we,247.429999,247.659999
can,can,247.7,247.89999999999998
assume,assume,248.03999999999996,248.07999999999998
that,that,248.08999999999997,248.23
because,because,248.23,248.27999999999997
he,he,248.27999999999997,248.29999999999998
checks,checks,248.65999999999997,248.73
his,his,248.9,249.05
watch,watch,249.049999,249.31999900000002
a,a,249.32,249.32999999999998
couple,couple,249.52999999999997,249.60999999999999
times,times,249.60999999999999,249.98
and,and,250.379999,250.579999
then,then,250.57999999999998,250.92999999999998
uh,uh,250.949999,251.029999
the,the,251.039999,251.779999
guy,guy,252.24,252.74
the,the,253.28,253.67000000000002
same,same,254.60000000000002,254.78
bottle,,,
that,that,255.12,255.35
the,the,255.36,255.55
man,man,255.55,255.84
had,had,255.85,256.07
earlier,earlier,256.08,256.38
with,with,256.38,256.54
the,,,
pills,,,
in,in,256.94,257.09
it,it,257.09,257.27
that,that,257.51,257.69
appears,appears,257.69,258.04
again,again,258.04,258.28000000000003
and,and,258.28,258.30999999999995
we,we,259.69,259.71
assume,assume,259.71,260.10999999999996
that,that,260.11,260.41
the,the,260.42,261.0
um,um,261.03,261.64
that,that,261.69,261.87
the,the,261.87,262.15
guy,guy,263.07,263.34999999999997
who,who,263.349999,263.64999900000004
walked,walked,263.66,264.02000000000004
away,away,264.02,264.46999999999997
supposedly,supposedly,264.48,264.82
to,to,265.36,265.42
get,get,265.42,265.58000000000004
an,an,265.58,265.66999999999996
umbrella,umbrella,265.679999,266.14999900000004
took,took,266.70999900000004,266.739999
this,this,266.739999,266.76999900000004
pill,pill,267.089999,267.60999899999996
and,and,267.91,268.11
then,then,268.109999,268.489999
um,um,268.539999,269.00999900000005
died,died,269.17,269.53000000000003
Then,then,270.8,271.16
there,there,271.58,271.87
is,is,271.87,272.18
another,another,272.21,272.68
scene,scene,272.72,272.97
with,with,272.98,273.33000000000004
two,two,273.91,274.22
um,um,274.22,274.90000000000003
it,it,275.04,275.24
looks,looks,275.56,275.75
like,like,275.75,276.07
it’s,,,
in,in,276.37,276.47
a,a,276.47,276.54
club,,,
or,or,277.17,277.18
something,something,277.18,277.72
there’s,there's,277.77,277.99
a,a,277.99,278.14
bar,bar,278.19,278.68
A,a,279.03,279.13
woman,woman,279.13,279.52
walks,walks,279.52,279.79999999999995
out,out,279.83,279.99
of,of,279.99,280.2
the,the,280.36,280.99
club,club,281.27,281.60999999999996
dance,dance,281.639999,282.009999
floor,floor,282.059999,282.429999
area,area,282.44,283.0
and,and,283.23,283.26
says,,,
to,,,
a,a,283.74,283.75
man,man,283.75,284.13
Hey,hey,284.429999,284.759999
she's,she's,284.79,285.05
still,still,285.049999,285.26999900000004
dancing,dancing,285.27,285.89
if,if,285.889999,285.999999
you,you,286.0,286.1
can,can,286.1,286.24
call,call,286.27,286.52
it,it,286.52,286.65
that,that,286.65,286.97999999999996
Um,um,287.36999999999995,287.79999999999995
and,and,289.73999999999995,289.89
then,then,289.89,290.24999999999994
um,um,290.27,290.73999999999995
these,these,291.30999999999995,291.65999999999997
two,two,292.43999999999994,292.92999999999995
or,or,293.61,293.72
actually,actually,293.8,294.12
just,just,294.76,294.93
kidding,kidding,294.93,295.14
that’s,that's,295.14,295.3
the,the,295.3,295.48
end,end,295.48,295.69
of,of,295.69,296.03
those,those,296.44,296.78
two,two,296.98,297.0
characters,characters,297.0,297.48
And,and,297.48,297.57
then,then,297.7,297.79
uh,uh,298.4,298.7
we,we,298.7,298.89
see,see,298.889999,299.109999
the,the,299.11,299.24
woman,woman,299.24,299.52
assuming,assuming,300.469999,301.05999899999995
she’s,she's,301.66,301.86
the,the,301.87,302.01
one,one,302.009999,302.34999899999997
that,that,302.36,302.66
those,those,303.17,303.37
two,two,303.48,303.56
characters,characters,303.559999,303.909999
are,are,303.91,303.96000000000004
talking,talking,303.96,304.27
about,about,304.27,304.63
and,and,304.9,305.48999999999995
she,she,305.559999,306.119999
has,has,306.129999,306.589999
she,she,307.26,307.39
also,also,307.39,307.69
has,has,307.69,307.99
these,these,308.01,308.34999999999997
um,um,308.84,309.21
pills,pills,309.68,310.16
and,and,310.19,310.62
takes,takes,310.63,310.90999999999997
one,one,310.91,311.08000000000004
out,out,311.1,311.26000000000005
of,of,311.26,311.48
the,the,311.77,312.25
same,same,312.27,312.65999999999997
vial,vial,312.67,313.05
again,again,313.05,313.42
and,and,313.77,314.07
is,is,314.13,314.2
dead,dead,314.40999999999997,314.5
I,i,317.53,317.54
believe,believe,317.54,317.92
then,then,318.09,318.4
we,we,319.09,319.76
go,go,319.809999,320.199999
to,to,320.45,320.76
um,um,320.79,321.58000000000004
a,a,323.49000000000007,323.93000000000006
panel,panel,324.11,324.68
Uh,uh,325.01,325.68
it,,,
looks,,,
like,like,326.21,326.37
a,a,326.37,326.42
press,press,326.42,326.66
conference,conference,326.68,327.24
and,and,327.27,327.59
we're,we're,327.87,328.0
not,not,328.0,328.1
sure,sure,328.1,328.25
exactly,exactly,328.25,328.73
who,who,328.73,328.89000000000004
the,the,328.89,329.02
characters,characters,329.02,329.54999999999995
are,are,329.55,329.90000000000003
on,on,330.17,330.5
the,the,330.65,330.77
panel,panel,330.77,331.15
but,but,331.15,331.41999999999996
they,they,331.42,331.54
seem,seem,331.54,331.74
to,to,331.74,331.8
be,be,331.8,331.92
some,some,331.95000000000005,332.11
sort,sort,332.11,332.34000000000003
of,of,332.34000000000003,332.51000000000005
public,public,332.86,333.20000000000005
safety,safety,333.21000000000004,333.97
police,police,334.02000000000004,334.37
chief,chief,334.39000000000004,334.58000000000004
kind,kind,334.91,335.19
of,of,335.19,335.48
figures,figures,335.84,336.39
And,and,336.92,337.38
uh,uh,337.389999,337.97999899999996
there's,there's,338.02,338.53999999999996
pictures,pictures,338.759999,339.369999
of,of,339.4,339.57
the,the,339.57,340.04
three,three,340.459999,340.949999
suicide,suicide,341.369999,342.109999
victims,victims,342.279999,342.999999
um,um,343.45,344.08
as,as,344.18,344.39
a,a,344.39,344.47999999999996
backdrop,backdrop,344.49,345.64
There’s,there's,345.83,346.34999999999997
a,a,346.39,346.59
man,,,
and,,,
a,a,346.99,347.09000000000003
woman,woman,347.09,347.44
who,who,347.44,347.57
are,are,347.57,347.77
really,really,347.77,348.14
speaking,speaking,348.34,348.94
or,or,349.02,349.32
are,are,349.37,349.51
important,important,349.51,349.93
in,in,349.93,350.0
this,,,
scene,scene,350.139999,350.449999
The,the,350.46,350.59
man,man,350.61,350.92
is,is,350.929999,350.959999
mostly,,,
talking,talking,351.349999,352.07999900000004
He’s,he's,352.23,352.39000000000004
saying,saying,352.83,353.37
things,things,354.15,354.52
like,like,354.53,354.96
These,these,355.95,355.98999999999995
suicides,suicides,355.98999999999995,356.39
are,are,356.39,356.47999999999996
definitely,definitely,356.47999999999996,357.09999999999997
linked,linked,357.09999999999997,357.32
Uh,uh,357.889999,358.399999
It,it,358.46999900000003,358.599999
was,was,358.6,358.68
the,the,358.68,358.81
same,same,358.82,359.09
poison,poison,359.09,359.69
that,that,359.73,360.19
killed,killed,360.25,360.59
all,all,360.6,360.88
of,of,360.88,361.04
them,them,361.04,361.31
Um,um,361.53,362.19
the,the,363.57,363.66
uh,uh,363.67,364.98
he,he,365.58,365.73
does,does,365.73,365.94
say,say,365.94,366.03
some,some,366.2,366.40999999999997
things,things,366.41,366.75
though,though,366.75,367.09
he,he,367.1,367.23
says,says,367.23,367.64000000000004
I,i,367.68,367.78000000000003
believe,believe,367.78,368.15
um,um,368.5,368.97
like,like,369.82,370.07
We,,,
have,have,370.16,370.37
our,our,370.37,370.42
best,best,370.42,370.62
people,people,370.62,370.87
on,on,370.87,370.99
the,the,370.99,371.08
team,team,371.08,371.44
and,and,371.45,371.61
then,then,371.61,371.90000000000003
everyone,everyone,372.32,372.73
in,in,372.73,372.77000000000004
the,the,372.78,372.89
room,room,372.889999,373.329999
gets,gets,373.4,373.65999999999997
a,a,373.66,373.72
text,text,373.719999,374.079999
that,that,374.139999,374.309999
just,just,374.309999,374.459999
says,says,374.46,374.73999999999995
wrong,wrong,374.759999,375.149999
that’s,that's,375.19,375.37
it,it,375.37,375.55
Wrong,wrong,375.589999,375.969999
exclamation,exclamation,376.46999900000003,376.979999
mark,mark,376.98,377.20000000000005
And,and,377.59,377.75
then,then,377.75,377.91
later,later,377.91,378.16
he,he,378.16,378.36
says,says,378.36,378.95
um,um,378.98,379.70000000000005
oh,oh,380.18,380.37
later,later,380.37,380.72
there’s,there's,380.72,380.94000000000005
a,a,380.99,381.08
woman,woman,381.08,381.46
in,in,381.46,381.53999999999996
the,the,381.57,381.73
audience,audience,381.73,382.32
who,who,382.63,382.83
asks,asks,382.84,383.28
If,if,383.54,383.73
these,these,383.73,383.95000000000005
suicides,suicides,384.19,384.35
are,are,384.35,384.45000000000005
linked,linked,384.45,384.67
how,how,384.73,384.94
do,do,384.94,385.03
we,we,385.03,385.13
know,know,385.13,385.25
they’re,they're,385.25,385.34
not,not,385.34,385.53
murder,murder,385.53,385.98999999999995
And,and,386.22,386.39000000000004
then,then,386.389999,386.59999899999997
the,the,386.599999,387.179999
the,the,387.26,387.59
man,man,387.62,387.84000000000003
responds,responds,387.84,388.34999999999997
saying,saying,388.59,388.98999999999995
Well,well,389.54,389.78000000000003
they’re,they're,389.78,389.95
obviously,obviously,389.95,390.4
suicides,suicides,390.4,390.83
because,because,390.83,390.96
the,the,390.96,391.07
manner,manner,391.07,391.57
like,like,391.58,391.81
the,the,391.809999,392.049999
pills,pills,392.059999,392.309999
were,were,392.32,392.40999999999997
obviously,obviously,392.41,392.81
self,self,392.83,393.07
administered,administered,393.07,393.68
And,and,394.07,394.28
then,then,394.279999,394.48999899999995
he,he,394.49,394.62
says,says,394.619999,394.949999
like,like,395.33,395.71999999999997
in,in,396.440001,396.560001
short,short,396.58,397.03
or,or,397.059999,397.209999
the,,,
woman,woman,397.35,397.62
asks,asks,397.64,397.9
How,how,398.09,398.28
can,can,398.28,398.46
we,we,398.46,398.62
uh,uh,399.19,399.53
prevent,prevent,399.76,400.06
this,this,400.06,400.23
happening,happening,400.33,400.74
and,and,400.74,400.96000000000004
he,he,401.33,401.87
almost,almost,401.9,402.21
brushes,brushes,402.21,402.72999999999996
it,it,402.96,403.14
off,off,403.14,403.39
saying,saying,403.39,403.78
Well,well,403.78,404.03
don’t,don't,404.17999999999995,404.33
commit,commit,404.36999999999995,404.59999999999997
suicide,suicide,404.59999999999997,405.15
And,and,405.429999,405.539999
then,then,405.54,405.63
he,he,405.63,405.79
says,says,405.79,406.20000000000005
um,um,406.219999,406.639999
something,something,407.7,408.03999999999996
along,along,408.04,408.27000000000004
the,the,408.27,408.35999999999996
lines,lines,408.36,408.62
of,of,408.62,408.79
I’m,i'm,408.79,408.87
paraphrasing,paraphrasing,408.87,409.49
but,but,409.49,409.87
you,you,410.059999,410.249999
guys,guys,410.25,410.55
everyone,everyone,410.589999,410.969999
is,is,410.969999,411.149999
as,as,411.45,411.62
safe,safe,411.69,411.96999999999997
as,as,411.969999,412.139999
they,they,412.139999,412.269999
want,want,412.27,412.52
to,to,412.52,412.68
be,be,412.83,413.04
And,and,413.33,413.46
then,then,413.46,413.49
again,again,413.66,414.15000000000003
the,the,414.33,414.53
everyone,everyone,414.57,414.86
gets,gets,414.86,415.02000000000004
a,a,415.02,415.07
text,text,415.07,415.36
saying,saying,415.36,415.68
wrong,wrong,415.73,416.14000000000004
And,and,416.17,416.38
that’s,that's,416.39,416.59999999999997
the,the,416.6,416.71000000000004
third,third,416.71,416.93
time,time,416.93,417.16
that,that,417.16,417.34000000000003
text,text,417.91,418.17
is,is,418.31,418.33000000000004
sent,sent,418.33000000000004,418.41
And,and,418.97,419.14000000000004
then,then,419.14,419.4
a,a,419.45,419.55
text,text,419.55,419.89
is,is,419.89,419.97999999999996
sent,sent,419.99,420.26
to,to,420.28,420.78
only,only,421.02,421.33
the,the,421.33,421.66999999999996
man,man,421.71,421.93
who,who,421.93,422.02
was,was,422.02,422.18
speaking,speaking,422.19,422.7
Um,um,423.059999,423.549999
uh,uh,425.139999,425.839999
oh,oh,425.95,426.07
I’m,i'm,426.07,426.2
not,not,426.2,426.32
sure,sure,426.32,426.44
I,i,426.509999,426.59999899999997
remember,remember,426.599999,426.859999
what,what,426.86,427.08000000000004
it,it,427.08,427.33
said,said,427.59,427.84
but,but,427.98999999999995,428.02
it,it,428.02,428.03999999999996
was,was,428.03999999999996,428.15
signed,signed,428.15,428.54999999999995
S,s,428.61999999999995,428.82
H,h,428.85999999999996,429.03
which,which,429.03,429.08
we,we,429.389999,429.53999899999997
can,can,429.54,429.68
assume,assume,429.679999,429.999999
is,is,430.039999,430.359999
Sherlock,sherlock,430.74,431.13
Holmes,holmes,431.129999,431.489999
Um,um,432.14999900000004,432.58999900000003
let’s,let's,434.42,434.62
see,see,434.92,434.94
and,and,434.94,435.07
then,then,435.07,435.63
um,um,436.48,436.90999999999997
I,i,437.53,438.23
believe,,,
we,we,439.55,440.23
go,go,440.46,440.75
to,to,441.12,441.35
go,go,441.559999,441.699999
back,back,441.7,442.0
to,to,442.02,442.12
um,um,442.559999,443.149999
uh,uh,443.91,444.24
Watson,watson,444.25,444.88
which,which,444.889999,445.079999
was,was,445.08,445.31
the,the,445.32,445.48
man,man,445.48,445.77000000000004
who,who,445.77,445.95
had,had,445.95,446.18
the,the,446.19,446.32
nightmare,nightmare,446.32,446.74
earlier,earlier,446.74,447.25
and,and,447.53,447.84
he's,he's,447.839999,448.219999
walking,walking,448.24,448.92
around,around,448.92,449.26
what,what,449.26,449.37
looks,looks,449.369999,449.539999
like,like,449.539999,449.799999
a,a,449.939999,449.95999900000004
university,university,449.95999900000004,450.999999
area,area,451.009999,451.759999
Um,um,452.069999,452.39999900000004
he,he,452.39999900000004,452.559999
meets,meets,452.559999,452.809999
this,this,453.409999,453.659999
other,other,454.24,454.55
guy,guy,454.55,454.98
um,um,456.18,456.59000000000003
not,not,456.8,457.17
exactly,exactly,457.17,457.41
sure,sure,457.5,457.65
what,what,457.65,457.75
his,his,457.75,457.94
role,role,457.94,458.07
is,is,458.07,458.09
either,either,458.09,458.27
but,but,458.49,458.52
this,this,458.52,458.65999999999997
older,older,458.67,458.98
man,man,458.98,459.31
and,and,459.559999,459.729999
they,they,459.73,459.84000000000003
sit,sit,459.84,460.10999999999996
and,and,460.11,460.24
talk,talk,460.24,460.49
for,for,460.51,460.62
awhile,awhile,460.62,460.98
they’re,they're,460.98,461.13
having,having,461.139999,461.469999
coffee,coffee,461.52,462.25
Um,um,462.639999,463.369999
oh,oh,464.889999,465.049999
I,i,465.049999,465.159999
never,never,465.179999,465.439999
mentioned,mentioned,465.44,465.71
earlier,earlier,465.71,465.95
but,but,465.95,466.13
so,so,466.139999,466.309999
Watson,watson,466.309999,466.919999
he,he,466.93,467.09000000000003
has,has,467.09,467.40999999999997
a,a,467.449999,467.879999
uh,uh,468.01,468.46999999999997
his,,,
leg,,,
is,,,
injured,injured,469.18,469.62
so,so,469.97,469.99
he,he,470.0,470.2
walks,walks,470.2,470.53
with,with,470.53,470.7
a,a,470.7,470.75
cane,cane,470.75,471.11
and,and,471.11,471.17
with,with,471.22,471.39000000000004
a,a,471.41,471.49
bit,bit,471.49,471.65000000000003
of,of,471.65,471.75
a,a,471.75,471.8
limp,limp,471.8,472.05
Um,um,472.49,472.89
but,but,472.9,473.07
yeah,yeah,473.07,473.27
so,so,473.27,473.5
he,,,
and,,,
this,,,
man,man,474.11,474.41
that,that,474.41,474.47
he,he,474.48,474.67
met,met,474.67,475.02000000000004
are,are,475.26,475.65
now,now,475.66,475.92
sitting,sitting,475.92,476.23
on,on,476.23,476.33000000000004
a,a,476.33,476.44
bench,bench,476.47,476.89000000000004
just,just,476.889999,477.109999
talking,talking,477.11,477.52000000000004
um,um,477.74,478.12
there's,there's,479.509999,479.829999
another,another,479.83,480.21
scene,scene,480.21,480.54999999999995
where,where,480.55,480.98
we,we,480.99,481.37
see,see,481.429999,481.83999900000003
uh,uh,482.32,482.88
Sherlock,sherlock,483.299999,483.789999
the,,,
scene,scene,484.01,484.27
opens,opens,484.27,484.69
with,with,484.690001,484.930001
the,the,485.440001,485.570001
camera,camera,485.57,486.31
as,as,486.4,486.73999999999995
if,if,486.74,486.95
the,the,487.17,487.32
camera,camera,487.33,487.60999999999996
was,was,487.61,487.83000000000004
a,a,487.83,487.89
cadaver,cadaver,487.89,488.36
so,so,488.36,488.6
the,the,488.6,488.71000000000004
camera’s,camera's,488.71,489.01
like,like,489.02,489.2
looking,looking,489.43,489.73
up,up,489.78,490.02
and,and,490.04,490.24
Watson,watson,490.24,490.44
unzips,<unk>,490.44,490.6
this,this,490.86,491.05
um,um,491.98,492.41
the,the,493.0,493.37
the,the,493.41,493.72
bag,bag,493.76,494.27
and,and,494.51,494.75
then,then,494.75,494.95
is,is,495.0,495.16
looking,looking,495.16,495.49
down,,,
at,,,
the,the,495.639999,495.699999
camera,camera,495.7,495.99
and,and,495.99,496.05
that’s,that's,496.059999,496.21999900000003
when,when,496.219999,496.319999
you,you,496.32,496.45
first,,,
see,,,
it,,,
you,,,
have,have,497.0,497.26
or,or,497.28,497.53
sorry,sorry,497.67,497.86
Sherlock,sherlock,497.9,498.34
unzips,<unk>,498.66,498.95000000000005
it,it,499.07,499.25
looks,looks,499.48,499.69
down,down,499.69,499.92
that’s,,,
when,,,
we,,,
first,first,500.429999,500.569999
see,see,500.57,500.75
him,him,500.75,500.96
And,and,501.53,501.82
he,he,501.82,502.04
has,,,
this,,,
other,other,502.639999,502.859999
there’s,,,
this,this,503.08,503.15
other,other,503.15,503.53
lady,lady,503.57,503.89
with,with,503.889999,504.03999899999997
him,him,504.039999,504.129999
I’m,i'm,504.129999,504.169999
assuming,assuming,504.17,504.76
or,or,505.31,505.55
I’m,,,
assuming,,,
she’s,,,
the,the,506.27,506.44
assistant,assistant,506.52,507.0
And,and,507.92,508.38
so,so,508.83,509.38
um,um,509.69,510.19
we,we,510.37,510.39
see,see,510.39,510.46999999999997
him,him,510.46999999999997,510.65
take,take,510.65,510.93
like,like,510.93,511.15
I’m,i'm,511.71999999999997,511.74
not,not,511.96,512.15
sure,sure,512.15,512.28
what,what,512.28,512.36
it’s,it's,512.36,512.46
called,called,512.46,512.77
like,like,512.77,512.93
one,one,512.929999,513.029999
of,of,513.03,513.11
those,those,513.11,513.29
paddle,paddle,513.389999,513.859999
things,things,513.889999,514.259999
and,,,
like,like,514.3,514.54
whacks,whacks,515.08,515.4200000000001
this,this,515.42,515.4499999999999
body,body,515.96,516.47
pretty,pretty,517.059999,517.289999
furiously,furiously,517.33,518.0
for,for,518.389999,518.659999
quite,quite,518.77,519.04
a,a,519.04,519.0699999999999
while,while,519.07,519.5500000000001
Um,um,519.559999,519.5799989999999
he,he,521.690001,521.9100010000001
says,says,521.92,522.0699999999999
something,something,522.07,522.33
about,about,522.33,522.5200000000001
like,like,522.52,522.65
checking,checking,522.65,522.99
how,how,523.01,523.15
the,the,523.16,523.26
bruises,bruises,523.26,523.67
form,form,523.68,524.12
to,to,524.53,524.68
his,his,524.68,524.89
assistant,assistant,524.89,525.4499999999999
and,and,525.48,525.66
then,then,525.66,525.9699999999999
she,she,526.24,526.9300000000001
um,um,526.93,527.15
starts,starts,528.0799999999999,528.2099999999999
to,to,528.38,528.45
ask,ask,528.45,528.6
him,him,528.6,528.71
for,for,528.71,528.8100000000001
coffee,coffee,528.81,529.39
He,he,529.72,529.89
interrupts,interrupts,529.89,530.36
her,her,530.36,530.6
saying,saying,530.61,530.96
that,that,530.97,531.1
she,she,531.099999,531.199999
had,had,531.2,531.32
put,put,531.32,531.47
on,on,531.469999,531.529999
lipstick,lipstick,531.559999,532.009999
She,she,532.01,532.35
looks,looks,532.37,532.61
embarrassed,embarrassed,532.61,533.35
um,um,533.77,534.17
but,but,534.179999,534.3199989999999
then,then,534.32,534.6600000000001
ends,ends,534.91,535.1
up,up,535.099999,535.239999
finishing,finishing,535.24,535.62
asking,asking,535.66,536.11
if,if,536.11,536.21
he,he,536.219999,536.2899990000001
wants,wants,536.29,536.54
coffee,coffee,536.58,537.19
and,and,537.44,537.6500000000001
then,,,
he,he,537.65,537.76
says,says,537.759999,537.999999
Yes,yes,538.039999,538.399999
He,he,538.440001,538.560001
goes,goes,538.559999,538.749999
up,up,538.77,538.97
to,to,539.039999,539.249999
his,his,539.25,539.58
lab,lab,539.629999,540.309999
where,where,540.77,541.3299999999999
he’s,he's,541.4899999999999,541.6899999999999
working,working,542.09,542.51
on,on,542.51,542.67
something,something,542.67,543.0
It,it,543.07,543.09
looks,looks,543.5300000000001,543.57
like,like,544.13,544.27
he’s,,,
using,,,
like,,,
a,a,544.44,544.49
pipette,<unk>,544.49,545.0
or,or,545.0,545.33
something,something,545.63,546.1
to,to,546.1,546.53
uh,uh,546.58,546.74
work,work,546.74,546.89
with,with,546.89,547.02
fluids,fluids,547.04,547.3399999999999
She,she,547.96,548.26
um,um,548.26,548.72
delivers,delivers,549.87,550.38
to,to,550.91,550.98
him,him,551.179999,551.689999
his,,,
coffee,coffee,552.4,553.0799999999999
and,and,553.09,553.48
he,he,553.509999,553.759999
makes,makes,553.759999,553.999999
a,a,554.0,554.06
remark,remark,554.059999,554.409999
that,that,554.41,554.5899999999999
she,she,554.589999,554.969999
now,now,555.299999,555.5999989999999
has,has,555.599999,555.759999
removed,removed,555.859999,556.059999
her,her,556.769999,556.889999
lipstick,lipstick,557.0699989999999,557.449999
And,,,
she,,,
again,again,558.7,558.98
looks,looks,559.01,559.17
kind,kind,559.17,559.3499999999999
of,of,559.35,559.48
embarrassed,embarrassed,559.48,559.85
says,says,559.85,559.99
something,something,559.99,560.28
about,about,560.28,560.56
it,it,560.6,560.78
not,not,560.78,560.9399999999999
working,working,560.94,561.22
out,out,561.22,561.34
for,for,561.34,561.45
her,her,561.45,561.76
And,and,562.15,562.53
um,um,562.5899999999999,562.98
excuse,,,
me,,,
um,um,564.54,564.6999999999999
he,he,564.8399999999999,565.31
um,um,565.36,565.6999999999999
starts,starts,565.78,565.92
says,,,
something,something,566.75,567.16
along,,,
the,the,567.42,567.4399999999999
lines,lines,567.44,567.7800000000001
of,of,567.78,567.8
Oh,oh,568.559999,568.8499989999999
like,like,568.849999,569.089999
it,it,569.099999,569.249999
was,was,569.25,569.42
an,an,569.42,569.5
improvement,improvement,569.5,570.03
or,or,570.03,570.0799999999999
something,something,570.08,570.35
your,your,570.349999,570.479999
lips,lips,570.48,570.69
look,look,570.69,570.84
small,small,570.86,571.15
now,now,571.15,571.4599999999999
And,and,572.559999,572.5999989999999
then,then,572.599999,572.699999
she,she,572.7,572.9100000000001
leaves,,,
she’s,,,
butthurt,<unk>,572.91,573.0799999999999
Um,um,574.039999,574.4499989999999
while,while,574.639999,574.849999
this,this,574.85,574.98
is,,,
happening,happening,575.059999,575.5999989999999
he,he,575.93,576.0799999999999
had,had,576.08,576.39
just,just,576.55,576.87
met,met,576.91,577.35
uh,uh,577.8,578.18
Watson,watson,578.19,578.8000000000001
So,so,578.86,579.3000000000001
Watson,watson,579.49,580.07
and,and,580.08,580.37
his,his,580.37,580.61
friend,friend,580.62,580.9
from,from,580.9,581.14
earlier,earlier,581.18,581.78
um,um,581.79,581.81
approached,approached,582.76,583.14
Sherlock,sherlock,584.01,584.43
in,in,584.45,584.57
his,his,584.57,584.75
lab,lab,584.75,585.1
and,and,585.13,585.51
uh,uh,585.52,585.91
maybe,maybe,586.01,586.41
one,one,586.65,586.8
of,of,586.8,586.8599999999999
the,the,586.86,586.95
first,first,586.95,587.13
things,things,587.17,587.4
Sherlock,sherlock,587.4,587.67
says,says,588.03,588.11
to,to,588.11,588.2199999999999
Watson,watson,588.2199999999999,588.7199999999999
is,,,
um,um,589.36,589.83
So,so,590.099999,590.279999
what,what,590.28,590.4499999999999
was,was,590.45,590.6600000000001
it,it,590.66,590.8399999999999
Iraq,iraq,590.9,591.29
or,or,591.29,591.3499999999999
Afghanistan,afghanistan,591.349999,591.959999
So,so,591.96,592.1
he,he,592.1,592.19
immediately,immediately,592.190001,592.590001
knows,knows,592.59,592.85
that,that,592.85,593.0
Watson,watson,593.0,593.41
was,was,593.41,593.68
an,an,594.02,594.3299999999999
army,army,594.35,594.74
doctor,doctor,594.789999,595.3399989999999
He,he,595.6999989999999,595.8199989999999
makes,makes,595.8299989999999,595.8699989999999
some,some,595.8699989999999,595.8999989999999
mention,mention,595.8999989999999,595.9599989999999
of,of,595.9599989999999,595.9999989999999
that,that,596.33,596.49
later,later,596.49,596.73
also,also,596.73,597.01
saying,saying,597.01,597.28
like,like,597.28,597.43
I,i,597.79,597.91
know,know,597.91,598.03
you’re,you're,598.03,598.15
an,an,598.15,598.2099999999999
army,army,598.21,598.44
doctor,doctor,598.44,598.6
Um,um,598.87,599.2
the,the,602.11,602.13
it’s,it's,602.13,602.1600000000001
revealed,revealed,602.33,602.83
that,that,602.87,603.22
Sherlock,sherlock,603.23,603.63
is,is,603.63,603.73
looking,looking,603.73,604.0
for,for,604.01,604.3
a,a,604.32,604.4300000000001
flat,flat,604.429999,604.7299989999999
mate,mate,604.73,604.98
and,and,605.04,605.48
this,this,605.78,605.97
mutual,mutual,606.05,606.43
friend,friend,606.44,606.95
um,um,607.17,607.6899999999999
is,is,607.74,607.9300000000001
now,now,607.94,608.19
going,going,608.47,608.5100000000001
to,to,608.5100000000001,608.58
introduce,introduce,608.58,608.98
Watson,watson,609.0200000000001,609.6
to,,,
Sherlock,sherlock,610.09,610.6700000000001
in,in,610.969999,611.1799990000001
hopes,hopes,611.190001,611.490001
that,that,611.690001,612.110001
um,um,612.14,612.6899999999999
Sherlock,sherlock,612.7,613.2900000000001
and,and,613.32,613.5200000000001
or,or,613.78,614.05
Watson,watson,614.06,614.42
will,will,614.42,614.53
be,be,614.53,614.66
a,a,614.66,614.76
suitable,suitable,614.79,615.38
roommate,roommate,615.62,616.11
for,for,616.49,616.86
Watson,watson,616.86,617.07
So,so,617.82,618.2
um,um,618.22,618.74
that,that,619.95,620.2900000000001
happens,happens,620.29,620.79
Uh,uh,621.04,621.4
Sherlock,sherlock,621.7,622.33
asks,asks,622.36,622.71
for,for,622.71,623.19
the,the,623.639999,624.029999
mutual,mutual,624.05,624.42
friend’s,friend's,624.429999,624.689999
phone,phone,624.87,625.32
and,and,625.37,625.72
he,he,626.33,626.5
doesn’t,doesn't,626.5,626.74
have,have,626.75,627.05
it,it,627.049999,627.239999
so,so,627.49,627.97
Watson,watson,628.35,628.84
offers,offers,628.859999,629.1799990000001
up,up,629.190001,629.330001
his,his,629.33,629.73
Um,um,630.93,630.9599999999999
Sherlock,sherlock,631.92,632.5899999999999
appears,appears,632.72,633.0500000000001
to,to,633.08,633.14
send,send,633.14,633.41
a,a,633.41,633.55
text,text,633.57,633.9000000000001
or,or,633.97,634.11
something,something,634.11,634.69
through,through,634.95,635.13
his,his,635.13,635.32
phone,phone,635.33,635.75
um,um,635.76,635.79
and,and,636.7199999999999,636.88
then,then,636.88,637.17
before,before,637.98,638.88
uh,uh,639.12,639.76
those,those,640.21,640.6
two,two,640.65,640.92
leave,leave,640.92,641.03
meaning,meaning,641.25,641.6999999999999
um,um,641.77,642.04
Watson,watson,642.06,642.53
and,and,642.55,642.87
his,his,642.87,643.0
friend,friend,643.0,643.36
Sherlock,sherlock,643.82,644.5500000000001
says,says,645.29,645.75
Meet,meet,645.799999,646.0899989999999
me,me,646.09,646.36
at,at,646.359999,646.5599990000001
the,the,646.739999,646.7599990000001
address,address,646.7799990000001,647.209999
two,two,647.6899990000001,647.869999
two,two,647.8899990000001,647.979999
one,one,647.979999,648.2599990000001
Baker,baker,648.2599990000001,648.2999990000001
Street,street,648.2999990000001,648.349999
I,i,648.349999,648.359999
think,think,650.61,650.89
um,um,651.24,651.79
because,because,651.89,651.9399999999999
that’s,that's,651.9499999999999,652.1899999999999
where,where,652.1999999999999,652.43
his,,,
flat,flat,652.62,652.9
is,is,652.9,653.01
going,going,653.25,653.29
to,to,653.29,653.31
be,be,653.31,653.51
And,and,653.62,653.83
then,then,653.83,654.09
um,um,654.11,654.48
Watson,watson,655.91,656.3199999999999
kind,kind,656.32,656.5200000000001
of,of,656.52,656.6999999999999
says,says,656.96,657.12
something,something,657.139999,657.399999
along,along,657.4,657.66
the,,,
lines,lines,657.69,657.9300000000001
of,of,657.929999,658.179999
But,,,
we,we,658.559999,658.809999
don’t,don't,658.91,659.13
even,even,659.13,659.33
know,know,659.33,659.5200000000001
each,each,659.52,659.65
other,other,659.65,659.93
and,,,
then,,,
Sherlock,sherlock,660.19,660.5600000000001
starts,starts,660.559999,660.8599989999999
listing,listing,660.86,661.22
things,things,661.219999,661.4299990000001
He,he,661.469999,661.5399990000001
says,says,661.5399990000001,661.849999
um,um,662.1799990000001,662.3799990000001
that,that,662.469999,662.5399990000001
Watson,watson,662.71,663.23
was,was,663.23,663.46
an,an,663.46,663.6800000000001
army,army,664.01,664.28
doctor,doctor,664.279999,664.8399989999999
in,in,664.85,665.0400000000001
Afghanistan,afghanistan,665.039999,665.519999
and,and,665.52,665.63
that,that,665.719999,666.1699990000001
um,um,667.2899990000001,667.7499990000001
his,his,668.11,668.46
he’s,he's,668.53,668.6999999999999
not,not,668.7,668.87
close,close,668.87,669.09
to,to,669.1,669.24
his,his,669.24,669.45
brother,brother,669.48,670.11
His,his,670.33,670.5400000000001
brother,brother,670.57,671.5
recently,recently,672.07,672.98
like,like,673.04,673.31
walked,walked,673.31,673.5799999999999
out,out,673.58,673.6600000000001
of,of,673.66,673.81
a,a,673.81,673.9
marriage,marriage,673.92,674.29
or,or,674.29,674.3399999999999
something,something,674.34,674.7800000000001
or,or,674.78,674.9499999999999
is,is,674.95,675.0600000000001
an,an,675.059999,675.139999
alcoholic,alcoholic,675.139999,675.779999
or,or,675.78,675.86
both,both,675.9,676.28
And,and,676.679999,676.9699989999999
um,um,677.0,677.36
uh,uh,678.66,678.9
Watson,watson,678.9,679.1999999999999
looks,looks,679.2,679.34
very,very,679.34,679.9
confused,confused,679.96,680.26
or,or,680.66,681.01
shocked,shocked,681.059999,681.419999
I,i,681.42,681.4799999999999
guess,guess,681.48,681.72
at,at,681.719999,681.829999
this,this,681.969999,682.0599990000001
And,and,682.709999,682.739999
then,then,682.749999,683.139999
um,um,683.1799990000001,683.619999
he,he,684.1599990000001,684.709999
leaves,leaves,685.1699990000001,685.209999
So,so,685.209999,685.699999
um,um,685.699999,686.829999
and,,,
then,,,
I,i,690.0,690.14
believe,believe,690.14,690.51
we,we,690.51,690.6899999999999
see,see,690.8399999999999,690.9899999999999
the,the,690.9899999999999,691.1199999999999
two,two,691.1199999999999,691.29
of,of,691.5,691.62
them,them,691.62,692.0
now,now,692.01,692.54
and,and,692.95,693.5200000000001
they,they,693.639999,694.269999
um,um,694.27,695.21
get,get,695.58,695.7800000000001
or,or,695.84,695.98
they,,,
are,are,696.03,696.47
now,now,696.9300000000001,696.95
entering,entering,696.98,697.44
what,what,698.28,698.79
we,we,700.4499999999999,700.4699999999999
can,can,700.4699999999999,700.5
assume,,,
is,,,
Sherlock’s,<unk>,701.0,701.01
flat,flat,701.01,701.41
Um,um,701.449999,701.6899990000001
there’s,there's,701.889999,701.929999
another,another,701.93,702.3399999999999
lady,lady,702.34,702.89
the,the,703.15,703.29
landlord,landlord,703.29,704.11
Um,um,704.44,704.8800000000001
I,i,704.89,704.9
forgot,forgot,704.93,705.2399999999999
her,her,705.24,705.34
name,name,705.34,705.71
but,but,706.06,706.3499999999999
she’s,she's,706.37,706.71
also,also,706.71,707.01
there,there,707.01,707.23
with,with,707.23,707.41
them,them,707.41,707.55
and,and,707.55,707.78
greets,greets,707.79,708.0899999999999
them,them,708.0899999999999,708.17
both,both,708.17,708.41
Um,um,708.6899999999999,709.31
we,we,710.4599999999999,710.63
see,see,711.1999999999999,711.37
that,that,711.37,711.75
Sherlock’s,<unk>,712.51,712.65
flat,flat,712.74,713.05
is,is,713.059999,713.309999
a,a,713.4,713.49
complete,complete,713.49,713.82
mess,mess,713.84,714.13
Uh,uh,715.87,716.18
there’s,there's,716.21,716.58
books,books,716.63,717.05
things,things,717.45,717.9000000000001
there’s,there's,720.1100000000001,720.1700000000001
this,this,720.1700000000001,720.2
skull,,,
poster,,,
on,on,720.369999,720.389999
the,the,720.4,720.54
wall,wall,720.54,720.8199999999999
there’s,there's,720.82,721.1
another,another,721.1,721.52
actual,actual,721.56,722.02
skull,skull,722.03,722.36
sitting,sitting,722.4,722.66
above,above,722.66,722.8399999999999
the,the,722.85,722.95
fireplace,fireplace,722.95,723.46
Uh,uh,723.87,724.07
the,the,724.07,724.1800000000001
kitchen’s,,,
a,a,724.51,724.5699999999999
mess,mess,724.57,724.8100000000001
it,,,
looks,,,
like,,,
there’s,there's,725.12,725.28
lots,lots,725.28,725.48
of,of,725.48,725.62
like,like,725.62,725.77
chemistry,chemistry,725.8199999999999,726.42
lab,lab,726.42,726.72
equipment,equipment,726.72,726.9399999999999
on,on,727.13,727.25
there,there,727.25,727.52
Um,um,727.96,728.51
but,but,729.17,729.4399999999999
yeah,yeah,729.46,729.7800000000001
so,so,729.78,729.9399999999999
then,then,729.94,730.3000000000001
uh,uh,731.94,732.08
they,they,732.08,732.24
go,go,732.24,732.36
into,into,732.36,732.4300000000001
there,there,733.059999,733.549999
and,and,733.88,734.21
then,then,734.21,734.2900000000001
there,there,734.29,734.6899999999999
they,they,734.69,734.85
talk,talk,734.849999,735.219999
for,for,735.25,735.41
a,a,735.41,735.48
little,little,735.48,735.76
bit,bit,735.759999,736.129999
Um,um,736.529999,737.479999
Sherlock,sherlock,738.479999,739.1799990000001
uh,uh,739.999999,740.009999
he,,,
he,he,740.52,741.25
makes,makes,742.34,742.64
some,some,742.91,743.15
comments,comments,743.15,743.55
about,about,743.81,744.17
to,to,744.18,744.52
um,um,744.69,745.0100000000001
his,,,
landlady,landlady,745.07,745.69
about,about,746.08,746.62
um,um,747.16,748.03
having,having,748.099999,748.4399990000001
her,her,748.44,748.6
make,make,748.599999,748.849999
him,him,749.79,749.92
tea,tea,749.92,750.0799999999999
or,or,750.08,750.45
clean,clean,750.53,750.75
up,up,750.75,750.86
the,the,750.86,750.95
kitchen,kitchen,750.95,751.26
or,or,751.259999,751.299999
something,something,751.299999,751.5999989999999
along,along,751.599999,751.779999
those,those,751.78,751.9499999999999
lines,lines,751.95,752.1800000000001
And,and,752.95,752.98
she’s,she's,752.98,753.0100000000001
kind,kind,753.0100000000001,753.0600000000001
of,of,753.0600000000001,753.1800000000001
protesting,protesting,753.1800000000001,753.5200000000001
I,i,753.82,754.0400000000001
am,am,754.039999,754.189999
not,not,754.190001,754.500001
like,like,754.5,754.62
a,a,754.619999,754.669999
housekeeper,housekeeper,754.67,755.29
I’m,i'm,755.289999,755.539999
the,the,755.58,755.69
landlord,landlord,755.690001,756.100001
here,here,756.139999,756.429999
But,but,756.799999,757.039999
um,um,757.09,757.58
yeah,yeah,758.8,759.12
he,he,759.12,759.57
they,they,759.86,760.21
uh,uh,760.4,760.56
talk,talk,760.6,760.84
about,about,760.84,761.1600000000001
the,the,761.16,761.37
three,three,761.42,761.79
linked,linked,761.79,762.06
suicides,suicides,762.19,762.84
I,i,762.84,762.86
believe,believe,762.86,762.96
prompted,prompted,763.74,764.1
by,by,764.099999,764.229999
a,a,764.23,764.25
newspaper,newspaper,764.5,764.79
And,and,765.34,765.5500000000001
then,then,765.55,765.89
uh,uh,765.94,766.3000000000001
while,while,766.309999,766.509999
they’re,they're,766.51,766.62
talking,talking,766.62,766.87
about,,,
it,,,
Sherlock,sherlock,767.2,767.59
looks,looks,767.59,767.7900000000001
out,out,767.79,767.92
the,the,768.38,768.4
window,window,768.4,768.4499999999999
and,and,768.4499999999999,768.49
says,says,768.49,768.8199999999999
well,well,769.0699999999999,769.26
now,now,769.26,769.4599999999999
it’s,it's,769.49,769.52
four,four,769.55,769.9499999999999
So,so,769.9499999999999,770.14
somehow,somehow,770.14,770.63
he,he,770.9799999999999,771.12
sees,sees,771.12,771.24
a,a,771.53,771.76
police,police,771.759999,772.089999
car,car,772.09,772.44
and,and,772.440001,772.5300010000001
just,just,772.529999,772.689999
immediately,immediately,772.690001,773.060001
knows,knows,773.059999,773.3399989999999
that,that,773.35,773.62
it’s,,,
that,that,774.23,774.51
means,means,774.52,774.79
that,that,774.81,775.0999999999999
there,there,775.369999,775.519999
has,has,775.589999,775.679999
been,been,775.679999,775.939999
a,a,776.36,776.37
suicide,suicide,776.37,776.77
Oh,oh,776.81,777.0699999999999
um,um,777.07,777.45
yeah,yeah,777.65,777.9399999999999
so,so,778.16,778.25
before,before,778.34,778.62
this,this,778.62,778.8100000000001
scene,scene,778.82,779.1800000000001
there,there,779.38,779.55
was,,,
another,another,779.65,779.9599999999999
one,one,779.97,780.1
of,of,780.1,780.1800000000001
those,those,780.18,780.3399999999999
unclear,unclear,780.51,781.02
fuzzy,fuzzy,781.02,781.4399999999999
suicide,suicide,781.44,781.9200000000001
scenes,scenes,781.92,782.13
where,where,782.13,782.2
we,we,782.2,782.32
see,see,782.32,782.58
a,a,782.61,782.92
woman,woman,783.21,783.71
with,with,783.71,784.08
bright,bright,784.33,784.71
red,red,785.33,785.69
nails,nails,785.719999,786.1899990000001
reaching,reaching,786.2,786.5300000000001
for,for,786.58,786.8100000000001
yet,yet,786.809999,786.9899989999999
again,again,786.99,787.22
that,that,787.219999,787.319999
same,same,787.349999,787.569999
pill,pill,787.57,787.8100000000001
bottle,bottle,787.83,788.25
with,with,788.44,788.6700000000001
those,,,
pills,pills,788.83,789.12
in,in,789.12,789.23
it,it,789.23,789.4200000000001
And,and,789.46,789.64
then,,,
um,,,
so,so,790.27,790.37
we,we,790.369999,790.479999
can,can,790.48,790.59
assume,assume,790.59,790.85
that,that,790.85,790.97
she,she,790.969999,791.2899990000001
committed,committed,791.369999,791.619999
suicide,suicide,791.82,791.99
in,in,791.99,792.07
the,the,792.07,792.1700000000001
same,same,792.1700000000001,792.4000000000001
manner,manner,792.4100000000001,792.57
So,so,794.2500000000001,794.6700000000001
um,um,794.7,795.0100000000001
so,,,
back,,,
to,,,
the,the,796.31,796.66
Sherlock,sherlock,796.67,797.28
um,um,797.81,798.3
flat,flat,798.31,798.5899999999999
scene,scene,798.59,798.86
He’s,he's,799.12,799.27
looking,looking,799.27,799.5
out,out,799.5,799.59
the,the,799.59,799.6600000000001
window,window,799.8600000000001,799.97
he,he,799.97,800.1000000000001
says,says,800.1000000000001,800.5500000000001
This,this,801.46,801.49
time,time,801.49,801.73
it’s,it's,801.75,801.93
unusual,unusual,801.929999,802.4899989999999
though,though,802.49,802.83
Um,um,802.83,803.5300000000001
number,number,804.19,804.47
four,four,804.469999,804.7899990000001
is,is,805.38,805.47
this,,,
is,,,
different,different,805.469999,805.849999
So,so,806.13,806.57
not,not,807.0,807.25
long,long,807.25,807.42
after,after,807.42,807.64
he,he,807.639999,807.779999
says,,,
this,,,
there’s,there's,808.27,808.8199999999999
a,a,809.139999,810.029999
man,man,810.2,810.5500000000001
who,who,810.55,810.77
comes,comes,810.8,811.0699999999999
up,up,811.07,811.19
the,the,811.19,811.2900000000001
stairs,stairs,811.29,811.5999999999999
into,into,811.6,811.7900000000001
Sherlock’s,<unk>,811.79,812.12
flat,flat,812.19,812.5500000000001
Um,um,812.95,813.34
I’ll,i'll,813.81,814.0699999999999
call,call,814.12,814.41
him,him,814.41,814.66
like,like,814.9,815.13
the,the,815.16,815.29
invest,invest,815.29,815.63
or,or,815.71,815.94
police,police,816.02,816.38
investigator,investigator,816.38,816.97
from,from,816.97,817.33
here,here,817.53,817.77
on,on,817.77,817.84
out,out,817.85,818.07
just,,,
for,for,818.58,818.74
clarity’s,<unk>,818.74,819.11
sake,sake,819.11,819.42
So,so,819.42,819.65
the,the,820.5,820.52
policeman,policeman,820.52,820.86
um,um,821.42,821.8399999999999
he,he,823.27,823.65
doesn’t,doesn't,823.67,823.9399999999999
even,even,823.94,824.1800000000001
say,say,824.82,824.9200000000001
anything,anything,824.9200000000001,825.1
to,to,825.1,825.1200000000001
Sherlock,sherlock,825.389999,825.739999
I,i,825.74,825.79
don’t,don't,825.79,825.9399999999999
think,think,825.94,826.32
before,,,
Sherlock,sherlock,826.76,827.1
says,says,827.1,827.4200000000001
like,like,827.43,827.6999999999999
um,um,828.199999,828.759999
like,like,829.3,829.5899999999999
What’s,what's,830.08,830.5200000000001
different,different,830.52,830.8
about,about,830.8,830.9799999999999
this,this,831.1199999999999,831.1499999999999
case,case,831.1499999999999,831.42
And,and,831.85,832.0400000000001
then,then,832.04,832.27
he,he,832.28,832.4499999999999
asks,asks,832.45,832.6800000000001
Why,why,832.96,833.5500000000001
Like,like,833.59,833.76
Why,why,833.76,833.92
do,do,834.81,834.8299999999999
you,you,834.8299999999999,834.8499999999999
think,think,834.8499999999999,834.89
something's,,,
different,,,
And,,,
then,,,
Sherlock,sherlock,835.06,835.4699999999999
says,says,835.47,835.87
Well,well,836.179999,836.509999
if,if,836.54,836.7099999999999
there,there,836.77,837.01
wasn’t,wasn't,837.02,837.3199999999999
anything,anything,837.32,837.69
different,different,838.05,838.42
you,you,838.51,838.73
wouldn’t,wouldn't,838.73,838.99
have,have,839.01,839.24
come,come,839.25,839.49
to,to,839.66,839.74
me,me,839.74,840.4
Um,um,840.57,840.7900000000001
something,something,842.29,842.66
along,along,842.75,842.8199999999999
those,those,842.8199999999999,842.85
lines,lines,842.85,842.89
And,and,843.55,843.68
then,then,843.68,844.0
um,um,844.04,844.6
the,,,
policeman,,,
says,says,847.21,847.6
uh,uh,848.01,848.37
They,they,848.82,849.37
you,you,849.38,849.59
know,know,849.59,849.7
how,how,849.7,849.8100000000001
they,they,849.81,849.92
never,never,849.92,850.24
leave,leave,850.24,850.39
a,a,850.46,850.47
note,note,850.47,850.6800000000001
They,they,850.73,850.88
left,left,850.88,851.06
a,a,851.06,851.0699999999999
note,note,851.07,851.35
So,so,851.87,852.23
um,um,852.24,852.26
he,he,853.05,853.0699999999999
leaves,leaves,853.71,854.3
after,after,854.3,854.59
or,or,854.84,855.25
no,no,855.27,855.38
he,he,855.38,855.52
asks,asks,855.52,855.73
Sherlock,sherlock,856.15,856.53
Will,will,856.53,856.64
you,you,856.639999,856.769999
come,come,856.77,857.02
And,and,857.04,857.14
then,then,857.139999,857.169999
Sherlock,sherlock,857.269999,857.739999
kind,kind,858.029999,858.179999
of,of,858.179999,858.259999
nonchalantly,nonchalantly,858.259999,858.619999
says,says,858.79,858.9499999999999
like,like,858.95,859.1800000000001
I’ll,i'll,859.25,859.4
be,be,859.4,859.53
out,out,859.53,859.75
behind,behind,859.75,860.05
you,you,860.049999,860.249999
And,and,860.549999,860.6999989999999
then,then,860.7,860.82
so,,,
the,the,861.17,861.3299999999999
policeman,policeman,861.33,861.7900000000001
leaves,leaves,861.79,862.0
Um,um,862.54,862.85
Sherlock,sherlock,863.02,863.6
is,is,864.3,864.78
suddenly,suddenly,865.97,866.28
like,like,866.28,866.43
bursts,bursts,866.44,866.73
out,out,866.73,866.86
he’s,,,
really,really,867.05,867.4499999999999
excited,excited,867.46,867.89
He,he,867.89,868.03
says,says,868.03,868.24
This,,,
is,,,
so,so,868.4,868.64
much,much,868.65,868.6999999999999
fun,fun,868.7,869.0200000000001
and,and,869.34,869.69
um,um,869.7,870.11
quickly,quickly,870.77,871.36
goes,goes,871.69,871.94
after,after,871.95,872.23
him,him,872.23,872.5
Um,um,872.59,872.9200000000001
so,so,874.3600000000001,874.3800000000001
now,now,874.3800000000001,874.6100000000001
in,,,
the,the,874.9,875.14
flat,flat,875.139999,875.469999
there’s,there's,875.469999,875.719999
just,just,875.719999,875.9399990000001
the,the,876.0,876.12
landlady,landlady,876.12,876.7
and,and,876.71,877.0300000000001
Watson,watson,877.03,877.2099999999999
left,left,877.42,877.6399999999999
And,and,878.2499999999999,878.41
then,then,878.41,878.65
um,um,878.6999999999999,878.9499999999999
Watson,watson,879.17,879.56
asks,,,
for,for,879.83,880.22
tea,tea,880.299999,880.759999
and,and,880.76,880.93
biscuits,biscuits,880.93,881.38
and,and,881.379999,881.479999
the,the,881.48,881.57
landlady,landlady,881.57,882.23
says,,,
to,,,
him,him,882.61,882.87
what,what,882.87,882.98
she,she,882.98,883.13
said,said,883.14,883.3199999999999
earlier,earlier,883.32,883.5300000000001
to,to,883.53,883.67
Sherlock,sherlock,883.67,884.03
about,about,884.04,884.24
not,not,884.24,884.45
being,being,884.45,884.61
a,a,884.61,884.66
housekeeper,housekeeper,884.66,885.13
Um,um,885.69,886.1300000000001
Sherlock,sherlock,886.17,886.61
now,now,886.61,886.79
reappears,<unk>,886.79,887.29
really,really,887.29,887.4399999999999
quickly,quickly,887.44,887.95
and,and,888.3,888.4499999999999
then,then,888.45,888.57
there’s,there's,888.57,888.7900000000001
like,like,888.79,888.93
a,a,888.94,889.1600000000001
witty,witty,889.16,889.41
exchange,exchange,889.41,889.98
between,between,890.03,890.5
him,him,890.82,890.98
and,and,891.11,891.21
Watson,watson,891.21,891.85
Sherlock,sherlock,891.85,892.27
says,,,
um,um,893.099999,893.7999990000001
You’re,you're,894.05,894.2199999999999
a,a,894.219999,894.279999
doctor,doctor,894.28,894.8
I’m,i'm,894.809999,894.8299989999999
sure,sure,894.83,895.0
you’ve,you've,895.0,895.16
seen,seen,895.16,895.4399999999999
lots,lots,895.84,896.13
of,of,896.13,896.31
like,like,896.309999,896.549999
gruesome,gruesome,896.86,897.63
violent,violent,897.65,898.09
things,things,898.09,898.51
And,and,898.51,898.6899999999999
then,then,898.690001,898.960001
uh,uh,899.41,899.6
Watson,watson,899.6,899.96
says,says,899.959999,900.209999
Yeah,yeah,900.219999,900.499999
like,like,900.5,900.67
More,more,900.68,900.9399999999999
than,than,900.94,901.2600000000001
enough,enough,901.359999,901.709999
more,more,901.73,902.03
than,than,902.03,902.2099999999999
more,more,902.21,902.35
than,than,902.35,902.47
you,you,902.47,902.5500000000001
can,can,902.55,902.65
imagine,imagine,902.65,903.0799999999999
And,and,903.1,903.24
then,then,903.24,903.4300000000001
Sherlock,sherlock,904.21,904.6
says,says,904.6,904.88
Want,want,905.41,905.55
to,to,905.55,905.6
see,see,905.77,905.89
more,more,905.89,906.24
And,and,906.26,906.4399999999999
then,then,906.44,906.6300000000001
Watson,watson,906.63,907.07
replies,replies,907.68,908.15
affirmatively,<unk>,908.22,908.77
and,and,908.79,909.14
those,those,909.55,909.76
two,two,909.94,910.0400000000001
go,go,910.04,910.29
to,to,910.38,910.46
the,the,910.46,910.64
scene,scene,910.679999,910.8399989999999
of,,,
the,the,910.88,910.97
crime,crime,910.969999,911.2899990000001
Um,um,911.349999,911.749999
on,on,912.619999,912.639999
the,the,912.809999,912.939999
way,way,912.94,913.1500000000001
there,there,913.15,913.4599999999999
they,they,913.46,913.5600000000001
have,have,913.559999,913.7199989999999
a,a,913.719999,913.779999
conversation,conversation,913.78,914.35
in,in,914.349999,914.4199990000001
the,the,914.42,914.54
cab,cab,914.559999,914.999999
where,where,915.37,916.07
um,um,916.66,916.9399999999999
Watson,watson,916.949999,917.3999990000001
asks,asks,917.41,917.7199999999999
Sherlock,sherlock,917.9,918.28
about,,,
how,how,918.309999,918.669999
he,he,918.77,918.96
knew,knew,918.96,919.2
everything,everything,919.22,919.6
about,about,919.61,919.98
uh,uh,920.39,920.8199999999999
having,having,920.83,921.39
about,about,921.49,921.78
Watson,watson,921.78,922.1
having,having,922.11,922.54
like,like,922.57,922.88
an,an,923.18,923.4399999999999
estrange,<unk>,923.53,923.85
estrange,<unk>,924.13,924.46
estranged,estranged,924.77,925.5
brother,brother,925.9,926.6899999999999
who,who,926.75,927.13
left,left,927.13,927.36
his,his,927.42,927.5999999999999
wife,wife,927.599999,927.9399990000001
and,and,927.96,928.23
or,or,928.67,928.9599999999999
is,is,928.98,929.16
alcoholic,alcoholic,929.2,930.0400000000001
and,and,930.28,930.63
how,how,930.63,930.8
he,he,930.799999,930.939999
knew,knew,931.009999,931.159999
that,that,931.16,931.27
he,,,
was,,,
an,an,931.9,932.2099999999999
army,army,932.219999,932.749999
doctor,doctor,933.66,934.29
from,from,934.559999,934.909999
Afghanistan,afghanistan,935.18,935.88
Um,um,936.4399999999999,936.81
so,so,937.93,937.95
Sherlock,sherlock,938.12,938.48
explains,explains,938.48,938.98
everything,everything,938.98,939.4
I,i,939.4,939.4599999999999
didn’t,didn't,939.46,939.69
catch,catch,939.69,939.9100000000001
every,every,939.97,940.24
little,little,940.24,940.42
detail,detail,940.42,940.6999999999999
he,he,940.7,940.7900000000001
said,said,940.79,941.01
but,but,941.01,941.25
even,even,941.45,941.62
the,the,941.62,941.64
little,,,
like,like,942.02,942.23
he,he,942.23,942.4200000000001
says,says,942.51,942.76
the,the,942.89,943.03
way,way,943.03,943.1999999999999
that,that,943.2,943.47
Watson,watson,943.94,944.34
walked,walked,944.349999,944.839999
the,the,945.09,945.11
scratches,scratches,945.11,945.52
on,on,945.52,945.59
his,his,945.59,945.7
phone,phone,945.84,946.15
the,the,946.16,946.28
fact,fact,946.28,946.72
that,that,946.929999,947.049999
his,,,
phone,,,
was,was,947.559999,947.8699989999999
a,a,947.98,948.34
hand,hand,948.349999,948.579999
me,me,948.59,948.72
down,down,948.719999,949.129999
and,and,949.65,949.79
the,the,949.889999,949.9499989999999
engraving,engraving,949.95,950.3900000000001
on,on,950.389999,950.479999
the,the,950.48,950.57
back,back,950.58,950.7800000000001
of,of,950.78,950.91
his,,,
phone,phone,951.139999,951.499999
And,and,953.26,953.38
then,then,953.379999,953.409999
so,so,953.5899989999999,953.739999
Watson,watson,953.739999,954.1999989999999
is,,,
very,very,954.440001,954.720001
thoroughly,thoroughly,954.719999,955.139999
impressed,impressed,955.139999,955.599999
and,and,955.6699990000001,955.969999
Sherlock,sherlock,956.349999,956.819999
is,is,956.819999,957.069999
almost,almost,957.729999,957.999999
surprised,surprised,957.999999,958.3099990000001
by,by,958.3099990000001,958.329999
that,that,958.61,958.78
because,because,958.83,958.96
he,,,
said,,,
that,,,
most,,,
people,,,
get,get,959.58,959.7900000000001
angry,angry,959.83,960.33
Um,um,960.64,961.3
and,and,961.57,961.74
then,then,961.74,962.05
as,as,962.11,962.32
they're,they're,962.32,962.5100000000001
leaving,leaving,962.51,962.87
the,the,962.87,962.97
cab,cab,962.97,963.4300000000001
Watson,watson,964.219999,964.569999
or,or,964.87,965.03
Sherlock,sherlock,965.04,965.41
asks,asks,965.42,965.5699999999999
Watson,watson,965.599999,966.089999
what,what,966.099999,966.4299990000001
he,he,966.44,966.6
got,got,966.599999,966.779999
wrong,wrong,966.78,967.18
And,and,967.54,967.73
then,then,967.83,967.9200000000001
so,so,967.95,968.07
Watson,watson,968.07,968.46
starts,starts,968.46,968.7
listing,listing,968.7,969.04
off,off,969.04,969.16
everything,everything,969.1800000000001,969.74
exactly,exactly,970.109999,970.529999
as,as,970.529999,970.629999
Sherlock,sherlock,970.629999,970.939999
had,had,970.939999,971.019999
said,said,971.049999,971.2299989999999
it,it,971.2299989999999,971.259999
And,and,971.259999,971.419999
Sherlock,sherlock,971.419999,971.7499989999999
was,was,972.9799989999999,973.2299989999999
like,,,
is,,,
was,,,
pleasantly,pleasantly,973.6999989999999,973.9999989999999
surprised,surprised,974.129999,974.4799989999999
saying,saying,974.4799989999999,974.519999
like,like,974.7,974.86
Wow,wow,974.86,975.46
well,well,975.49,975.66
for,for,975.69,975.8100000000001
once,once,975.81,976.02
I,i,976.02,976.0799999999999
got,got,976.08,976.22
everything,everything,976.22,976.5
right,right,976.5,976.73
And,and,977.02,977.15
then,then,977.15,977.29
Watson,watson,977.29,977.56
says,says,977.56,977.8499999999999
Well,well,977.86,978.15
Harry,harry,978.16,978.49
is,is,978.49,978.5600000000001
short,short,978.56,978.77
for,for,978.77,978.89
Harriet,harriet,978.89,979.39
So,so,979.85,980.37
um,um,980.37,980.63
Sherlock,sherlock,982.23,982.34
was,was,982.61,982.77
actually,actually,982.94,983.19
wrong,wrong,983.19,983.46
about,about,983.469999,983.819999
the,the,984.16,984.4399999999999
gender,gender,984.45,984.98
of,of,984.99,985.01
uh,uh,985.969999,986.339999
Watson’s,watson's,986.349999,986.8099990000001
sibling,sibling,986.83,987.1700000000001
it,it,987.19,987.2900000000001
wasn’t,wasn't,987.299999,987.6999989999999
his,his,987.96,988.02
brother,brother,988.02,988.4399999999999
it,it,988.459999,988.479999
was,was,988.6699990000001,988.699999
his,his,988.699999,988.729999
sister,sister,988.729999,988.989999
Um,um,990.359999,990.839999
so,so,991.579999,991.6699990000001
they,they,991.6699990000001,991.8099990000001
arrive,,,
at,,,
the,,,
scene,,,
of,,,
the,the,992.39,992.46
crime,crime,992.46,992.8100000000001
Um,um,992.84,993.15
there's,there's,993.15,993.4599999999999
police,police,993.9399999999999,994.0799999999999
tape,tape,994.0799999999999,994.22
everywhere,everywhere,994.26,994.5799999999999
It’s,it's,994.5799999999999,994.73
at,at,994.73,994.92
night,night,994.92,995.27
There,there,995.5699999999999,995.77
is,is,995.77,995.81
uh,uh,996.23,996.73
police,police,996.75,997.06
cars,cars,997.06,997.56
the,the,997.57,997.94
sirens,sirens,997.97,998.6
It,it,999.01,999.16
looks,looks,999.16,999.3299999999999
like,like,999.33,999.5
a,a,999.5,999.78
pretty,pretty,1000.0,1000.2
old,old,1000.2,1000.48
run,run,1000.48,1000.6
down,down,1000.65,1000.86
apartment,apartment,1000.86,1001.49
building,building,1001.5,1001.95
Um,um,1002.03,1002.4499999999999
the,the,1004.469999,1004.489999
two,two,1004.49,1004.54
are,are,1004.54,1004.68
greeted,greeted,1004.679999,1005.189999
by,by,1005.19,1005.48
this,this,1005.58,1005.7700000000001
lady,lady,1006.24,1006.67
she's,she's,1006.67,1006.77
wearing,wearing,1006.84,1007.09
like,like,1007.09,1007.2
a,a,1007.199999,1007.2899990000001
peacoat,<unk>,1007.289999,1007.8199989999999
and,and,1007.82,1007.85
a,a,1007.85,1007.9200000000001
skirt,skirt,1008.049999,1008.4699989999999
and,and,1008.79,1008.99
then,then,1008.99,1009.3
there's,there's,1009.33,1009.6500000000001
some,some,1009.69,1009.95
animosity,animosity,1009.99,1010.85
between,between,1010.92,1011.38
this,this,1011.39,1011.53
lady,lady,1011.53,1011.87
and,and,1011.87,1012.17
Sherlock,sherlock,1012.18,1012.81
Um,um,1013.22,1013.69
it,it,1013.84,1013.8800000000001
seems,seems,1013.8800000000001,1014.07
like,like,1014.07,1014.21
they,they,1014.46,1014.62
had,had,1014.63,1014.84
some,some,1014.84,1015.0400000000001
history,history,1015.04,1015.37
of,of,1015.37,1015.49
some,some,1015.49,1015.71
sort,,,
they,they,1015.96,1016.0600000000001
don’t,don't,1016.059999,1016.189999
like,like,1016.19,1016.34
each,each,1016.34,1016.47
other,other,1016.47,1016.76
Uh,uh,1017.51,1017.79
she,she,1017.82,1018.4000000000001
calls,calls,1019.2700000000001,1019.3100000000001
him,him,1019.3100000000001,1019.33
the,the,1019.33,1019.4200000000001
freak,,,
And,and,1020.21,1020.77
um,um,1020.79,1021.4
uh,uh,1023.0,1023.7
yeah,yeah,1023.75,1023.93
there’s,there's,1023.929999,1024.199999
like,,,
a,a,1024.369999,1024.469999
tense,tense,1024.469999,1024.7799989999999
interaction,interaction,1025.359999,1025.919999
there,there,1025.92,1026.01
He,he,1026.01,1026.21
asks,asks,1026.209999,1026.489999
uh,uh,1026.949999,1027.449999
why,why,1027.43,1027.8700000000001
or,or,1028.0,1028.38
he,he,1028.56,1028.6799999999998
makes,makes,1028.68,1028.88
a,a,1028.88,1028.94
comment,comment,1028.94,1029.21
about,about,1029.21,1029.45
her,her,1029.46,1029.77
not,not,1029.79,1030.1
having,having,1030.16,1030.63
come,come,1031.0800000000002,1031.2700000000002
home,home,1031.2700000000002,1031.5100000000002
last,last,1031.5100000000002,1031.7800000000002
night,night,1031.7800000000002,1032.1100000000001
and,and,1032.37,1032.7199999999998
still,still,1032.94,1033.1000000000001
wearing,wearing,1033.1,1033.27
the,the,1033.31,1033.4099999999999
same,same,1033.41,1033.5900000000001
thing,thing,1033.59,1033.78
from,from,1033.78,1033.87
the,the,1033.87,1033.9399999999998
night,night,1033.94,1034.1000000000001
before,before,1034.099999,1034.4899990000001
And,and,1035.29,1035.55
then,then,1035.55,1035.62
so,so,1035.62,1036.03
they,they,1036.26,1036.31
duck,duck,1036.3799999999999,1036.6
under,under,1036.61,1036.73
There’s,there's,1036.98,1037.22
this,this,1037.219999,1037.389999
guy,guy,1037.389999,1037.599999
named,named,1037.599999,1037.839999
Anderson,anderson,1037.84,1038.31
who,who,1038.309999,1038.429999
comes,comes,1038.429999,1038.709999
out,out,1038.71,1038.88
who,who,1038.889999,1039.139999
we,we,1039.139999,1039.429999
know,know,1039.469999,1039.8399989999998
does,does,1040.139999,1040.309999
not,not,1040.309999,1040.4899990000001
get,get,1040.6499990000002,1040.7299990000001
along,along,1040.8699990000002,1041.1599990000002
too,too,1041.1599990000002,1041.319999
well,well,1041.319999,1041.3899990000002
with,with,1041.3899990000002,1041.4199990000002
Sherlock,sherlock,1041.589999,1041.949999
and,and,1041.95,1042.1200000000001
maybe,maybe,1042.42,1042.71
doesn’t,doesn't,1042.709999,1042.939999
quite,quite,1042.940001,1043.170001
believe,believe,1043.17,1043.5800000000002
in,in,1043.58,1043.74
his,his,1043.74,1044.06
abilities,abilities,1044.42,1045.03
detective,detective,1045.1,1045.52
ability,ability,1045.61,1045.99
So,so,1046.45,1046.8899999999999
um,um,1046.92,1047.36
Anderson,anderson,1048.65,1049.52
says,says,1051.08,1051.16
to,to,1051.16,1051.29
him,him,1051.43,1051.77
just,,,
some,some,1051.94,1052.2
snarky,<unk>,1052.26,1052.5
things,things,1053.37,1053.61
to,to,1054.01,1054.07
him,him,1054.74,1054.8700000000001
I,,,
don’t,,,
remember,,,
exactly,,,
what,what,1054.87,1055.2099999999998
And,and,1055.74,1056.27
um,um,1056.28,1056.82
uh,uh,1059.13,1059.4
Sherlock,sherlock,1059.42,1059.8400000000001
makes,makes,1059.839999,1060.029999
a,a,1060.029999,1060.109999
comment,comment,1060.109999,1060.509999
about,about,1060.539999,1061.089999
the,the,1061.629999,1062.089999
lady,lady,1062.1,1062.7199999999998
um,um,1062.77,1063.33
spending,spending,1063.57,1063.96
the,the,1063.96,1064.05
night,night,1064.05,1064.36
at,at,1064.4,1064.77
with,with,1064.79,1065.01
Anderson,anderson,1065.01,1065.58
um,um,1065.69,1066.0
because,because,1066.03,1066.33
of,of,1066.33,1066.53
the,the,1066.88,1067.17
cologne,cologne,1067.2,1067.52
that,that,1067.53,1067.6399999999999
he,he,1067.64,1067.7700000000002
can,can,1067.78,1067.87
smell,smell,1067.87,1068.1999999999998
or,or,1068.2,1068.26
something,something,1068.26,1068.77
And,and,1069.04,1069.1399999999999
then,then,1069.14,1069.26
also,also,1069.26,1069.46
makes,makes,1069.46,1069.64
a,a,1069.64,1069.71
comment,comment,1069.71,1070.04
about,about,1070.05,1070.44
her,her,1070.73,1070.93
knees,knees,1071.0700000000002,1071.42
um,um,1071.76,1072.0700000000002
implying,implying,1072.21,1072.63
that,that,1072.63,1072.66
like,like,1072.9,1073.3300000000002
there,there,1073.57,1073.73
was,,,
some,some,1073.8,1074.1299999999999
sexual,sexual,1074.16,1074.5400000000002
relationship,relationship,1074.54,1075.03
going,going,1075.049999,1075.359999
on,on,1075.36,1075.6499999999999
And,and,1076.259999,1076.799999
so,so,1076.799999,1077.119999
then,,,
he,he,1077.46,1078.06
he,he,1078.469999,1078.729999
Sherlock,sherlock,1078.74,1079.16
and,and,1079.18,1079.3400000000001
Watson,watson,1079.34,1079.74
enter,enter,1079.76,1080.23
the,the,1080.23,1080.38
building,,,
