She,she,21.129999,21.319999000000003
took,took,21.490000000000002,21.76
a,a,21.759999999999998,21.889999999999997
deep,deep,21.9,22.229999999999997
breath,breath,22.27,22.82
and,and,23.11,23.3
tried,tried,23.3,23.580000000000002
to,to,23.58,23.689999999999998
calm,calm,23.69,24.07
down,down,24.07,24.5
The,the,25.42,25.540000000000003
situation,situation,25.54,26.22
seemed,seemed,26.22,26.52
too,too,26.66,26.95
good,good,26.95,27.46
and,and,27.939999999999998,28.11
after,after,28.11,28.39
she,she,28.389999,28.589999
spent,spent,28.59,28.89
most,most,28.889999,29.259999
of,of,29.259999,29.369999
the,the,29.369999999999997,29.449999999999996
last,last,29.45,29.8
weeks,weeks,29.8,30.04
worrying,worrying,30.05,30.78
she,she,31.240000000000002,31.46
knew,knew,31.46,31.64
she,she,31.639999,31.809999
could,could,31.809998999999998,31.969998999999998
enjoy,enjoy,31.969999,32.409999
the,the,32.41,32.519999999999996
moment,moment,32.519999999999996,33.129999999999995
She,she,34.199999,34.389998999999996
looked,looked,34.389999,34.609999
at,at,34.609999,34.699999000000005
her,her,34.699999,34.809999
reflection,reflection,34.809999000000005,35.429999
in,in,35.43,35.53
the,the,35.529999000000004,35.639999
mirror,mirror,35.639999,36.179999
and,and,36.230000000000004,36.39
started,started,36.39,36.72
laughing,laughing,36.72,37.12
uncontrollably,uncontrollably,37.14,38.14
That,that,39.66,39.93
evening,evening,39.94,40.48
at,at,40.95,41.09
her,her,41.09,41.230000000000004
biggest,biggest,41.24,41.7
moment,moment,41.7,42.010000000000005
of,of,42.01,42.129999999999995
triumph,triumph,42.15,42.8
she,she,43.38,43.580000000000005
did,did,43.58,43.809999999999995
the,the,43.81,43.89
expected,expected,43.89,44.63
calling,calling,45.21,45.58
her,her,45.58,45.67
mother,mother,45.67,45.96
to,to,45.96,46.1
brag,brag,46.099999,46.699999
In,in,48.08,48.28
general,general,48.28,48.97
conversations,conversations,49.44,50.22
with,with,50.219999,50.369999
her,her,50.37,50.46
mother,mother,50.46,50.92
resembled,resembled,50.929999,51.549999
an,an,51.58,51.71
intense,intense,51.71,52.35
and,and,52.389999,52.559999000000005
unbelievably,unbelievably,52.6,53.43
optimistic,optimistic,53.469999,54.119999
lecture,lecture,54.119999,54.559999
about,about,54.62,54.86
all,all,54.91,55.12
the,the,55.12,55.23
good,good,55.230000000000004,55.53
things,things,55.55,55.849999999999994
she,she,55.86,55.99
had,had,55.99,56.09
accomplished,accomplished,56.09,56.7
in,in,56.7,56.81
her,her,56.81,56.95
life,life,56.95,57.39
Starting,starting,58.15,58.61
from,from,58.61,58.79
how,how,58.79,58.949999999999996
she,she,58.95,59.11
managed,managed,59.11,59.46
to,to,59.47,59.6
slide,slide,59.6,60.050000000000004
from,from,60.05,60.209999999999994
her,her,60.21,60.31
mother’s,mother's,60.31,60.68
womb,womb,60.71,61.13
up,up,61.49,61.7
to,to,61.7,61.85
the,the,61.85,61.97
way,way,61.97,62.26
she,she,62.26,62.44
had,had,62.44,62.58
reached,reached,62.58,62.83
the,the,62.84,62.970000000000006
finals,finals,62.97,63.54
in,in,63.57,63.72
American,american,63.719999,64.269999
Idol,idol,64.27,64.72
To,to,66.53,66.67
be,be,66.67,66.81
honest,honest,66.809999,67.39999900000001
it,it,67.679999,67.829999
wasn’t,wasn't,67.83,68.14999999999999
far,far,68.15,68.37
from,from,68.37,68.54
the,the,68.53999999999999,68.66
truth,truth,68.679999,69.179999
Her,her,69.839999,69.949999
mother,mother,69.95,70.25
had,had,70.25,70.43
gone,gone,70.43,70.7
through,through,70.719999,70.919999
only,only,70.93,71.26
2,<unk>,71.539999,71.549999
hours,hours,71.58,71.97
of,of,71.99,72.16
relaxed,relaxed,72.19,72.67
labor,labor,72.67,73.12
She,she,73.43,73.62
could,could,73.62,73.77000000000001
imagine,imagine,73.77,74.44
though,though,75.0,75.19
she,she,75.19,75.39
never,never,75.39,75.66
actually,actually,75.66,76.03
tried,tried,76.04,76.55000000000001
it,it,76.91,77.06
could,could,77.06,77.22
have,have,77.22,77.38
gone,gone,77.38,77.64999999999999
worse,worse,77.65,78.21000000000001
But,but,79.37,79.59
to,to,79.59,79.69
this,this,79.69,79.99
day,day,79.99,80.6
every,every,80.889999,81.17999900000001
time,time,81.179999,81.44999899999999
she,she,81.45,81.61
looked,looked,81.61,81.85
at,at,81.849999,81.899999
her,her,81.91,82.05
mom’s,mom's,82.05,82.42999999999999
belly,belly,82.429999,82.899999
she,she,83.309999,83.519999
felt,felt,83.52,83.75
that,that,83.75,83.88
it,it,83.88,83.97
was,was,83.969999,84.099999
a,a,84.099999,84.16999899999999
safe,safe,84.17,84.52
haven,haven,84.52,85.00999999999999
that,that,85.03999999999999,85.22999999999999
truly,truly,85.25,85.67
felt,felt,85.67,85.91
nice,nice,85.929999,86.27999899999999
and,and,86.299999,86.509999
warm,warm,86.509999,86.879999
As,as,88.799999,89.039999
for,for,89.039999,89.22999899999999
Idol,idol,89.25,89.74
it,it,90.219999,90.349999
wasn’t,wasn't,90.35,90.66
that,that,90.66,90.86999999999999
simple,simple,90.87,91.38000000000001
as,as,91.49,91.64999999999999
nothing,nothing,91.65,91.97
in,in,91.97,92.11
life,life,92.11,92.4
ever,ever,92.44,92.74
is,is,92.74,93.21
She,she,93.93,94.14
did,did,94.14,94.43
pick,pick,94.47,94.69
a,a,94.69,94.75999999999999
great,great,94.76,95.12
song,song,95.12,95.67
and,and,95.96,96.14999999999999
well,well,96.15,96.58000000000001
she,she,96.84,97.05
did,did,97.05,97.28
take,take,97.28,97.5
it,it,97.5,97.62
for,for,97.62,97.75
granted,granted,97.75,98.36
although,although,98.53,98.88
it,it,98.88,98.97999999999999
was,was,98.98,99.16000000000001
better,better,99.16,99.47
than,than,99.469999,99.609999
anything,anything,99.62,100.05000000000001
she,she,100.05,100.23
could,could,100.23,100.4
ever,ever,100.42,100.68
hope,hope,100.679999,100.939999
for,for,100.94,101.34
And,and,101.7,101.86
she,she,101.86,101.99
could,could,101.99,102.14999999999999
go,go,102.15,102.34
on,on,102.42,102.83
and,and,102.889999,103.06999900000001
on,on,103.11,103.54
and,and,103.57,103.77999999999999
on,on,103.83,104.27
about,about,104.46000000000001,104.74000000000001
all,all,104.78,105.0
the,the,105.0,105.12
things,things,105.12,105.4
that,that,105.4,105.52000000000001
worked,worked,105.52,105.81
out,out,105.809999,106.189999
But,but,106.940001,107.10000099999999
it,it,107.1,107.19
was,was,107.190001,107.330001
beside,beside,107.33,107.72
the,the,107.719999,107.789999
point,point,107.789999,108.27999899999999
She,she,109.4,109.60000000000001
learned,learned,109.6,109.83999999999999
her,her,109.84,109.97
lesson,lesson,109.97,110.49
or,or,110.97,111.09
so,so,111.09,111.28
she,she,111.28,111.45
told,told,111.45,111.76
everyone,everyone,111.76,112.32000000000001
not,not,112.59,112.84
understanding,understanding,112.87,113.49000000000001
what,what,113.49,113.71
the,the,113.71,113.80999999999999
lesson,lesson,113.81,114.18
was,was,114.18,114.62
and,and,114.88,115.03999999999999
how,how,115.04,115.2
the,the,115.2,115.31
hell,hell,115.31,115.58
was,was,115.65,115.82000000000001
she,she,115.82,115.99
supposed,supposed,115.99,116.3
to,to,116.3,116.36999999999999
learn,learn,116.37,116.66000000000001
it,it,116.66,116.97
Her,her,118.48,118.61
mom,mom,118.61,118.92
recognized,recognized,118.92,119.64
her,her,119.639999,119.75999900000001
elated,elated,119.759999,120.209999
mood,mood,120.21000000000001,120.67
and,and,120.9,121.08000000000001
said,said,121.08,121.3
to,to,121.299999,121.36999899999999
her,her,121.37,121.56
enthusiastically,<unk>,122.41,122.8
I’m,i'm,123.15,123.37
so,so,123.37,123.53
proud,proud,123.759999,124.069999
of,of,124.07,124.19
you,you,124.190001,124.32000099999999
Rachel,rachel,124.32,124.72
Listen,listen,125.190001,125.560001
to,to,125.559999,125.669999
me,me,125.67,126.01
This,this,126.39,126.53
might,might,126.53,126.74
sound,sound,126.74,126.94999999999999
a,a,126.95,127.07000000000001
bit,bit,127.08,127.36
obnoxious,obnoxious,127.36,128.14
but,but,128.44,128.60999999999999
have,have,128.61,128.64000000000001
you,you,128.64,128.77999999999997
forgone,forgone,128.78,129.25
the,the,129.25,129.37
idea,idea,129.37,129.76
of,of,129.79,129.92
seeing,seeing,129.93,130.24
a,a,130.24,130.31
psychic,psychic,130.31,130.75
about,about,130.76,131.0
your,your,131.0,131.1
stagefright,<unk>,131.58,131.97
Wow,wow,133.23,133.64999999999998
mom,mom,133.66,134.07
that,that,134.4,134.6
was,was,134.599999,134.789999
just,just,134.79,135.04
a,a,135.04,135.10999999999999
fleeting,fleeting,135.11,135.62
idea,idea,135.62,136.26
I’m,i'm,136.4,136.55
not,not,136.55,136.83
that,that,136.889999,137.08999899999998
desperate,desperate,137.099999,137.689999
Bambi,bambi,138.7,139.14
I,i,139.27,139.39000000000001
know,know,139.389999,139.51999899999998
you,you,139.61,139.79000000000002
aren’t,aren't,139.79,140.39
She,she,141.38,141.62
sometimes,sometimes,141.62,142.06
hated,hated,142.059999,142.349999
her,her,142.359999,142.469999
mom,mom,142.469999,142.809999
for,for,142.809999,142.949999
her,her,142.949999,143.079999
random,random,143.07999999999998,143.45999999999998
comments,comments,143.459999,144.089999
But,but,144.609999,144.789999
she,she,144.79,144.9
had,had,144.91,145.09
a,a,145.09,145.15
point,point,145.15,145.65
Sure,sure,146.68,146.96
mom,mom,146.96,147.33
I’m,i'm,147.8,147.97
done,done,147.97,148.14
with,with,148.14,148.26999999999998
that,that,148.27,148.62
she,she,149.12,149.33
said,said,149.33,149.52
hesitantly,hesitantly,149.53,150.29
as,as,150.43,150.55
she,she,150.55,150.72
hung,hung,150.72,150.93
up,up,150.93,151.23000000000002
and,and,151.58,151.72
thought,thought,151.72,151.96
to,to,151.96,152.04000000000002
herself,herself,152.04,152.59
what,what,153.19,153.45
do,do,153.45,153.57999999999998
I,i,153.58,153.65
have,have,153.65,153.85
to,to,153.849999,153.939999
lose,lose,153.94,154.42
She,she,156.469999,156.679999
woke,woke,156.679999,156.939999
up,up,156.94,157.07
late,late,157.09,157.51
the,the,157.54,157.66
next,next,157.66,157.97
morning,morning,157.969999,158.449999
and,and,158.48,158.66
calmly,calmly,158.66,159.1
scanned,scanned,159.099999,159.539999
the,the,159.549999,159.66999900000002
newspaper,newspaper,159.67,160.30999999999997
for,for,160.309999,160.439999
the,the,160.440001,160.540001
combination,combination,160.539999,161.189999
of,of,161.190001,161.320001
best,best,161.32999999999998,161.82
and,and,161.859999,162.109999
nearest,nearest,162.13,162.75
psychic,psychic,162.76,163.38
Before,before,164.12,164.49
long,long,164.49,164.91
she,she,164.94,165.17
understood,understood,165.17,165.76
that,that,165.76,166.01999999999998
knowing,knowing,166.28,166.64000000000001
nothing,nothing,166.64,166.91
about,about,166.91,167.12
the,the,167.12,167.23000000000002
subject,subject,167.23,167.75
it,it,167.86,168.05
was,was,168.06,168.25
hard,hard,168.25,168.54
to,to,168.54,168.64
figure,figure,168.64,168.92999999999998
out,out,168.93,169.1
which,which,169.13,169.4
psychic,psychic,169.4,169.82
was,was,169.82,170.01999999999998
the,the,170.02,170.12
best,best,170.12,170.69
She,she,171.179999,171.349999
would,would,171.349999,171.479999
have,have,171.48,171.67999999999998
to,to,171.679999,171.799999
settle,settle,171.8,172.06
for,for,172.059999,172.229999
the,the,172.23,172.35
nearest,nearest,172.36,172.8
one,one,172.8,173.0
she,she,173.0,173.17
could,could,173.17,173.33999999999997
find,find,173.34,173.8
Hermione,<unk>,174.719999,175.319999
the,the,175.34,175.47
Giant,giant,176.18,176.23
pedicurist,<unk>,176.4,176.85
and,and,176.88,177.07999999999998
fortune,fortune,177.08,177.44000000000003
teller,teller,177.44,177.9
Money,money,178.01,178.35
back,back,178.35,178.62
guaranteed,guaranteed,178.629999,179.459999
The,the,179.99,180.12
combination,combination,180.12,180.78
was,was,180.78,180.94
kind,kind,180.94,181.17
of,of,181.17,181.28
intriguing,intriguing,181.28,181.96
and,and,182.04,182.20999999999998
just,just,182.21,182.47
the,the,182.47,182.58
thought,thought,182.58,182.92000000000002
of,of,182.93,183.07
Harry,harry,183.07,183.35999999999999
Potter,potter,183.36,183.84
which,which,184.18,184.38
was,was,184.38,184.51999999999998
her,her,184.52,184.65
all,all,184.68,184.93
time,time,184.94,185.27
favorite,favorite,185.29,185.7
book,book,185.7,185.92999999999998
by,by,185.94,186.17
far,far,186.17,186.64999999999998
made,made,186.87,187.1
the,the,187.1,187.17
choice,choice,187.17,187.51
even,even,187.55,187.83
more,more,187.83,188.05
exciting,exciting,188.05,188.66000000000003
A,a,189.8,189.9
sweet,sweet,189.9,190.22
voice,voice,190.25,190.57
answered,answered,190.59,190.95000000000002
her,her,190.95,191.08999999999997
call,call,191.09,191.58
It’s,it's,192.15,192.35
your,your,192.349999,192.509999
lucky,lucky,192.509999,192.869999
day,day,192.92,193.26
Mr,mr,193.259999,193.42999899999998
Monroe,monroe,193.48,194.25
Somehow,somehow,194.759999,195.159999
a,a,195.16,195.24
fake,fake,195.24,195.56
name,name,195.559999,195.849999
felt,felt,195.87,196.1
sexier,sexier,196.1,196.68
I,i,197.129999,197.29999899999999
have,have,197.299999,197.53999900000002
a,a,197.539999,197.619999
place,place,197.869999,198.209999
at,at,198.24,198.36
5,<unk>,198.359999,199.039999
30,<unk>,198.61,199.03
pm,pm,199.039999,199.529999
today,today,199.53,200.1
but,but,200.31,200.45
it’s,it's,200.45,200.57999999999998
going,going,200.58,200.82000000000002
to,to,200.82,200.89
be,be,200.89,201.02999999999997
rainy,rainy,201.03,201.52
so,so,201.55,201.70000000000002
be,be,201.7,201.82999999999998
sure,sure,201.83,202.20000000000002
to,to,202.23,202.32999999999998
bring,bring,202.33,202.59
an,an,202.59,202.70000000000002
umbrella,umbrella,202.7,203.39
She,she,204.85,205.06
arrived,arrived,205.06,205.49
at,at,205.49,205.56
Hermione’s,<unk>,205.71,206.13
clinic,clinic,206.17,206.57999999999998
at,at,206.599999,206.729999
5,<unk>,206.76,207.84
36,,,
And,and,208.26,208.43
Hermione,<unk>,208.43,209.14000000000001
to,to,209.52,209.65
her,her,209.65,209.83
delight,delight,209.83,210.22
was,was,210.23,210.39999999999998
a,a,210.4,210.48000000000002
surprisingly,surprisingly,210.48,211.29999999999998
beautiful,beautiful,211.299999,211.81999900000002
magician,magician,211.82,212.47
welcomed,welcomed,212.77,213.22
her,her,213.219999,213.359999
in,in,213.36,213.70000000000002
I,i,214.369999,214.569999
love,love,214.57,215.01999999999998
Tuesdays,tuesdays,215.02,215.85000000000002
she,she,215.959999,216.219999
said,said,216.22,216.65
For,for,217.0,217.19
some,some,217.19,217.49
reason,reason,217.49,217.96
everyone,everyone,218.27,218.70000000000002
seems,seems,218.7,219.06
to,to,219.06,219.16
be,be,219.16,219.32
happy,happy,219.32,219.94
I,i,221.13,221.24
know,know,221.24,221.38
what,what,221.38,221.54999999999998
you,you,221.55,221.67000000000002
mean,mean,221.67,222.07
I,i,222.36,222.45000000000002
used,used,222.45,222.69
to,to,222.69,222.77
be,be,222.77,222.91
in,in,222.91,223.0
the,the,223.01,223.12
phonebook,<unk>,223.12,223.61
industry,industry,223.61,224.13000000000002
Rachel,rachel,224.15,224.53
replied,replied,224.53,225.16
feeling,feeling,225.389999,225.689999
that,that,225.69,225.85
was,was,225.849999,225.969999
a,a,225.969999,226.029999
satisfactory,satisfactory,226.03,226.78
response,response,226.78,227.46
So,so,228.2,228.78
are,are,229.04,229.16
you,you,229.16,229.29999999999998
interested,interested,229.34,229.83
in,in,229.83,229.97
pedicure,pedicure,229.98,230.53
session,session,230.53,231.1
or,or,231.16,231.35
are,are,231.349999,231.48999899999998
you,you,231.49,231.71
just,just,231.719999,232.039999
here,here,232.039999,232.26999899999998
for,for,232.27,232.42000000000002
fortune,fortune,232.42000000000002,232.83
telling,telling,232.82999999999998,233.27999999999997
Hermione,<unk>,233.539999,233.729999
asked,asked,234.07999999999998,234.63
Just,just,235.26,235.48999999999998
the,the,235.49,235.60000000000002
fortune,fortune,235.6,235.96
telling,telling,235.96,236.44
My,my,236.6,236.75
toenails,toenails,236.75,237.22
seem,seem,237.22,237.41
to,to,237.41,237.51
be,be,237.51,237.63
just,just,237.63,237.88
glowing,glowing,237.89,238.32
these,these,238.32,238.5
days,days,238.5,238.8
thank,thank,238.81,239.11
you,you,239.11,239.36
Rachel,rachel,239.44,239.76
said,said,239.76,240.0
proudly,proudly,240.0,240.55
Sure,sure,241.13,241.51
darling,darling,241.53,242.07
Hermione,<unk>,242.41,242.92
replied,replied,242.94,243.37
and,and,243.37,243.4
grinned,<unk>,243.4,243.93
What,what,245.62,245.82
seems,seems,245.82,246.13
to,to,246.13,246.21
be,be,246.21,246.35
bothering,bothering,246.349999,246.829999
you,you,246.83,247.02
Ms,ms,247.03,247.24
Monroe,monroe,247.27,248.0
It’s,it's,249.0,249.22
Simon,simon,249.219999,249.819999
the,the,250.24,250.34
meanest,meanest,250.34,250.74
judge,judge,250.74,251.08
in,in,251.07999999999998,251.20999999999998
American,american,251.209999,251.63999900000002
Idol,idol,251.639999,252.009999
I,i,252.42000000000002,252.54000000000002
can’t,can't,252.539999,252.79999899999999
stop,stop,252.8,253.05
thinking,thinking,253.05,253.39000000000001
about,about,253.39,253.64
him,him,253.64,253.91
I,i,254.66,254.78
am,am,254.78,254.92
supposed,supposed,254.92,255.32
to,to,255.32,255.4
participate,participate,255.4,256.0
in,in,256.0,256.08
the,the,256.08,256.19
final,final,256.19,256.76
but,but,257.09,257.28
I,i,257.28,257.36999999999995
am,am,257.37,257.5
afraid,afraid,257.5,257.92
to,to,257.92,258.04
panic,panic,258.04,258.66
I’m,i'm,259.4,259.57
absolutely,absolutely,259.6,260.19
obsessed,obsessed,260.19,260.68
with,with,260.679999,260.809999
him,him,260.809999,261.039999
I,i,261.67,261.78000000000003
dream,dream,261.78,262.09999999999997
about,about,262.099999,262.369999
him,him,262.37,262.55
constantly,constantly,262.55,263.36
and,and,263.65,263.78999999999996
I,i,263.79,263.89000000000004
imagine,imagine,263.889999,264.339999
his,his,264.34,264.61999999999995
voice,voice,264.62,265.05
in,in,265.24,265.39
almost,almost,265.4,265.77
every,every,265.79,266.09000000000003
man,man,266.09,266.44
I,i,266.45,266.58
hear,hear,266.58,267.02
To,to,267.839999,267.97999899999996
be,be,267.98,268.12
honest,honest,268.119999,268.699999
you,you,268.85,269.0
are,are,269.0,269.08
the,the,269.08,269.18
first,first,269.190001,269.570001
person,person,269.59,269.95
I’ve,i've,269.949999,270.089999
confided,confided,270.09,270.63
with,with,270.61,271.04
Do,do,272.31,272.46
you,you,272.48,272.55
like,like,272.64,272.86
vodka,vodka,272.86,273.54
Ms,ms,273.6,273.82000000000005
Monroe,monroe,273.85,274.46000000000004
Rachel,rachel,275.83,276.2
didn’t,didn't,276.2,276.43
understand,understand,276.43,276.94
the,the,276.94,277.03
relevance,relevance,277.03,277.46
of,of,277.46,277.58
the,the,277.58,277.65999999999997
question,question,277.66,278.21000000000004
but,but,278.32,278.48
she,she,278.48,278.6
replied,replied,278.599999,279.049999
nevertheless,nevertheless,279.059999,279.889999
I’m,i'm,280.349999,280.489999
not,not,280.49,280.68
crazy,crazy,280.679999,281.079999
about,about,281.08,281.33
it,it,281.33,281.51
but,but,281.65,281.87
I,i,281.91,281.99
drink,drink,281.99,282.23
a,a,282.23,282.3
sip,sip,282.3,282.54
now,now,282.57,282.77
and,and,282.77,282.95
then,then,282.95,283.28999999999996
Just,just,284.19,284.46
keep,keep,284.46,284.76
your,your,284.759999,284.949999
eyes,eyes,284.95,285.39
on,on,285.389999,285.509999
the,the,285.509999,285.619999
vodka,vodka,285.62,286.03000000000003
bottle,bottle,286.039999,286.619999
Hermione,<unk>,286.879999,287.449999
said,said,287.459999,287.929999
as,as,288.129999,288.239999
she,she,288.24,288.39
started,started,288.39,288.77
to,to,288.77,288.88
gently,gently,288.88,289.3
caress,caress,289.32,289.79
a,a,289.84,289.95
tiny,tiny,289.95,290.28999999999996
vodka,vodka,290.29,290.68
bottle,bottle,290.68,291.03000000000003
which,which,291.03,291.21
was,was,291.21,291.35999999999996
standing,standing,291.36,291.75
on,on,291.76,291.86
the,the,291.86,291.99
table,table,291.99,292.59000000000003
Aren’t,aren't,293.51,293.7
you,you,293.7,293.82
supposed,supposed,293.82,294.07
to,to,294.07,294.15
do,do,294.16,294.28000000000003
that,that,294.28,294.40999999999997
with,with,294.41,294.54
a,a,294.54,294.62
crystal,crystal,294.67,295.16
ball,ball,295.17,295.79
Rachel,rachel,296.2,296.57
asked,asked,296.57,296.79
doubtfully,<unk>,296.79,297.40000000000003
Put,put,298.66,298.87
your,your,298.87,299.03000000000003
trust,trust,299.04,299.46000000000004
in,in,299.469999,299.629999
Hermione,<unk>,299.809999,300.399999
and,and,300.469999,300.569999
everything,everything,300.649999,301.139999
will,will,301.139999,301.169999
be,be,301.34,301.48999999999995
just,just,301.5,301.99
fine,fine,301.99,302.66
She,she,303.49,303.68
took,took,303.679999,303.869999
a,a,303.87,303.93
deep,deep,303.929999,304.169999
breath,breath,304.18,304.7
and,and,304.84,305.0
tried,tried,305.0,305.27
not,not,305.27,305.46999999999997
to,to,305.48,305.61
laugh,laugh,305.609999,306.129999
The,the,307.48,307.61
next,next,307.61,307.89
thing,thing,307.89,308.11
she,she,308.11,308.29
remembered,remembered,308.29,308.78000000000003
was,was,308.83,309.0
looking,looking,309.0,309.3
around,around,309.31,309.9
and,and,310.09,310.21999999999997
feeling,feeling,310.22,310.53000000000003
like,like,310.53,310.78999999999996
she,she,310.8,311.02000000000004
could,could,311.02,311.2
really,really,311.2,311.52
use,use,311.52,311.77
a,a,311.77,311.84
good,good,311.84,312.11999999999995
pedicure,pedicure,312.12,312.67
session,session,312.67,313.21000000000004
When,when,313.88,314.08
she,she,314.08,314.25
left,left,314.25,314.52
Hermione’s,<unk>,314.52,315.06
clinic,clinic,315.099999,315.44999900000005
an,an,315.45,315.61
hour,hour,315.62,315.91
later,later,315.91,316.34000000000003
she,she,316.57,316.78
felt,felt,316.78,316.98999999999995
worse,worse,317.01,317.38
than,than,317.38,317.54
she,she,317.54,317.72
had,had,317.719999,317.97999899999996
for,for,317.98,318.14000000000004
ages,ages,318.16,318.77000000000004
It,it,319.549999,319.689999
was,was,319.69,319.84
like,like,319.84,320.03
a,a,320.03,320.08
nightmare,nightmare,320.08,320.7
Her,her,321.299999,321.46999900000003
face,face,321.469999,321.85999899999996
looked,looked,321.86,322.1
pale,pale,322.15,322.69
and,and,323.039999,323.19999900000005
she,she,323.199999,323.379999
had,had,323.379999,323.609999
severe,severe,323.609999,324.08999900000003
pain,pain,324.09,324.31
in,in,324.309999,324.429999
her,her,324.440001,324.580001
throat,throat,324.58,325.03999999999996
As,as,326.21,326.34
she,she,326.34,326.47999999999996
strolled,strolled,326.48,327.03000000000003
down,down,327.09,327.27
the,the,327.27,327.37
street,street,327.37,327.93
she,she,327.94,328.18
heard,heard,328.18,328.43
a,a,328.43,328.49
man,man,328.49,328.79
that,that,328.79,328.94
sounded,sounded,328.94,329.3
exactly,exactly,329.3,329.83
like,like,329.83,330.07
Simon,simon,330.07,330.62
and,and,331.22,331.34000000000003
after,after,331.34,331.64
another,another,331.64,332.01
second,second,332.01,332.7
she,she,332.71,332.96
realized,realized,332.96,333.53
that,that,333.53,333.64
she,she,333.639999,333.799999
was,was,333.8,333.97
panicking,panicking,333.969999,334.60999899999996
Feeling,feeling,335.62,335.92
stressed,stressed,335.92,336.54
she,she,336.67,336.89000000000004
stopped,stopped,336.889999,337.329999
to,to,337.34,337.39
buy,buy,337.389999,337.72999899999996
a,a,337.759999,337.829999
vodka,vodka,337.83,338.21
martini,martini,338.21,338.88
and,and,339.059999,339.209999
continued,continued,339.21,339.71
walking,walking,339.71,340.13
home,home,340.129999,340.429999
heavy,heavy,340.440001,340.790001
hearted,hearted,340.789999,341.309999
As,as,342.389999,342.579999
days,days,342.58,342.83
went,went,342.83,343.05
by,by,343.05,343.47
she,she,343.86,344.09000000000003
noticed,noticed,344.09,344.41999999999996
that,that,344.42,344.56
she,she,344.56,344.72
was,was,344.72,344.85
thinking,thinking,344.85,345.17
about,about,345.17,345.44
Simon,simon,345.44,345.93
more,more,345.93,346.23
than,than,346.23,346.40000000000003
ever,ever,346.4,346.82
She,she,347.33,347.51
was,was,347.51,347.67
completely,completely,347.67,348.27000000000004
terrified,terrified,348.27,348.91999999999996
of,of,348.93,349.04
meeting,meeting,349.04,349.35
Simon,simon,349.35,349.83000000000004
She,she,350.8,351.0
called,called,351.0,351.28
her,her,351.28,351.4
mom,mom,351.4,351.83
and,and,352.01,352.15999999999997
easily,easily,352.16,352.56
persuaded,persuaded,352.559999,353.169999
her,her,353.179999,353.409999
to,to,353.429999,353.559999
come,come,353.57,353.8
with,with,353.8,354.02000000000004
her,her,354.02,354.15
to,to,354.15,354.28
the,the,354.28,354.39
finals,finals,354.389999,354.839999
the,the,354.84,354.92999999999995
next,next,354.929999,355.199999
day,day,355.2,355.51
When,when,356.389999,356.549999
she,she,356.549999,356.759999
arrived,arrived,356.759999,357.15999899999997
at,at,357.16,357.25
the,the,357.25,357.33
studios,studios,357.33,358.08
Simon,simon,358.1,358.52000000000004
was,was,358.52,358.65
staring,staring,358.65,359.03999999999996
at,at,359.039999,359.129999
his,his,359.129999,359.299999
feet,feet,359.299999,359.729999
How,how,360.88,361.14
are,are,361.14,361.21999999999997
you,you,361.23,361.35
doing,doing,361.35,361.71000000000004
Simon,simon,361.71,362.28
she,she,362.33,362.57
asked,asked,362.57,362.92
almost,almost,363.4,363.75
losing,losing,363.75,364.05
control,control,364.05,364.54
over,over,364.54,364.76000000000005
her,her,364.76,364.90999999999997
voice,voice,364.91,365.25
for,for,365.25,365.41
a,a,365.41,365.45000000000005
moment,moment,365.45,365.97999999999996
I,i,367.17,367.32
am,am,367.32,367.48
doing,doing,367.48,367.72
great,great,367.72,368.21000000000004
How,how,368.34,368.60999999999996
are,are,368.61,368.69
you,you,368.69,368.92
these,these,368.92,369.15000000000003
days,days,369.15,369.66999999999996
Getting,getting,370.65,370.92999999999995
by,by,370.929999,371.33999900000003
she,she,371.559999,371.759999
answered,answered,371.759999,372.249999
actually,actually,372.52,372.91999999999996
thinking,thinking,372.929999,373.239999
about,about,373.24,373.45
the,the,373.45,373.63
bottle,bottle,373.639999,373.989999
that,that,374.0,374.15
she,she,374.15,374.28
was,was,374.28,374.42999999999995
hiding,hiding,374.429999,374.849999
I,i,375.91,376.01000000000005
have,have,376.01,376.24
to,to,376.24,376.34000000000003
go,go,376.34,376.57
to,to,376.57,376.71999999999997
the,the,376.71999900000003,376.809999
dressing,dressing,376.809999,377.21999900000003
room,room,377.21999900000003,377.50999900000005
Do,do,377.67,377.76
you,you,377.76,377.90999999999997
need,need,377.91,378.19
anything,anything,378.199999,378.809999
he,he,378.96999900000003,379.119999
inquired,,,
impatiently,<unk>,379.119999,379.679999
No,no,381.11,381.51
I’m,i'm,381.58,381.76
fine,fine,381.76,382.2
I,i,382.28,382.41999999999996
was,was,382.42,382.59000000000003
just,just,382.59,382.82
planning,planning,382.83,383.16999999999996
to,to,383.17,383.29
work,work,383.29,383.49
on,on,383.49,383.59000000000003
the,the,383.59,383.67999999999995
routine,routine,383.68,384.27
she,she,384.32,384.53
replied,replied,384.53,385.09
By,by,385.92,386.06
the,the,386.059999,386.179999
way,way,386.179999,386.489999
do,do,386.54,386.64000000000004
you,you,386.639999,386.749999
have,have,386.75,386.91
a,a,386.91,386.96000000000004
vodka,vodka,386.96,387.34
martini,martini,387.34,387.95
on,on,388.0,388.19
you,you,388.19,388.35
by,by,388.349999,388.50999900000005
any,any,388.51,388.7
chance,chance,388.7,389.15999999999997
What,what,389.63,390.01
No,no,390.509999,391.03999899999997
he,he,391.74,391.96000000000004
answered,answered,391.96,392.35999999999996
looking,looking,392.41,392.69
at,at,392.69,392.77
her,her,392.77,392.96
blamefully,<unk>,392.969999,393.649999
Rachel,rachel,394.609999,394.939999
felt,felt,394.949999,395.199999
like,like,395.209999,395.399999
a,a,395.4,395.46
little,little,395.459999,395.749999
girl,girl,395.76,396.24
I’m,i'm,397.0,397.19
sorry,sorry,397.19,397.7
I’ll,i'll,397.82,397.94
be,be,397.94,398.06
back,back,398.06,398.27
in,in,398.27,398.35999999999996
a,a,398.36,398.46000000000004
jiffy,<unk>,398.47,398.85
she,she,398.85,399.07000000000005
said,said,399.07,399.39
as,as,399.43,399.55
she,she,399.55,399.71000000000004
ran,ran,399.74,400.11
to,to,400.12,400.29
find,find,400.29,400.64000000000004
a,a,400.64,400.69
hidden,hidden,400.69,400.98
spot,spot,400.98,401.52000000000004
On,on,402.32,402.46999999999997
her,her,402.47,402.59000000000003
way,way,402.59,402.78
to,to,402.78,402.90999999999997
the,the,402.91,403.04
stage,stage,403.04,403.67
while,while,403.9,404.16999999999996
licking,licking,404.17,404.56
what,what,404.559999,404.709999
was,was,404.71,404.89
left,left,404.889999,405.179999
of,of,405.179999,405.269999
her,her,405.27,405.41999999999996
drink,drink,405.42,405.91
she,she,406.13,406.32
thought,thought,406.32,406.59
to,to,406.59,406.67999999999995
herself,herself,406.679999,407.549999
Why,why,407.94,408.11
didn’t,didn't,408.11,408.35
I,i,408.349999,408.429999
go,go,408.429999,408.579999
to,to,408.58,408.71
a,a,408.71,408.83
regular,regular,408.83,409.25
psychologist,psychologist,409.25,409.93
first,first,409.929999,410.46999900000003
I,i,411.219999,411.34999899999997
must,must,411.349999,411.559999
never,never,411.559999,411.879999
admit,admit,411.88,412.18
this,this,412.18,412.38
to,to,412.42,412.54
mom,mom,412.539999,412.929999
She,she,414.119999,414.33999900000003
entered,entered,414.34,414.67999999999995
the,the,414.68,414.7
stage,stage,414.76,415.15999999999997
with,with,415.17,415.32
a,a,415.33,415.35999999999996
blank,blank,415.37,415.72
stare,stare,415.73,416.04
in,in,416.04,416.16
her,her,416.16,416.3
eyes,eyes,416.3,416.74
I,i,417.21,417.31
have,have,417.32,417.57
to,to,417.57,417.7
see,see,417.7,417.87
someone,someone,417.87,418.16
about,about,418.17,418.37
my,my,418.37,418.49
new,new,418.49,418.71000000000004
focus,focus,418.71,419.10999999999996
problem,problem,419.11,419.47
as,as,419.6,419.62
soon,soon,419.62,419.88
as,as,419.88,420.02
possible,possible,420.02,420.54999999999995
she,she,420.58,420.8
thought,thought,420.81,421.12
as,as,421.5,421.55
she,she,421.55,421.69
started,started,421.69,422.06
vomiting,vomiting,422.059999,422.599999
on,on,422.65,422.82
her,her,422.82,422.93
high,high,422.929999,423.209999
heeled,heeled,423.29,423.47
shoes,shoes,423.469999,423.829999
