So,so,0.24,0.63
I,i,0.68,1.26
was,was,1.96,2.3
a,a,2.3,2.4499999999999997
junior,junior,2.46,3.14
in,in,3.14,3.41
college,college,3.41,4.2
when,when,4.79,5.0200000000000005
I,i,5.02,5.09
got,got,5.09,5.33
my,my,5.35,5.59
first,first,5.61,6.34
paying,paying,7.11,7.630000000000001
in,in,7.64,7.659999999999999
my,my,8.929999,9.199999
field,field,9.21,9.99
on,on,10.29,10.5
the,the,10.5,10.62
radio,radio,10.62,11.36
This,this,11.82,11.97
is,is,11.969999,12.089998999999999
not,not,12.09,12.32
an,an,12.32,12.43
internship,internship,12.429999,13.389999
I'm,i'm,13.83,14.040000000000001
getting,getting,14.04,14.37
a,a,14.37,14.45
check,check,14.45,15.03
It,it,16.51,16.700000000000003
was,was,16.699999,16.869999
a,a,16.869999,16.969999
country,country,17.01,17.39
and,and,17.389999,17.519999
western,western,17.52,17.91
radio,radio,17.91,18.31
station,station,18.32,18.86
and,and,20.77,20.96
my,my,20.96,21.150000000000002
job,job,21.15,21.58
though,though,21.59,21.84
it,it,21.84,21.94
was,was,21.95,22.18
only,only,22.18,22.71
on,on,22.98,23.18
the,the,23.18,23.29
weekends,weekends,23.29,24.099999999999998
was,was,24.58,24.84
to,to,24.84,24.99
play,play,24.990000000000002,25.69
the,the,26.05,26.220000000000002
top,top,26.22,26.7
country,country,26.91,27.43
hits,hits,27.429999000000002,28.019999000000002
of,of,28.349999,28.619999
the,the,28.619999999999997,28.709999999999997
week,week,28.71,29.23
each,each,29.849999,30.169999
Sunday,sunday,30.17,30.76
It,it,31.439999999999998,31.58
actually,actually,31.58,32.129999999999995
came,came,32.15,32.67
on,on,32.67,32.83
an,an,32.83,32.94
album,album,32.94,33.519999999999996
pre,pre,34.049999,34.229999
recorded,recorded,34.230000000000004,34.730000000000004
so,so,35.539999,35.819999
I,i,35.859999,36.109999
had,had,36.119999,36.369999
to,to,36.37,36.66
take,take,36.78,37.03
it,it,37.03,37.14
out,out,37.14,37.26
of,of,37.260000000000005,37.400000000000006
the,the,37.4,37.49
sleeve,sleeve,37.49,38.34
and,and,39.84,40.080000000000005
put,put,40.09,40.28
it,it,40.28,40.39
on,on,40.39,40.52
the,the,40.519999999999996,40.62
turntable,turntable,40.63,41.220000000000006
just,just,41.22,41.49
so,so,41.49,41.85
and,and,42.69,42.879999999999995
put,put,42.88,43.04
the,the,43.04,43.16
needle,needle,43.16,43.559999999999995
down,down,43.56,44.2
on,on,44.639999,44.879999000000005
side,side,44.88,45.32
one,one,45.32,45.82
caring,caring,46.29,46.88
not,not,47.54,47.76
to,to,47.759999,47.839999
scratch,scratch,47.84,48.18000000000001
it,it,48.179999,48.369999
and,and,49.559999,49.769999
then,then,49.769999999999996,49.92999999999999
let,let,49.929999,50.129999000000005
part,part,50.13,50.38
one,one,50.389999,50.609999
play,play,50.61,50.99
My,my,52.230000000000004,52.440000000000005
moment,moment,52.440000999999995,52.81000099999999
is,is,52.809999000000005,52.959999
coming,coming,52.980000000000004,53.43000000000001
now,now,53.43,53.82
Yes,yes,54.85,55.14
all,all,55.15,55.29
the,the,55.29,55.38
training,training,55.38,55.84
it's,it's,55.84,56.010000000000005
coming,coming,56.01,56.379999999999995
now,now,56.38,56.68
When,when,56.93,57.16
side,side,57.16,57.62
one,one,57.62,57.91
would,would,57.91,58.099999999999994
end,end,58.1,58.620000000000005
I,i,58.91,59.06999999999999
had,had,59.08,59.36
to,to,59.36,59.61
lift,lift,59.75,60.4
the,the,60.5,60.71
needle,needle,60.71,61.12
and,and,63.57,63.75
here's,here's,63.75,63.98
my,my,63.980000000000004,64.13000000000001
moment,moment,64.13,64.6
I,i,65.889999,66.029999
get,get,66.03,66.23
to,to,66.23,66.35000000000001
read,read,66.349999,66.689999
the,the,66.69,66.78999999999999
weather,weather,66.78999999999999,67.10999999999999
live,live,67.11,67.77
for,for,67.82,68.00999999999999
Jefferson,jefferson,68.009999,68.60999899999999
City,city,68.61,68.92
Missouri,missouri,68.99,69.53
Then,then,75.13,75.35
I,i,75.35,75.44999999999999
played,played,75.46,75.74
commercials,commercials,75.74,76.33999999999999
and,and,76.34,76.53
while,while,76.53,77.06
the,the,77.07,77.22999999999999
commercials,commercials,77.25,77.87
were,were,77.87,78.01
playing,playing,78.01,78.34
I,i,78.34,78.49000000000001
had,had,78.5,78.76
to,to,78.76,79.01
flip,flip,79.29,79.83000000000001
the,the,79.96,80.19999999999999
album,album,80.2,80.86
put,put,81.78999999999999,81.99
it,it,81.99,82.13
back,back,82.28,82.64
down,down,82.7,83.14
on,on,83.139999,83.28999900000001
the,the,83.28999999999999,83.39999999999999
turntable,turntable,83.41,84.17999999999999
put,put,84.36,84.54
the,the,84.53999999999999,84.63999999999999
needle,needle,84.639999,84.999999
back,back,85.009999,85.269999
down,down,85.33,85.64999999999999
now,now,85.65,85.94000000000001
on,on,85.95,86.22
side,side,86.23,86.95
two,two,86.969999,87.779999
and,and,88.369999,88.559999
let,let,88.559999,88.859999
part,part,88.959999,89.259999
two,two,89.27,89.69
of,of,89.779999,89.949999
the,the,89.94999899999999,89.99999899999999
top,top,90.0,90.25
country,country,90.27,90.6
hits,hits,90.6,91.02
of,of,91.23,91.42
the,the,91.42,91.49
week,week,91.49,91.69
play,play,91.69,92.09
You,you,92.94,93.11
know,know,93.11,93.22
when,when,93.22,93.38
you're,you're,93.38,93.52
getting,getting,93.52,93.83999999999999
a,a,93.84,93.93
degree,degree,93.94,94.67999999999999
in,in,94.79,94.99000000000001
communications,communications,94.99,96.05999999999999
or,or,96.06,96.31
broadcasting,broadcasting,96.79,97.93
they,they,98.24,98.42999999999999
teach,teach,98.429999,98.789999
you,you,98.78999999999999,99.13
all,all,99.22,99.42999999999999
kinds,kinds,99.429999,99.99999899999999
of,of,100.0,100.2
stuff,stuff,100.2,100.86
but,but,101.3,101.53
they,they,101.53,101.72
do,do,101.719999,101.979999
not,not,101.98,102.31
teach,teach,102.309999,102.659999
you,you,102.66,103.03
how,how,103.57,103.94
to,to,103.969999,104.129999
flip,flip,104.13,104.41
an,an,104.41,104.52
album,album,104.52,105.11999999999999
in,in,106.66,106.89
record,record,106.889999,107.209999
time,time,107.209999,107.879999
before,before,108.48,108.92
the,the,108.92,109.04
commercial,commercial,109.059999,109.529999
break,break,109.53,109.86
ends,ends,109.86,110.62
My,my,111.69,111.95
career,career,111.95,112.59
would,would,112.59,112.77000000000001
eventually,eventually,112.77,113.38
bring,bring,113.39,113.66
me,me,113.66,113.85
here,here,113.86,114.62
to,to,115.16,115.36
St,st,115.36,115.63
Louis,louis,115.63,116.25
It's,it's,118.099999,118.36999899999999
the,the,118.38,118.56
largest,largest,118.559999,119.48999900000001
market,market,119.49,120.08
I,i,120.429999,120.63999899999999
had,had,120.639999,120.749999
ever,ever,120.75,120.95
been,been,120.95,121.2
in,in,121.2,121.64
I,i,122.179999,122.579999
was,was,122.589999,122.87999900000001
excited,excited,122.88,124.05
and,and,124.41,124.69
I,i,124.690001,124.860001
was,was,124.869999,125.119999
nervous,nervous,125.139999,126.349999
and,and,127.17,127.38
so,so,127.38,127.67
I,i,127.7,127.98
am,am,127.98,128.65
trying,trying,129.07,129.57
to,to,129.57,129.70999999999998
get,get,129.71,129.88
to,to,129.88,129.99
know,know,129.99,130.15
the,the,130.15,130.26000000000002
community,community,130.26,131.01
And,and,131.67,131.80999999999997
so,so,131.81,131.94
I'm,i'm,131.94,132.07
going,going,132.07,132.35
to,to,132.37,132.61
every,every,132.62,133.17000000000002
fundraiser,fundraiser,133.17,133.98
and,and,133.98,134.19
every,every,134.21,134.69
event,event,134.69,135.09
I,i,135.09,135.20000000000002
can,can,135.2,135.41
think,think,135.42,135.67
of,of,135.67,136.07999999999998
and,and,136.65,136.82
after,after,136.82,137.16
one,one,137.16,137.4
of,of,137.4,137.53
those,those,137.53,137.78
events,events,137.78,138.49
I,i,138.71,138.86
promise,promise,138.86,139.32000000000002
you,you,139.32,139.42
it,it,139.42,139.48999999999998
was,was,139.49,139.63
actually,actually,139.63,140.07
here,here,140.07,140.60999999999999
at,at,140.98,141.19
the,the,141.19,141.3
Sheldon,sheldon,141.299999,141.989999
in,in,142.18,142.4
St,st,142.4,142.72
Louis,louis,142.719999,143.049999
Missouri,missouri,143.09,143.73
a,a,144.049999,144.12999900000003
young,young,144.129999,144.449999
man,man,144.449999,144.67999899999998
approached,approached,144.68,145.28
me,me,145.279999,145.449999
outside,outside,145.509999,146.219999
on,on,146.39,146.58999999999997
the,the,146.59,146.72
sidewalk,sidewalk,146.72,147.51
He,he,147.95,148.10999999999999
was,was,148.11,148.29000000000002
black,black,148.29,148.81
and,and,149.76,149.91
he,he,149.91,150.02
said,said,150.03,150.33
to,to,150.33,150.48000000000002
me,me,150.48,150.89999999999998
I,i,152.11,152.37
knew,knew,152.37,152.84
you,you,152.849999,153.039999
were,were,153.04,153.16
black,black,153.16,153.68
Now,now,164.37,164.39000000000001
keep,keep,164.42,164.70999999999998
in,in,164.71,164.86
mind,mind,164.86,165.49
that,that,166.37,166.61
I,i,166.61,166.72000000000003
had,had,166.87,167.16
heard,heard,167.17,167.86999999999998
pretty,pretty,168.1,168.32999999999998
much,much,168.33,168.59
my,my,168.59,168.75
whole,whole,168.75,168.99
adult,adult,168.99,169.34
life,life,169.34,169.92000000000002
You,you,170.26,170.51999999999998
sound,sound,170.52,170.83
white,white,170.83,171.37
I'd,i'd,171.52,171.76000000000002
heard,heard,171.76,172.07
that,that,172.07,172.54
I'd,i'd,173.01,173.25
heard,heard,173.25,173.71
Oh,oh,174.13,174.34
you,you,174.34,174.55
sound,sound,174.55,174.84
white,white,174.84,175.28
You,you,176.53,176.69
sound,sound,176.69,176.91
like,like,176.91,177.02
a,a,177.02,177.08
white,white,177.08,177.29000000000002
girl,girl,177.29,177.62
I'd,i'd,177.65,177.88
heard,heard,177.88,178.23
that,that,178.23,178.72
but,but,179.07,179.23
I,i,179.23,179.39999999999998
had,had,179.41,179.67
never,never,179.68,180.51000000000002
ever,ever,180.549999,181.25999900000002
heard,heard,181.27,182.01000000000002
I,i,182.78,182.94
knew,knew,182.94,183.15
you,you,183.16,183.31
were,were,183.31,183.41
black,black,183.41,183.95
So,so,187.1,187.48
he,he,187.48,187.7
tells,tells,187.7,188.22
me,me,188.22,188.39
about,about,188.389999,188.829999
this,this,189.08,189.31
debate,debate,189.33,189.79000000000002
apparently,apparently,189.83,190.51000000000002
that,that,190.51,190.67999999999998
had,had,190.679999,190.839999
been,been,190.84,191.01
going,going,191.01,191.34
on,on,191.34,191.67000000000002
in,in,191.69,191.93
St,st,191.929999,192.25999900000002
Louis,louis,192.259999,192.89999899999998
when,when,194.849999,195.119999
I,i,195.29,195.29999999999998
first,first,195.299999,195.60999900000002
started,started,195.61,196.14000000000001
here,here,196.139999,196.659999
People,people,197.75,198.37
told,told,198.4,198.72
him,him,198.72,199.08
Oh,oh,199.12,199.27
no,no,199.27,199.67000000000002
no,no,199.69,199.89
she's,she's,199.89,200.11999999999998
white,white,200.12,200.4
man,man,200.4,200.70000000000002
she's,she's,200.7,200.92999999999998
white,white,200.93,201.16
she,she,201.17,201.33999999999997
sounds,sounds,201.34,201.68
white,white,201.68,201.94
she's,she's,201.94,202.15
white,white,202.15,202.67000000000002
and,and,203.48,203.7
he,he,203.7,204.28
convinced,convinced,204.32,205.34
having,having,205.98,206.26999999999998
never,never,206.27,206.46
met,met,206.46,206.68
me,me,206.679999,207.03999900000002
that,that,207.7,207.91
I,i,207.91,207.99
was,was,207.99,208.18
black,black,208.179999,208.709999
Well,well,209.71,209.92000000000002
as,as,209.94,210.14
it,it,210.139999,210.259999
turns,turns,210.259999,210.589999
out,out,210.59,211.11
he,he,211.219999,211.419999
was,was,211.42,211.60999999999999
right,right,211.61,212.09
I,i,215.0,215.23
I,i,215.789999,215.98999899999998
am,am,215.99,216.16
black,black,216.16,216.72
But,but,218.07,218.22
this,this,218.22,218.4
whole,whole,218.4,218.74
debate,debate,218.75,219.29
sort,sort,219.29,219.63
of,of,219.63,219.98
messed,messed,220.37,220.8
with,with,220.8,220.97
my,my,220.97,221.16
head,head,221.16,221.63
a,a,221.63,221.7
little,little,221.7,221.95999999999998
bit,bit,221.96,222.42000000000002
I,i,222.8,222.96
thought,thought,222.96,223.26000000000002
here,here,223.26,223.56
I,i,223.56,223.68
am,am,223.68,224.19
major,major,224.2,224.79
market,market,224.8,225.59
fantastic,fantastic,225.9,226.77
job,job,226.78,227.26
of,of,227.27,227.4
my,my,227.4,227.62
dreams,dreams,227.62,228.64000000000001
and,and,229.099999,229.259999
people,people,229.259999,229.589999
still,still,229.59,229.93
don't,don't,229.929999,230.19999900000002
know,know,230.21,230.70000000000002
who,who,230.719999,230.999999
I,i,231.0,231.21
am,am,231.24,231.69
all,all,232.029999,232.469999
of,of,232.49,232.67000000000002
who,who,232.67000000000002,232.87
I,i,232.869999,233.039999
am,am,233.059999,233.529999
So,so,234.709999,235.00999900000002
I,i,235.01,235.14
hatch,hatch,235.15,235.91
the,the,236.85,237.0
secret,secret,237.0,237.38
plan,plan,237.38,238.03
This,this,239.02,239.23000000000002
mission,mission,239.23,239.85999999999999
I,i,240.68,240.77
didn't,didn't,240.77,240.93
tell,tell,240.93,241.09
anybody,anybody,241.09,241.49
about,about,241.49,241.81
it,it,241.81,242.05
I,i,242.49,242.69
am,am,242.69,242.85999999999999
going,going,242.86,243.23000000000002
to,to,243.23,243.38
start,start,243.38,243.60999999999999
dropping,dropping,243.62,244.02
hints,hints,244.02,244.3
on,on,244.3,244.41000000000003
the,the,244.41,244.52
air,air,244.53,244.95
so,so,248.29,248.51999999999998
people,people,248.52,249.06
so,so,249.44,249.62
people,people,249.62,249.87
will,will,249.87,249.99
know,know,249.99,250.48000000000002
who,who,250.539999,250.939999
I,i,250.940001,251.14000099999998
am,am,251.139999,251.61999899999998
And,and,252.65,252.83
so,so,252.83,252.98000000000002
my,my,252.98,253.2
first,first,253.2,253.64999999999998
hint,hint,253.65,254.22
is,is,254.73,254.95999999999998
me,me,254.97,255.29
discussing,discussing,255.29,255.89
an,an,255.89,256.02
article,article,256.03,256.53
I'd,i'd,256.57,256.9
read,read,256.9,257.41999999999996
in,in,257.66,257.90000000000003
Essence,essence,257.94,258.39
magazine,magazine,258.39,259.12
Anybody,anybody,261.639999,262.019999
Essence,essence,262.11,262.58000000000004
Yes,yes,262.61,262.95
you,you,262.98,263.13
get,get,263.13,263.35
it,it,263.349999,263.499999
Essence,essence,264.349999,264.69999900000005
Magazine,magazine,264.7,265.19
of,of,265.19,265.26
course,course,265.29,265.76000000000005
targets,targets,266.009999,266.389999
African,african,266.389999,266.72999899999996
American,american,266.73,267.08000000000004
women,women,267.08,267.34999999999997
and,and,267.349999,267.499999
so,so,267.5,267.72
I,i,267.719999,267.839999
think,think,267.87,268.09000000000003
surely,surely,268.09,268.59999999999997
now,now,268.6,268.8
they,they,268.799999,268.979999
know,know,268.98,269.19
They,they,269.34,269.57
know,know,269.57,270.11
They,they,270.61,270.76
got,got,270.76,270.98
to,to,270.99,271.06
know,know,271.059999,271.319999
now,now,271.32,271.82
Debate,debate,272.01,272.46
put,put,272.47,272.70000000000005
to,to,272.7,272.87
a,a,272.87,272.96
rest,rest,272.96,273.59
So,so,275.0,275.28
I,i,275.33,275.52
am,am,275.52,275.72999999999996
now,now,275.73,276.26
all,all,276.27,276.64
about,about,276.64,276.99
town,town,277.0,277.59
and,and,277.59,277.77
people,people,277.98,278.25
are,are,278.25,278.29
beginning,beginning,278.29,278.64000000000004
to,to,278.639999,278.769999
recognize,recognize,278.77,279.29999999999995
me,me,279.32,279.48
just,just,279.48,279.91
from,from,279.92,280.21000000000004
my,my,280.21,280.39
voice,voice,280.389999,281.15999899999997
I'm,i'm,281.929999,282.139999
at,at,282.139999,282.299999
the,the,282.3,282.43
grocery,grocery,282.44,282.93
store,store,282.929999,283.759999
I'm,i'm,284.12,284.33
chasing,chasing,284.34,284.78
my,my,284.78,284.92999999999995
kids,kids,284.929999,285.189999
at,at,285.19,285.3
the,the,285.299999,285.39999900000004
St,st,285.4,285.66999999999996
Louis,louis,285.67,285.94
zoo,zoo,285.94,286.4
yelling,yelling,286.41,286.82000000000005
at,at,286.82,286.96
them,them,286.959999,287.329999
people,people,287.34,287.66999999999996
are,are,287.67,287.74
recognizing,recognizing,287.74,288.72
my,my,288.97,289.24
voice,voice,289.24,289.94
I'm,i'm,291.23,291.37
gonna,gonna,291.37,291.5
drop,drop,291.5,291.73
another,another,291.73,292.0
hint,hint,292.0,292.46
on,on,292.61,292.79
the,the,292.79,292.92
air,air,292.92,293.33000000000004
I'm,i'm,293.97,294.11
enjoying,enjoying,294.11,294.44
the,the,294.44,294.53
secret,secret,294.53,294.82
mission,mission,294.82,295.24
And,and,296.429999,296.64999900000004
so,so,296.65,297.21999999999997
I,i,297.46,297.72999999999996
described,described,297.77,298.66999999999996
trying,trying,298.679999,299.209999
to,to,299.21,299.66999999999996
make,make,300.02,300.39
my,my,300.4,300.7
mother's,mother's,300.7,301.34999999999997
collard,collard,301.389999,301.899999
greens,greens,301.9,302.65999999999997
Boom,boom,306.22999999999996,306.77
They,they,309.09,309.26
got,got,309.26,309.49
to,to,309.49,309.57
know,know,309.57,309.88
They,they,311.15,311.41999999999996
got,got,311.43,311.74
to,to,311.88,312.06
know,know,312.06,312.37
now,now,312.37,312.85
that,that,313.65,313.89
I'm,i'm,313.89,314.02
a,a,314.02,314.08
black,black,314.08,314.38
woman,woman,314.38,314.79
One,one,316.469999,316.779999
day,day,316.78,316.95
at,at,316.95,317.08
one,one,317.08,317.24
of,of,317.24,317.34000000000003
these,these,317.34,317.53999999999996
many,many,317.54,317.83000000000004
events,events,317.83,318.34
an,an,318.34,318.48999999999995
education,education,318.49,319.24
panel,panel,319.259999,319.749999
discussion,discussion,319.77,320.46
after,after,320.46,320.75
it's,it's,320.75,320.98
over,over,320.98,321.42
I'm,i'm,321.42,321.58000000000004
in,in,321.87,322.02
a,a,322.02,322.09
small,small,322.09,322.39
group,group,322.389999,322.579999
of,of,322.58,322.68
people,people,322.68,323.08
and,and,323.08,323.16999999999996
we,we,323.17,323.32
are,are,323.32,323.42
talking,talking,323.42,323.99
and,and,325.43,325.62
an,an,325.62,325.83
older,older,325.92,326.34000000000003
white,white,326.34,326.54999999999995
gentleman,gentleman,326.56,327.0
walks,walks,327.0,327.29
up,up,327.29,327.47
to,to,327.47,327.62
me,me,327.62,327.98
and,and,328.87,329.03000000000003
he,he,329.03,329.16999999999996
says,says,329.17,329.84000000000003
You,you,330.57,330.79
speak,speak,330.79,331.13
well,well,331.13,331.73
for,for,331.74,331.99
your,your,331.99,332.18
people,people,332.179999,332.669999
I,i,337.099999,337.229999
could,could,337.23,337.42
feel,feel,337.42,337.90000000000003
what,what,337.969999,338.189999
you,you,338.19,338.36
just,just,338.36,338.59000000000003
said,said,338.589999,339.10999899999996
I,i,340.18,340.29
could,could,340.289999,340.489999
feel,feel,340.68,340.98
it,it,340.98,341.29
in,in,341.539999,341.75999900000005
my,my,341.76,341.98
stomach,stomach,341.99,342.68
rising,rising,342.68,343.68
to,to,344.24,344.40000000000003
my,my,344.4,344.58
heart,heart,344.58,345.35999999999996
to,to,345.84,346.04999999999995
my,my,346.05,346.29
throat,throat,346.29,346.99
and,and,347.04,347.21000000000004
I,i,347.21,347.33
said,said,347.34,347.59999999999997
to,to,347.6,347.73
him,him,347.73,348.1
well,well,349.13,349.4
well,well,349.58,349.77
what,what,349.77,349.94
people,people,349.94,350.31
are,are,350.309999,350.369999
you,you,350.37,350.48
referring,referring,350.48,350.99
to,to,350.99,351.38
Now,now,352.48,352.73
mhm,mhm,352.75,353.27
I,i,353.4,353.56
knew,knew,353.559999,353.809999
what,what,353.809999,353.999999
he,he,354.0,354.1
meant,meant,354.099999,354.439999
We,we,356.139999,356.239999
all,all,356.58,356.69
know,know,356.69,356.91
what,what,356.91,357.14000000000004
he,he,357.15,357.33
meant,meant,357.33,357.51
but,but,358.84,359.0
I,i,359.0,359.1
wanted,wanted,359.109999,359.46999900000003
him,him,359.46999900000003,359.929999
to,to,360.039999,360.229999
say,say,360.23,360.54
it,it,360.57,360.65999999999997
out,out,360.690001,360.830001
of,of,360.83,360.93
his,his,360.93,361.06
own,own,361.07,361.23
mouth,mouth,361.27,361.52
I,i,361.52,361.54999999999995
wanted,wanted,361.55,361.79
him,him,361.79,361.91
to,to,361.91,362.02000000000004
say,say,362.02,362.43
it,it,362.43,362.77
and,and,363.45,363.65999999999997
he,he,363.66,363.83000000000004
said,said,363.83,364.15
it,it,364.15,364.37
You,you,366.13,366.3
know,know,366.3,366.63
black,,,
people,people,367.15,367.58
So,so,369.21,369.48999999999995
now,now,369.49,370.14
it's,it's,370.27,370.51
really,really,370.51,370.77
gurgling,gurgling,370.77,371.35999999999996
It,it,371.73,371.90000000000003
is,is,371.9,372.03
threatening,threatening,372.03,372.54999999999995
to,to,372.55,372.71000000000004
come,come,372.719999,372.99999899999995
spewing,spewing,373.009999,373.809999
out,out,373.87,374.04
of,of,374.04,374.18
my,my,374.179999,374.379999
mouth,mouth,374.38,374.8
I,i,375.12,375.38
am,am,375.38,376.03
embarrassed,embarrassed,376.27,377.39
because,because,377.5,377.84
people,people,377.859999,378.259999
are,are,378.26,378.40999999999997
standing,standing,378.73,379.32
around,around,379.32,379.82
and,and,379.88,380.1
they're,they're,380.26,380.5
hearing,hearing,380.55,381.09000000000003
this,this,381.09,381.71
and,and,382.16,382.35
I'm,i'm,382.35,382.51000000000005
angry,angry,382.51,383.15
How,how,383.99,384.21000000000004
dare,dare,384.22,384.55
he,he,384.55,384.78000000000003
diminish,diminish,384.79,385.40000000000003
me,me,385.42,385.82
And,and,387.34,387.57
I'm,i'm,387.57,388.01
indignant,indignant,388.059999,388.979999
even,even,389.309999,389.829999
and,and,390.38,390.48
before,before,390.48,390.77000000000004
I,i,390.77,390.83
could,could,390.83,390.99
say,say,390.99,391.28000000000003
another,another,391.28,391.66999999999996
word,word,391.67,392.43
he,he,392.639999,393.059999
says,says,393.059999,393.46999900000003
to,to,393.469999,393.66999899999996
me,me,393.67,394.1
Have,have,394.699999,394.84999899999997
you,you,394.85,394.95000000000005
had,had,394.949999,395.139999
any,any,395.139999,395.309999
training,training,395.309999,396.069999
She,she,398.84,399.15
said,said,399.15,399.7
Well,well,403.96,404.35999999999996
I,i,404.36,404.56
said,said,404.58,405.06
Nope,nope,405.98,406.42
My,my,409.889999,410.109999
father,father,410.11,410.49
speaks,speaks,410.49,410.85
this,this,410.88,411.11
way,way,411.11,411.42
my,my,411.91,412.11
mother,mother,412.109999,412.509999
speaks,speaks,412.51,412.90999999999997
this,this,412.92,413.15000000000003
way,way,413.15,413.46999999999997
and,and,413.68,413.88
they're,they're,413.879999,414.039999
from,from,414.039999,414.21999900000003
Mississippi,mississippi,414.21999900000003,414.909999
My,my,416.1,416.32000000000005
siblings,siblings,416.32,416.89
all,all,416.89,417.06
speak,speak,417.06,417.34
this,this,417.34,417.58
way,way,417.58,417.93
God,god,418.67,419.04
given,given,419.05,419.38
talent,talent,419.38,419.96
no,no,420.29,420.52000000000004
training,training,420.52,421.10999999999996
no,no,421.26,421.53
classes,classes,421.53,422.25
none,none,423.04,423.54
of,of,423.54,423.65000000000003
that,that,423.65,423.96999999999997
just,just,424.32,424.59
little,little,424.599999,424.96999900000003
old,old,424.969999,425.22999899999996
me,me,425.279999,425.60999899999996
But,but,434.10999899999996,434.139999
I'm,i'm,434.31,434.5
still,still,434.53,434.89
feeling,feeling,434.89,435.56
the,the,435.58,435.72999999999996
secret,secret,435.74,436.2
mission,mission,436.2,436.8
so,so,437.65,437.91999999999996
I,i,437.92,438.02000000000004
decide,decide,438.02,438.63
to,to,438.64,439.07
engage,engage,439.09,439.57
in,in,439.57,439.71999999999997
a,a,439.72,439.8
drop,drop,439.81,440.15
the,the,440.15,440.27
mic,,,
moment,moment,440.7,441.32
It's,it's,442.23,442.34000000000003
closer,closer,442.34,442.66999999999996
to,to,442.67,442.75
Thanksgiving,thanksgiving,442.75,443.4
now,now,443.4,443.78999999999996
when,when,443.79,444.0
I,i,444.0,444.15
drop,drop,444.16,444.48
this,this,444.49,444.8
hint,hint,444.799999,445.299999
and,and,445.809999,446.019999
I,i,446.02,446.09999999999997
describe,describe,446.099999,446.609999
again,again,446.639999,447.129999
um,um,447.16,447.42
one,one,447.46,447.66999999999996
of,of,447.67,447.72
my,my,447.719999,447.86999899999995
mother's,mother's,447.87,448.27
recipes,recipes,448.27,449.28
for,for,449.84,450.03
cornbread,cornbread,450.029999,450.629999
dressing,dressing,450.769999,451.15999899999997
and,and,452.31,452.55
I,i,452.55,452.64
took,took,452.64,452.9
care,care,452.9,453.34
on,on,453.36,453.53000000000003
the,the,453.53,453.69
air,air,453.7,453.97999999999996
to,to,453.98,454.16
say,say,454.16,454.49
not,not,454.49,454.8
bread,bread,454.81,455.21
not,not,455.22,455.55
white,white,455.55,455.89
bread,bread,455.89,456.26
dressing,dressing,456.26,456.86
but,but,457.4,457.65999999999997
cornbread,cornbread,457.7,458.53
dressing,dressing,458.54,458.98
where,where,458.98,459.09000000000003
you,you,459.09,459.28
make,make,459.28,459.48999999999995
the,the,459.49,459.59000000000003
cornbread,cornbread,459.59,460.36999999999995
the,the,460.58,460.74
night,night,460.74,461.05
before,before,461.05,461.71000000000004
and,and,462.03,462.26
then,then,462.259999,462.379999
you,you,462.38,462.54
soak,soak,462.54,462.87
it,it,462.87,463.13
Cornbread,cornbread,463.469999,464.24999899999995
dressing,dressing,464.25,464.7
and,and,464.7,464.82
I,i,464.82,464.92
thought,thought,464.929999,465.159999
boom,boom,465.17,465.52000000000004
mic,mic,465.53,465.85999999999996
moment,moment,465.86,466.19
they,they,466.199999,466.359999
got,got,466.359999,466.609999
to,to,466.609999,466.71999900000003
know,know,466.71999900000003,466.93999900000006
I'm,i'm,466.940001,467.060001
through,through,467.059999,467.209999
I,i,467.549999,467.689999
can,can,467.699999,467.779999
go,go,467.779999,467.879999
home,home,467.879999,468.079999
now,now,468.08,468.34
They,they,469.52,469.69
know,know,469.69,469.89
I'm,i'm,469.89,470.02
black,black,470.02,470.37
They,they,470.46,470.64
know,know,470.64,470.83
I'm,i'm,470.83,470.93
black,black,470.93,471.21
now,now,471.21,471.5
And,and,473.25,473.5
so,so,473.5,474.05
on,on,474.79,474.97
the,the,474.97,475.13000000000005
air,air,475.14,475.75
one,one,476.57,476.84
day,day,476.84,477.29999999999995
I,i,478.52,478.63
was,was,478.63,478.79
just,just,478.79,479.05
remembering,remembering,479.24,480.34000000000003
this,this,480.719999,480.92999899999995
conversation,conversation,480.929999,481.89999900000004
I'd,i'd,481.9,482.04999999999995
had,had,482.059999,482.359999
with,with,482.36,482.5
these,these,482.5,482.74
two,two,482.759999,483.28999899999997
women,women,483.299999,483.95999900000004
These,these,484.49,484.74
two,two,484.77,485.09999999999997
petite,petite,485.119999,485.889999
older,older,486.25,486.78
black,black,486.779999,487.09999899999997
women,women,487.10999899999996,487.59999899999997
Gray,gray,487.769999,487.79999899999996
hair,hair,487.79999899999996,487.829999
quaffed,<unk>,489.27,490.18
One,one,492.43,492.77
had,had,492.78,492.94
a,a,492.94,493.01
single,single,493.01,493.37
strand,strand,493.37,493.82
of,of,493.83,493.85999999999996
pearls,pearls,493.86,494.83000000000004
They,they,495.599999,495.77999900000003
both,both,495.78,496.04999999999995
had,had,496.05,496.24
a,a,496.24,496.31
touch,touch,496.309999,496.629999
of,of,496.63,496.78
makeup,makeup,496.78,497.40999999999997
and,and,498.86,499.06
one,one,499.059999,499.199999
of,of,499.2,499.3
them,them,499.299999,499.439999
took,took,499.45,499.68
me,me,499.679999,499.819999
by,by,499.82,500.04
each,each,500.08,500.38
hand,hand,500.38,500.95
and,and,500.95,501.12
she,she,501.339999,501.569999
pulled,pulled,501.57,502.01
me,me,502.01,502.15
close,close,502.15,502.53
and,and,502.529999,502.649999
the,the,502.65,502.75
other,other,502.76,502.96
leaned,leaned,502.959999,503.519999
in,in,503.52,503.76
so,so,503.76,503.92
she,she,503.92,504.12
could,could,504.119999,504.269999
hear,hear,504.27,504.68
and,and,505.96,506.13
she,she,506.13,506.31
said,said,506.31,506.58
to,to,506.58,506.71
me,me,506.71,507.09999999999997
We,we,507.67,508.57
are,are,508.87,509.1
so,so,509.12,510.0
proud,proud,510.36,511.3
of,of,511.86,512.1800000000001
you,you,512.179999,512.7299989999999
And,and,515.62,515.78
I,i,515.78,515.8299999999999
got,got,515.83,516.0
a,a,516.0,516.06
lump,lump,516.059999,516.299999
in,in,516.3,516.42
my,my,516.42,516.56
throat,throat,516.559999,516.9599989999999
And,and,518.07,518.24
I,i,518.24,518.33
knew,knew,518.33,518.5500000000001
what,what,518.549999,518.749999
they,they,518.75,518.9
meant,meant,518.9,519.37
They're,they're,519.99,520.17
looking,looking,520.17,520.41
at,at,520.41,520.53
me,me,520.539999,521.049999
this,this,521.629999,521.839999
young,young,521.85,522.5600000000001
talented,talented,523.12,524.1400000000001
black,black,524.73,525.0600000000001
woman,woman,525.06,525.5999999999999
making,making,526.29,526.7099999999999
her,her,526.71,526.85
mark,mark,526.85,527.59
on,on,527.84,528.0300000000001
this,this,528.03,528.22
big,big,528.23,528.52
radio,radio,528.53,529.05
station,station,529.05,529.65
in,in,530.02,530.3
St,st,530.3,530.62
Louis,louis,530.62,531.32
But,but,531.94,532.1800000000001
I'm,i'm,532.27,532.61
looking,looking,532.61,532.89
at,at,532.889999,533.029999
them,them,533.04,533.56
They,they,535.57,535.73
have,have,535.73,535.89
seen,seen,535.889999,536.469999
and,and,536.469999,536.609999
experienced,experienced,536.61,537.28
more,more,537.28,537.63
than,than,537.63,537.82
I,i,537.82,537.9200000000001
will,will,537.92,538.14
ever,ever,538.199999,538.579999
see,see,538.58,539.0
or,or,539.0,539.18
experience,experience,539.18,539.7399999999999
or,or,539.76,539.92
have,have,539.92,540.3499999999999
to,to,540.35,540.53
see,see,540.529999,540.9499989999999
or,or,541.459999,541.6599990000001
experience,experience,541.7399990000001,542.709999
I'm,i'm,543.2899990000001,543.5299990000001
looking,looking,543.5299990000001,543.6499990000001
at,at,543.82,543.95
history,history,543.95,544.7900000000001
in,in,545.54,545.75
its,its,545.75,545.97
face,face,545.98,546.65
and,and,547.29,547.4699999999999
I,i,547.47,547.53
can,can,547.53,547.76
feel,feel,547.77,548.15
it,it,548.15,548.5
One,one,550.28,550.5
day,day,550.5,550.76
we're,we're,550.76,550.87
in,in,550.87,551.0
this,this,551.0,551.39
debate,debate,551.809999,552.299999
on,on,552.3,552.4399999999999
the,the,552.44,552.58
air,air,552.59,553.13
We,we,554.4,554.53
were,were,554.53,554.64
talking,talking,554.639999,555.089999
about,about,555.089999,555.399999
a,a,555.4,555.6
it,it,555.78,555.8399999999999
was,was,555.839999,555.959999
a,a,555.96,556.01
controversy,controversy,556.01,556.89
An,an,558.09,558.24
organization,organization,558.25,559.12
one,one,559.13,559.34
of,of,559.34,559.4300000000001
many,many,559.44,559.97
decided,decided,561.39,561.83
to,to,561.83,561.9000000000001
walk,walk,561.9,562.17
out,out,562.17,562.41
onto,onto,562.41,562.6899999999999
the,the,562.69,562.82
highway,highway,562.82,563.5200000000001
not,not,564.8,565.04
a,a,565.04,565.11
road,road,565.11,565.77
but,but,565.91,566.0699999999999
the,the,566.07,566.21
interstate,interstate,566.21,567.0400000000001
and,and,568.34,568.6600000000001
stop,stop,568.82,569.21
the,the,569.21,569.34
traffic,traffic,569.34,569.85
and,and,569.87,570.17
shut,shut,570.23,570.66
it,it,570.66,570.81
down,down,570.809999,571.279999
They,they,572.33,572.48
were,were,572.48,572.62
protesting,protesting,572.639999,573.599999
the,the,573.839999,574.0399990000001
lack,lack,574.039999,574.389999
of,of,574.389999,574.549999
minority,minority,574.549999,575.169999
jobs,jobs,575.17,575.6899999999999
in,in,575.719999,575.9199990000001
construction,construction,575.92,576.79
And,and,576.57,576.8000000000001
so,so,577.95,578.07
one,one,578.07,578.22
of,of,578.22,578.3100000000001
the,the,578.31,578.39
organizations,organizations,578.39,579.06
that,that,579.06,579.1999999999999
was,was,579.2,579.38
involved,involved,579.38,580.39
was,was,581.03,581.1999999999999
one,one,581.2,581.46
I,i,581.46,581.75
knew,knew,581.9,582.18
of,of,582.18,582.54
from,from,583.04,583.2199999999999
the,the,583.22,583.3000000000001
time,time,583.3,583.5799999999999
I,i,583.58,583.63
lived,lived,583.63,583.84
in,in,583.84,583.97
Kansas,kansas,583.97,584.3000000000001
City,city,584.3,584.52
Missouri,missouri,584.52,584.89
but,but,584.889999,585.019999
my,my,585.02,585.16
co,co,585.16,585.36
host,host,585.36,585.64
at,at,585.639999,585.759999
the,the,585.76,585.86
time,time,585.87,586.41
had,had,586.75,586.96
never,never,586.96,587.22
heard,heard,587.219999,587.469999
of,of,587.469999,587.619999
them,them,587.62,587.94
and,and,588.509999,588.679999
so,so,588.679999,588.8599989999999
he,he,588.86,589.0500000000001
was,was,589.049999,589.259999
truly,truly,589.27,589.85
dismissive,<unk>,589.849999,590.599999
and,and,591.639999,591.859999
I,i,591.889999,592.139999
was,was,592.16,592.3399999999999
truly,truly,592.369999,592.929999
frustrated,frustrated,592.940001,593.850001
And,and,595.5500010000001,595.590001
I'm,i'm,595.76,595.93
thinking,thinking,595.93,596.66
this,this,597.14,597.54
is,is,597.55,597.76
a,a,597.76,597.87
movement,movement,597.88,598.58
moment,moment,598.59,599.45
this,this,600.32,600.61
is,is,600.63,600.84
a,a,600.84,600.9300000000001
moment,moment,600.93,601.4699999999999
where,where,601.48,601.71
you,you,601.71,602.1
either,either,602.36,602.73
educate,educate,602.75,603.58
or,or,604.599999,604.7899990000001
chastise,chastise,604.79,605.9699999999999
or,or,606.45,606.6800000000001
enlighten,enlighten,606.69,607.25
I,i,607.25,607.26
think,think,608.63,608.82
I'm,i'm,608.82,608.9000000000001
gonna,gonna,608.9,608.97
do,do,608.969999,609.139999
all,all,609.139999,609.269999
three,three,609.27,609.61
But,but,612.699999,612.8899990000001
I,i,612.889999,613.019999
am,am,613.02,613.23
also,also,613.38,613.81
thinking,thinking,613.84,614.5
and,and,615.84,616.02
I,i,616.02,616.11
am,am,616.11,616.26
also,also,616.28,616.63
worried,worried,616.63,617.34
I'm,i'm,618.12,618.29
still,still,618.29,618.6999999999999
kind,kind,618.79,618.99
of,of,618.99,619.12
new,new,619.12,619.37
here,here,619.38,619.98
I'm,i'm,621.679999,621.879999
still,still,621.91,622.25
young,young,622.25,622.99
I'm,i'm,623.259999,623.639999
I'm,i'm,623.719999,623.949999
a,a,623.95,624.0300000000001
woman,woman,624.03,624.88
I'm,i'm,625.08,625.34
black,black,625.34,625.98
and,and,626.259999,626.5699989999999
I'm,i'm,626.599999,626.879999
pregnant,pregnant,626.88,627.6899999999999
and,and,629.43,629.63
I'm,i'm,629.629999,629.819999
worried,worried,629.82,630.34
about,about,630.34,630.62
the,the,630.65,630.73
stereotype,stereotype,630.73,631.64
of,of,631.64,631.8
the,the,631.8,631.9699999999999
angry,angry,631.97,632.35
black,black,632.35,632.6700000000001
woman,woman,632.67,633.02
and,and,633.02,633.1999999999999
and,and,633.44,633.62
yet,yet,633.62,633.91
I'm,i'm,633.91,634.0799999999999
also,also,634.09,634.48
worried,worried,634.48,635.01
that,that,635.01,635.17
I,i,635.17,635.3299999999999
don't,don't,635.6,635.85
speak,speak,635.85,636.15
up,up,636.15,636.3
enough,enough,636.3,636.75
about,about,636.76,637.0699999999999
black,black,637.07,637.36
issues,issues,637.36,637.82
I'm,i'm,637.82,637.97
thinking,thinking,637.97,638.38
all,all,638.44,638.94
of,of,638.96,639.19
this,this,639.19,639.73
And,and,641.67,641.8399999999999
I,i,641.84,641.9200000000001
dive,dive,641.929999,642.2299989999999
right,right,642.23,642.4200000000001
in,in,642.42,642.88
and,and,644.66,644.8199999999999
I,i,644.82,644.9200000000001
said,said,644.929999,645.149999
to,to,645.15,645.26
him,him,645.259999,645.689999
You,you,646.549999,646.799999
know,know,646.799999,646.9699989999999
they're,they're,646.969999,647.109999
in,in,647.109999,647.219999
the,the,647.219999,647.319999
yellow,yellow,647.32,647.62
pages,pages,647.619999,648.259999
You,you,649.899999,649.919999
can,can,650.09,650.24
look,look,650.24,650.39
them,them,650.39,650.52
up,up,650.52,650.71
right,right,650.71,651.0
now,now,651.0,651.31
and,and,651.33,651.6
call,call,651.62,652.08
them,them,652.1,652.37
they've,they've,652.37,652.53
been,been,652.53,652.6899999999999
around,around,652.7,653.13
for,for,653.13,653.3
50,<unk>,653.33,653.75
years,years,653.76,654.78
And,and,656.96,657.09
so,so,657.09,657.19
we,we,657.19,657.3100000000001
took,took,657.309999,657.4899989999999
some,some,657.49,657.6800000000001
calls,calls,657.679999,658.249999
and,and,658.25,658.56
we,we,659.24,659.46
ended,ended,659.46,659.7900000000001
that,that,659.79,659.9599999999999
conversation,conversation,659.96,661.09
turned,turned,662.11,662.4
the,the,662.4,662.49
mics,<unk>,662.49,662.84
off,off,662.839999,663.519999
and,and,663.82,663.96
left,left,663.96,664.13
the,the,664.129999,664.229999
studio,studio,664.23,664.83
Now,now,666.55,666.7299999999999
just,just,666.75,667.1
a,a,667.1,667.3100000000001
few,few,667.61,668.02
weeks,weeks,668.03,668.47
ago,ago,668.47,668.9300000000001
a,a,670.22,670.2900000000001
gentleman,gentleman,670.29,670.6899999999999
came,came,670.69,670.94
to,to,670.94,671.0100000000001
our,our,671.01,671.1
house,house,671.1,671.39
for,for,671.39,671.51
a,a,671.51,671.59
service,service,671.59,672.0300000000001
call,call,672.03,672.31
to,to,672.31,672.4699999999999
repair,repair,672.47,673.0600000000001
the,the,673.32,673.46
windshield,windshield,673.46,674.21
of,of,674.72,674.88
my,my,674.88,675.04
car,car,675.04,675.54
It's,it's,676.62,676.75
right,right,676.75,676.9
in,in,676.9,676.9599999999999
there,there,676.96,677.08
in,in,677.08,677.1500000000001
the,the,677.15,677.22
driveway,driveway,677.219999,677.979999
I,i,678.179999,678.299999
met,met,678.3,678.5
him,him,678.5,678.62
outside,outside,678.62,679.43
and,and,680.61,680.75
he,he,680.75,680.85
said,said,680.86,681.07
to,to,681.07,681.19
me,me,681.19,681.4100000000001
You,,,
know,,,
I,,,
have,have,681.7,681.87
a,a,681.87,681.93
friend,friend,681.929999,682.369999
who,who,682.369999,682.539999
lives,lives,682.539999,682.879999
over,over,682.879999,683.109999
here,here,683.109999,683.699999
and,and,684.129999,684.279999
he,he,684.279999,684.439999
told,told,684.440001,684.740001
me,me,684.75,685.37
that,that,685.56,685.7299999999999
that,that,685.73,685.95
news,news,685.95,686.34
lady,lady,686.36,686.98
lives,lives,687.52,687.8299999999999
over,over,687.83,688.0300000000001
here,here,688.03,688.47
Do,do,691.13,691.26
you,you,691.26,691.46
know,know,691.47,691.74
her,her,691.74,692.11
And,and,695.719999,696.029999
I,i,696.03,696.1999999999999
said,said,696.21,696.7900000000001
pausing,pausing,697.92,698.63
feeling,feeling,699.82,700.3000000000001
pride,pride,700.299999,701.029999
and,and,701.09,701.2900000000001
trepidation,trepidation,701.289999,702.189999
and,and,704.549999,704.629999
I,i,704.8,704.93
said,said,704.94,705.23
Well,well,705.23,705.5500000000001
I,i,705.58,706.14
I,i,706.85,707.16
am,am,707.16,707.6999999999999
that,that,707.86,708.3100000000001
woman,woman,708.85,709.38
You,you,710.2,710.4200000000001
are,are,710.42,710.5999999999999
Iâ€™m,i'm,711.57,711.7900000000001
I'm,i'm,711.82,712.0300000000001
Carol,carol,712.03,712.29
Daniel,daniel,712.29,712.8299999999999
And,and,713.94,714.33
and,and,714.349999,714.569999
there,there,714.57,714.7600000000001
it,it,714.759999,714.859999
is,is,714.86,715.0
again,again,715.0,715.57
He's,he's,717.19,717.4100000000001
looking,looking,717.41,717.67
at,at,717.67,717.8299999999999
me,me,717.83,718.19
He's,he's,719.42,719.68
sizing,sizing,719.68,720.42
me,me,720.42,720.67
up,up,720.92,721.0999999999999
He,he,721.83,722.08
sized,sized,722.08,722.97
me,me,723.0,723.26
up,up,723.33,723.84
in,in,724.33,724.6
my,my,724.6,724.86
driveway,driveway,724.86,725.59
and,and,727.75,727.93
I,i,727.93,728.03
thought,thought,728.04,728.43
Did,did,730.34,730.51
he,he,730.51,730.6
think,think,730.599999,730.839999
I,i,730.84,730.9100000000001
was,was,730.91,731.0899999999999
white,white,731.09,731.5400000000001
Is,is,733.45,733.62
he,he,733.62,733.73
surprised,surprised,733.73,734.16
now,now,734.2,734.34
to,to,734.34,734.44
find,find,734.44,734.75
out,out,734.75,734.77
that,that,734.77,734.85
I'm,i'm,734.849999,734.969999
black,black,734.969999,735.509999
And,and,738.190001,738.3800010000001
I,i,738.379999,738.459999
thought,thought,738.46,738.85
the,the,740.21,740.36
debate,debate,740.36,740.94
apparently,apparently,741.69,742.24
the,the,742.24,742.36
debate,debate,742.36,742.97
is,is,743.89,744.04
still,still,744.04,744.31
there,there,744.31,744.8
in,in,745.49,745.7
some,some,745.7,745.97
form,form,745.97,746.4
or,or,746.42,746.53
fashion,fashion,746.53,747.14
I,i,748.09,748.25
am,am,748.25,748.47
not,not,748.469999,748.6799990000001
at,at,748.679999,748.809999
all,all,748.809999,749.009999
sure,sure,749.01,749.35
I,i,749.38,749.84
can,can,750.099999,750.3099990000001
ever,ever,750.349999,750.609999
really,really,750.61,750.9300000000001
do,do,750.929999,751.259999
anything,anything,751.27,751.96
about,about,751.98,752.39
it,it,752.389999,752.759999
There's,there's,754.27,754.4399999999999
a,a,754.440001,754.5200010000001
lot,lot,754.52,754.76
more,more,754.76,755.24
at,at,755.32,755.5500000000001
stake,stake,755.549999,756.269999
There's,there's,756.789999,756.9599989999999
a,a,756.96,757.0400000000001
lot,lot,757.04,757.3199999999999
more,more,757.32,757.71
to,to,757.71,757.9000000000001
juggle,juggle,757.9,758.59
in,in,758.9,759.14
my,my,759.14,759.3199999999999
life,life,759.32,759.9000000000001
There's,there's,761.32,761.47
a,a,761.47,761.5500000000001
lot,lot,761.55,761.79
more,more,761.79,762.0699999999999
weight,weight,762.07,762.6700000000001
in,in,762.79,762.98
my,my,762.98,763.16
life,life,763.16,763.85
I,i,764.57,764.72
just,just,764.72,764.9200000000001
try,try,764.94,765.1600000000001
to,to,765.16,765.26
not,not,765.26,765.52
let,let,765.52,765.71
it,it,765.71,765.87
weigh,weigh,766.15,766.48
me,me,766.48,766.65
down,down,766.65,767.28
But,but,770.11,770.3000000000001
this,this,770.299999,770.529999
I,i,770.53,770.63
know,know,770.63,771.04
I,i,772.529999,772.679999
deserve,deserve,772.68,773.64
to,to,773.809999,774.029999
be,be,774.029999,774.259999
here,here,774.359999,774.709999
I,i,776.2,776.21
deserve,deserve,776.21,777.13
this,this,777.87,778.15
job,job,778.15,778.8299999999999
And,and,782.03,782.1999999999999
I,i,782.2,782.2700000000001
don't,don't,782.27,782.51
have,have,782.52,782.86
this,this,782.86,783.09
job,job,783.09,783.5400000000001
because,because,784.49,784.87
I,i,785.01,785.02
sound,sound,785.02,785.43
white,white,785.44,786.0200000000001
I,i,787.259999,787.419999
have,have,787.42,787.7099999999999
this,this,787.71,787.9300000000001
job,job,787.929999,788.519999
because,because,789.059999,789.3699989999999
I,i,789.46,789.52
am,am,789.52,789.73
good,good,789.73,790.28
at,at,790.57,790.7800000000001
what,what,790.779999,791.009999
I,i,791.01,791.13
do,do,791.129999,791.469999
Thank,thank,792.35,792.61
you,you,799.8100000000001,799.83
