This,this,0.85,0.98
is,is,0.98,1.13
a,a,1.13,1.2
story,story,1.2,1.77
that,that,2.21,2.38
I,i,2.38,2.46
wrote,wrote,2.46,3.0
called,called,3.97,4.54
The,the,5.37,5.49
Man,man,5.49,6.0
who,who,6.75,6.89
Forgot,forgot,6.89,7.58
Ray,ray,7.87,8.13
Bradbury,bradbury,8.13,8.75
and,and,9.54,9.68
I,i,9.679999,9.759999
wrote,wrote,9.76,10.07
it,it,10.07,10.5
as,as,10.59,10.75
a,a,10.75,10.81
birthday,birthday,10.82,11.22
present,present,11.219999,11.879999
for,for,12.57,12.73
Ray,ray,12.73,13.110000000000001
on,on,13.719999,13.869999
his,his,13.87,14.049999999999999
91st,<unk>,14.049999,14.999998999999999
birthday,birthday,15.0,15.41
It,it,17.309999,17.449999000000002
begins,begins,17.449999,17.839999
like,like,17.84,18.06
this,this,18.209999999999997,18.47
I,i,21.34,21.47
am,am,21.47,21.61
forgetting,forgetting,21.61,22.14
things,things,22.14,22.64
which,which,23.759999999999998,24.02
scares,scares,24.02,24.46
me,me,24.5,24.73
I,i,26.33,26.459999999999997
am,am,26.46,26.6
losing,losing,26.599999,26.969999
words,words,26.97,27.65
although,although,27.8,28.14
I'm,i'm,28.139999,28.299999
not,not,28.3,28.490000000000002
losing,losing,28.490000000000002,28.810000000000002
concepts,concepts,28.82,29.62
I,i,30.25,30.43
hope,hope,30.429999000000002,30.779999000000004
that,that,31.15,31.34
I'm,i'm,31.34,31.46
not,not,31.46,31.580000000000002
losing,losing,31.599999,31.899999
concepts,concepts,31.9,32.629999999999995
If,if,33.339999,33.539999
I,i,33.54,33.62
am,am,33.62,33.8
losing,losing,33.799999,34.089999
concepts,concepts,34.09,34.660000000000004
I,i,34.719999,34.849999000000004
am,am,34.85,34.95
not,not,34.949999,35.099999
aware,aware,35.109999,35.409999
of,of,35.41,35.519999999999996
it,it,35.519999999999996,35.779999999999994
If,if,35.82,36.02
I,i,36.019999999999996,36.099999999999994
am,am,36.1,36.24
losing,losing,36.24,36.53
concepts,concepts,36.53,36.97
how,how,36.97,37.15
would,would,37.15,37.309999999999995
I,i,37.31,37.410000000000004
know,know,37.41,37.769999999999996
Which,which,39.14,39.35
is,is,39.35,39.47
funny,funny,39.47,39.87
because,because,40.44,40.78
my,my,40.8,40.949999999999996
memory,memory,40.95,41.290000000000006
was,was,41.29,41.44
always,always,41.44,41.68
so,so,41.69,41.89
good,good,41.89,42.32
Everything,everything,43.3,43.739999999999995
was,was,43.74,43.870000000000005
in,in,43.87,44.019999999999996
there,there,44.019999999999996,44.339999999999996
Sometimes,sometimes,44.67,45.21
my,my,45.21,45.36
memory,memory,45.36,45.7
was,was,45.7,45.900000000000006
so,so,45.91,46.15
good,good,46.15,46.42
that,that,46.429999,46.609999
I,i,46.62,46.76
even,even,46.76,47.05
thought,thought,47.08,47.44
that,that,47.730000000000004,47.89
I,i,47.889999,47.959999
could,could,47.96,48.15
remember,remember,48.15,48.51
things,things,48.509999,48.869999
I,i,48.92,49.010000000000005
didn't,didn't,49.009999,49.249999
know,know,49.25,49.45
yet,yet,49.45,50.03
Remembering,remembering,50.9,51.39
forward,forward,51.389999,51.949999000000005
I,i,53.719999,53.809999000000005
don't,don't,53.809999000000005,54.029999000000004
think,think,54.029999000000004,54.29999900000001
there's,there's,54.299999,54.459998999999996
a,a,54.46,54.53
word,word,54.53,54.800000000000004
for,for,54.8,54.919999999999995
that,that,54.92,55.15
is,is,55.41,55.61
there,there,55.61,55.86
Remembering,remembering,56.45,56.93
things,things,56.95,57.2
that,that,57.2,57.25
haven't,haven't,57.26,57.55
happened,happened,57.56,57.900000000000006
yet,yet,57.9,58.33
I,i,59.15,59.24
don't,don't,59.24,59.45
have,have,59.46,59.67
that,that,59.67,59.82
feeling,feeling,59.86,60.32
I,i,60.32,60.410000000000004
get,get,60.42,60.63
when,when,60.65,60.82
I,i,60.82,60.88
go,go,60.88,61.050000000000004
looking,looking,61.05,61.4
in,in,61.4,61.5
my,my,61.5,61.69
head,head,61.69,61.93
for,for,61.93,62.05
a,a,62.05,62.14
word,word,62.139999,62.609999
that,that,63.03,63.18
isn't,isn't,63.179999,63.459999
there,there,63.46,63.83
as,as,64.08,64.22
if,if,64.219999,64.549999
someone,someone,64.84,65.18
must,must,65.179999,65.38999899999999
have,have,65.389999,65.50999900000001
come,come,65.52,65.74
and,and,65.74,65.89
taken,taken,65.91,66.28999999999999
it,it,66.28999999999999,66.39999999999999
in,,,
the,the,66.49,66.61999999999999
night,night,66.62,67.08
When,when,68.95,69.13000000000001
I,i,69.13,69.19
was,was,69.19,69.36
a,a,69.36,69.42999999999999
young,young,69.429999,69.66999899999999
man,man,69.67,69.96000000000001
I,i,70.9,71.0
lived,lived,71.0,71.21
in,in,71.209999,71.30999899999999
a,a,71.309999,71.359999
big,big,71.359999,71.659999
shared,shared,71.66,72.13
house,house,72.13,72.82
I,i,73.81,73.9
was,was,73.9,74.05000000000001
a,a,74.05,74.13
student,student,74.13,74.63
then,then,74.67,74.98
We,we,75.76,75.93
had,had,75.93,76.06
our,our,76.06,76.18
own,own,76.18,76.35000000000001
shelves,shelves,76.37,76.96000000000001
in,in,76.97,77.08
the,the,77.08,77.19
kitchen,kitchen,77.19,77.61
neatly,neatly,77.62,78.02000000000001
marked,marked,78.02,78.41
with,with,78.41,78.55
our,our,78.55,78.67
names,names,78.67,79.28
and,,,
our,our,79.39,79.51
own,own,79.51,79.68
shelves,shelves,79.68,80.05000000000001
in,in,80.059999,80.139999
the,the,80.139999,80.249999
fridge,fridge,80.25,80.75
upon,upon,80.98,81.29
which,which,81.28999999999999,81.49999999999999
we,we,81.5,81.63
kept,kept,81.63,81.94
our,our,81.94,82.07
own,own,82.07,82.28999999999999
eggs,eggs,82.33,82.86
cheese,cheese,82.929999,83.58999899999999
yogurt,yogurt,83.679999,84.259999
milk,milk,84.66,85.21
I,i,86.25,86.51
was,was,86.52,86.7
always,always,86.71000000000001,87.08000000000001
punctilious,<unk>,87.08,87.78999999999999
about,about,87.799999,88.069999
using,using,88.07,88.44999999999999
only,only,88.529999,88.879999
my,my,88.879999,89.059999
own,own,89.059999,89.28999900000001
provisions,provisions,89.289999,90.099999
Others,others,90.629999,91.049999
were,were,91.05,91.14
not,not,91.14,91.36
so,so,91.38,91.92999999999999
Oh,oh,94.25,94.43
there,there,94.43,94.82000000000001
I,i,95.77,95.88
lost,lost,95.88,96.16
a,a,96.16,96.21
word,word,96.21,96.66999999999999
One,one,97.85,98.13
that,that,98.13,98.25999999999999
would,would,98.26,98.4
mean,mean,98.4,98.91000000000001
careful,careful,99.53,100.1
to,to,100.13,100.3
obey,obey,100.309999,100.499999
the,the,100.5,100.61
rules,rules,100.61,101.24
The,the,101.96000000000001,102.13000000000001
other,other,102.13,102.32
people,people,102.32,102.63999999999999
in,in,102.639999,102.739999
the,the,102.74,102.82
house,house,102.82,103.19
were,were,103.19,103.53
not,not,104.889999,105.169999
so,so,105.179999,105.739999
I,i,106.629999,106.769999
would,would,106.77,106.95
go,go,106.94999899999999,107.10999899999999
to,to,107.109999,107.209999
the,the,107.209999,107.319999
fridge,fridge,107.32,107.74
but,but,107.77,107.95
my,my,107.94999899999999,108.149999
eggs,eggs,108.15,108.72
would,would,108.82,108.99
have,have,108.99,109.11
vanished,vanished,109.11,109.74
I'm,i'm,111.79,111.96000000000001
thinking,thinking,111.96,112.32
of,of,112.32,112.39999999999999
a,a,112.4,112.46000000000001
sky,sky,112.46,112.88
filled,filled,112.91,113.19
with,with,113.19,113.33
spaceships,spaceships,113.35,114.17999999999999
So,so,114.47,114.69
many,many,114.69,114.97
of,of,114.97,115.13
them,them,115.13,115.27
that,that,115.27,115.41
they,they,115.41,115.53
seem,seem,115.53,115.76
like,like,115.76,115.94000000000001
a,a,115.94,116.03999999999999
plague,plague,116.05,116.38
of,of,116.389999,116.499999
locusts,<unk>,116.5,117.04
silver,silver,117.05,117.85
against,against,118.19,118.67
the,the,118.69,118.83
luminous,<unk>,118.83,119.59
mauve,,,
of,of,119.62,119.77000000000001
the,the,119.77,119.83999999999999
night,night,119.84,120.33
Things,things,121.5,121.79
would,would,121.78999999999999,121.91999999999999
go,go,121.92,122.04
missing,missing,122.059999,122.409999
from,from,122.41,122.57
my,my,122.57,122.72
room,room,122.719999,122.969999
back,back,122.969999,123.209999
then,then,123.21000000000001,123.39000000000001
as,as,123.389999,123.519999
well,well,123.52,123.92
Boots,boots,124.84,125.54
I,i,126.4,126.55000000000001
remember,remember,126.55,126.95
my,my,126.95,127.13000000000001
boots,boots,127.13,127.42999999999999
going,going,127.45,127.86
or,or,128.68,129.11
being,being,129.51,129.85999999999999
gone,gone,129.86,130.36
I,i,130.43,130.68
should,should,130.7,130.91
say,say,130.91,131.15
as,as,131.15,131.3
I,i,131.3,131.45000000000002
did,did,131.76,131.92999999999998
not,not,131.93,132.08
ever,ever,132.11,132.34
actually,actually,132.35,132.79
catch,catch,132.79,133.13
them,them,133.13,133.4
in,in,133.76,133.89999999999998
the,the,133.9,134.0
act,act,134.0,134.24
of,of,134.24,134.35000000000002
leaving,leaving,134.349999,134.789999
Boots,boots,136.639999,137.069999
do,do,137.07,137.22
not,not,137.219999,137.409999
just,just,137.42,138.0
go,go,138.48,138.81
Somebody,somebody,140.19,140.91
went,went,141.04,141.47
them,them,141.62,141.9
Just,just,147.34,147.45
like,like,147.62,147.78
my,my,147.78,147.91
big,big,147.91,148.12
dictionary,dictionary,148.16,148.85
Same,same,149.73,150.01
house,house,150.01,150.57999999999998
same,same,150.73,151.01
time,time,151.01,151.26999999999998
period,period,151.27,151.75
I,i,152.03,152.15
went,went,152.15,152.37
to,to,152.37,152.45000000000002
the,the,152.45,152.57999999999998
small,small,152.58,152.91000000000003
bookshelf,bookshelf,152.91,153.48
beside,beside,153.52,153.92000000000002
my,my,153.92,154.04999999999998
bed,bed,154.05,154.47
Everything,everything,154.57,155.06
was,was,155.059999,155.209999
by,by,155.21,155.37
my,my,155.38,155.54
bed,bed,155.54,155.79999999999998
It,it,155.809999,155.909999
was,was,155.92,156.20999999999998
my,my,156.52,156.74
room,room,156.74,157.02
but,but,157.02,157.15
it,it,157.15,157.24
was,was,157.24,157.38
not,not,157.38,157.5
much,much,157.5,157.73
larger,larger,157.73,158.07999999999998
than,than,158.08,158.20000000000002
a,a,158.2,158.26999999999998
cupboard,cupboard,158.27,158.81
with,with,159.15,159.3
a,a,159.299999,159.339999
bed,bed,159.339999,159.549999
in,in,159.549999,159.679999
it,it,159.679999,159.94999900000002
I,i,160.690001,160.83000099999998
went,went,160.82999999999998,161.05999999999997
to,to,161.07,161.48
the,the,161.57999999999998,161.69
shelf,shelf,161.690001,162.230001
and,and,162.299999,162.469999
the,the,162.47,162.54
dictionary,dictionary,162.54,162.98
was,was,162.98,163.17
gone,gone,163.17000000000002,163.46
just,just,163.46,163.66
a,a,163.66,163.72
dictionary,dictionary,163.72,164.21
sized,sized,164.22,164.64
hole,hole,164.64,164.89999999999998
in,in,164.9,165.02
my,my,165.02,165.17000000000002
shelf,shelf,165.17,165.48
to,to,165.49,165.63
show,show,165.63,166.07999999999998
where,where,166.62,166.82
my,my,166.82,166.95999999999998
dictionary,dictionary,166.96,167.45000000000002
wasn't,wasn't,167.57000000000002,168.11
All,all,169.75000000000003,169.83
the,the,170.0,170.06
words,words,170.059999,170.539999
in,in,170.559999,170.659999
the,the,170.66,170.73
book,book,170.73,170.98999999999998
they,they,171.01,171.17
came,came,171.17,171.42
in,in,171.42,171.57
were,were,171.57,171.69
gone,gone,171.69,172.1
Over,over,173.09,173.35
the,the,173.349999,173.419999
next,next,173.42,173.67
month,month,173.67,174.07999999999998
they,they,174.13,174.31
also,also,174.309999,174.629999
took,took,174.63,174.92
my,my,174.92,175.08999999999997
radio,radio,175.09,175.78
a,a,175.84,175.94
can,can,175.94,176.19
of,of,176.19,176.3
shaving,shaving,176.299999,176.739999
foam,foam,176.74,177.18
a,a,177.559999,177.649999
pair,pair,177.65,177.96
of,of,177.96,178.06
note,note,178.059999,178.229999
paper,paper,178.279999,178.799999
and,and,179.139999,179.27999899999998
a,a,179.279999,179.32999900000002
box,box,179.32999999999998,179.57999999999998
of,of,179.57999999999998,179.67999999999998
pencils,pencils,179.68,180.44
and,and,181.3,181.42000000000002
my,my,181.42000000000002,181.52
yogurt,yogurt,181.52,182.15
And,and,183.92,184.32
I,i,184.32,184.38
discovered,discovered,184.38,185.0
during,during,185.08,185.44000000000003
a,a,185.44,185.5
power,power,185.5,185.84
cut,cut,185.84,186.21
my,my,186.83,187.03
candles,candles,187.05,187.77
Now,now,189.71,189.95000000000002
I'm,i'm,189.95,190.08999999999997
thinking,thinking,190.11,190.43
of,of,190.429999,190.53999900000002
a,a,190.54,190.57999999999998
boy,boy,190.58,190.86
with,with,190.88,191.04
new,new,191.04,191.25
tennis,tennis,191.28,191.63
shoes,shoes,191.63,192.1
who,who,192.11,192.23000000000002
believes,believes,192.23,192.59
he,he,192.59,192.70000000000002
can,can,192.7,192.88
run,run,192.88,193.13
forever,forever,193.15,193.64000000000001
No,no,194.27,194.53
that's,that's,194.53,194.78
not,not,194.78,194.92
giving,giving,194.929999,195.179999
it,it,195.179999,195.309999
to,to,195.32,195.45999999999998
me,me,195.46,195.70000000000002
A,a,196.449999,196.54999899999999
dry,dry,196.549999,196.82999900000002
town,town,196.859999,197.14999899999998
in,in,197.15,197.21
which,which,197.209999,197.349999
it,it,197.35,197.48
rained,rained,197.48,197.81
forever,forever,197.82,198.34
A,a,199.07,199.17
road,road,199.17000000000002,199.47000000000003
through,through,199.49,199.66
the,the,199.66,199.76
desert,desert,199.76,200.14999999999998
on,on,200.23,200.38
which,which,200.38,200.57
good,good,200.59,200.81
people,people,200.81,201.14000000000001
see,see,201.15,201.3
a,a,201.3,201.36
mirage,mirage,201.36,202.07000000000002
A,a,202.74,202.83
dinosaur,dinosaur,202.83,203.4
that,that,203.4,203.48000000000002
is,is,203.48,203.60999999999999
a,a,203.61,203.66000000000003
movie,movie,203.66,203.98
producer,producer,203.98,204.59
The,the,205.22,205.35
mirage,mirage,205.35,205.84
was,was,205.88,206.04999999999998
the,the,206.05,206.19
Pleasure,pleasure,206.26,206.60999999999999
Dome,dome,206.61,206.84
of,of,206.84,206.95000000000002
Kublai,<unk>,207.15,207.36
Khan,khan,207.389999,207.909999
No,no,208.889999,209.199999
Sometimes,sometimes,210.929999,211.75999900000002
when,when,212.41,212.56
the,the,212.559999,212.63999900000002
words,words,212.639999,212.969999
go,go,212.969999,213.189999
away,away,213.19,213.55
I,i,214.24,214.34
can,can,214.34,214.52
find,find,214.52,214.81
them,them,214.809999,214.939999
by,by,214.940001,215.090001
creeping,creeping,215.109999,215.479999
up,up,215.48,215.64
on,on,215.639999,215.729999
them,them,215.73,215.92
from,from,215.92000000000002,216.05
another,another,216.049999,216.32999900000002
direction,direction,216.33,216.89000000000001
See,see,217.23,217.45
I,i,217.45,217.54999999999998
go,,,
and,,,
look,look,217.88,218.16
for,for,218.17,218.32
a,a,218.32,218.4
word,word,218.4,218.92000000000002
I,i,218.98,219.11999999999998
am,am,219.12,219.38
discussing,discussing,219.43,219.99
the,the,219.99,220.07000000000002
inhabitants,inhabitants,220.07,220.60999999999999
of,of,220.61,220.71
the,the,220.71,220.78
planet,planet,220.78,221.09
Mars,mars,221.09,221.6
say,say,221.67,222.05999999999997
and,and,222.32,222.47
I,i,222.47,222.54
realized,realized,222.54,222.94
that,that,222.94,223.03
the,the,223.04,223.16
word,word,223.16,223.44
for,for,223.44,223.54
them,them,223.54,223.73
has,has,223.73,223.88
gone,gone,223.88,224.26
I,i,224.73,224.82999999999998
might,might,224.83,225.06
also,also,225.059999,225.339999
realize,realize,225.34,225.94
that,that,226.0,226.15
the,the,226.15,226.22
missing,missing,226.219999,226.57999900000002
word,word,226.58,226.81
occurs,occurs,226.809999,227.35999900000002
in,in,227.7,227.81
a,a,227.809999,227.85999900000002
sentence,sentence,227.86,228.42000000000002
or,or,228.42,228.51
a,a,228.509999,228.579999
title,title,228.58,229.13000000000002
The,the,229.62,230.20000000000002
Chronicles,chronicles,231.67,232.48
My,my,233.619999,233.85999900000002
favorite,favorite,233.859999,234.439999
If,if,235.31,235.55
that,that,235.55,235.76000000000002
does,does,235.76,235.95
not,not,235.95,236.07999999999998
give,give,236.09,236.24
it,it,236.24,236.36
to,to,236.36,236.43
me,me,236.43,236.57
I,i,236.57,236.69
circle,circle,236.92,237.54
the,the,237.54,237.73
idea,idea,237.73,238.16
Little,little,238.19,238.56
green,green,239.01,239.35999999999999
men,men,239.36,239.82000000000002
I,i,239.86,240.0
think,think,240.0,240.27
or,or,240.46,240.6
tall,tall,240.6,241.04
dark,dark,241.05,241.47
skinned,skinned,241.47,242.03
gentle,gentle,242.04,242.6
dark,dark,242.91,243.28
they,they,243.309999,243.479999
were,were,243.48,243.76
and,and,243.76,243.95
golden,golden,243.95,244.35999999999999
eyed,eyed,244.36,244.68
and,and,244.71,244.93
suddenly,suddenly,244.929999,245.469999
the,the,245.469999,245.599999
word,word,245.599999,245.969999
Martians,martians,246.469999,247.279999
is,is,247.799999,247.969999
waiting,waiting,247.969999,248.339999
for,for,248.34,248.52
me,me,248.52,248.72
like,like,249.13,249.31
a,a,249.309999,249.369999
friend,friend,249.37,249.74
or,or,249.74,249.86
a,a,249.86,249.92000000000002
lover,lover,249.92,250.35999999999999
at,at,250.440001,250.590001
the,the,250.59,250.69
end,end,250.690001,250.83000099999998
of,of,250.82999999999998,250.92
a,a,250.92000000000002,250.97000000000003
long,long,250.969999,251.199999
day,day,251.199999,251.609999
I,i,253.289999,253.449999
left,left,253.45,253.63
that,that,253.67,253.85
house,house,253.85,254.16
when,when,254.16,254.28
my,my,254.28,254.43
radio,radio,254.43,254.82
went,went,254.82,255.26999999999998
It,it,255.76,255.89
was,was,255.89,256.03
too,too,256.03,256.21999999999997
wearing,wearing,256.22,256.71000000000004
the,the,256.97,257.09000000000003
slow,slow,257.09,257.5
disappearance,disappearance,257.5,258.12
of,of,258.12,258.24
the,the,258.24,258.35
things,things,258.36,258.81
I,i,259.12,259.22
had,had,259.22,259.37
thought,thought,259.4,259.65999999999997
so,so,259.68,259.88
safely,safely,259.88,260.43
mine,mine,260.44,260.89
item,item,260.929999,261.319999
by,by,261.32,261.5
item,item,261.54,262.06
thing,thing,262.55,262.8
by,by,262.8,262.98
thing,thing,263.0,263.41
object,object,263.92,264.32
by,by,264.32,264.5
object,object,264.5,265.17
word,word,266.04,266.39000000000004
by,by,266.429999,266.609999
word,word,266.61,267.09000000000003
When,when,269.41,269.58000000000004
I,i,269.58,269.64
was,was,269.639999,269.819999
12,<unk>,269.85,270.3
I,i,271.52,271.60999999999996
was,was,271.61,271.77000000000004
told,told,271.77,272.01
a,a,272.01,272.06
story,story,272.06,272.7
by,by,273.03,273.2
an,an,273.2,273.27
old,old,273.27,273.46999999999997
man,man,273.47,273.91
that,that,274.54,274.69
I've,i've,274.69,274.81
never,never,274.81,275.09
forgotten,forgotten,275.09,275.65999999999997
A,a,277.59,277.71999999999997
poor,poor,277.72,278.12
man,man,278.16,278.54
found,found,278.55,278.87
himself,himself,278.87,279.47
in,in,279.54,279.67
a,a,279.67,279.73
forest,forest,279.73,280.45000000000005
as,as,280.639999,280.809999
night,night,280.82,281.11
fell,fell,281.11,281.47
and,and,282.09,282.26
he,he,282.259999,282.369999
had,had,282.38,282.57
no,no,282.57,282.83
prayer,prayer,282.86,283.16
book,book,283.16,283.46000000000004
to,to,283.509999,283.649999
say,say,283.65,283.89
his,his,283.889999,284.079999
evening,evening,284.08,284.41999999999996
prayers,prayers,284.42,285.04
so,so,285.67,285.89000000000004
he,he,285.889999,286.049999
said,said,286.049999,286.539999
God,god,287.35,287.94
who,who,288.190001,288.310001
knows,knows,288.31,288.59
all,all,288.59,288.78
things,things,288.79,289.33000000000004
I,i,290.37,290.5
have,have,290.5,290.67
no,no,290.67,290.82
prayer,prayer,290.82,291.08
book,book,291.08,291.51
and,and,291.64,291.9
I,i,291.9,291.96
do,do,291.96,292.12
not,not,292.12,292.28000000000003
know,know,292.28,292.40999999999997
any,any,292.41,292.59000000000003
prayers,prayers,292.6,292.96000000000004
by,by,292.96,293.12
heart,heart,293.12,293.64
but,but,294.07,294.25
you,you,294.26,294.49
know,know,294.5,294.8
all,all,294.82,295.04
the,the,295.05,295.17
prayers,prayers,295.17,295.98
You,you,297.02,297.21999999999997
are,are,297.22,297.28000000000003
God,god,297.28,297.78
So,so,299.21,299.40999999999997
this,this,299.42,299.61
is,is,299.61,299.75
what,what,299.75,299.91
I'm,i'm,299.91,300.04
going,going,300.04,300.27000000000004
to,to,300.27,300.39
do,do,300.389999,300.699999
I'm,i'm,301.61,301.84000000000003
gonna,gonna,301.84,302.03999999999996
say,say,302.04,302.23
the,the,302.23,302.35
alphabet,alphabet,302.349999,303.059999
and,and,303.62,303.73
I,i,303.73,303.78000000000003
will,will,303.78,303.90999999999997
let,let,303.91,304.04
you,you,304.039999,304.27999900000003
put,put,304.299999,304.45999900000004
the,the,304.459999,304.54999899999996
words,words,304.549999,304.89999900000004
together,together,304.9,305.35999999999996
There,there,309.12,309.26
are,are,309.26,309.34
things,things,309.34,309.67999999999995
missing,missing,309.68,310.07
from,from,310.07,310.24
my,my,310.24,310.39
mind,mind,310.39,310.72999999999996
and,,,
it,it,310.83,310.93
scares,scares,310.94,311.35
me,me,311.38,311.59
Icarus,<unk>,312.69,313.4
It's,it's,313.83,314.05
not,not,314.05,314.18
as,as,314.179999,314.259999
if,if,314.26,314.4
I,i,314.4,314.48999999999995
forgotten,forgotten,314.52,314.96999999999997
all,all,314.97,315.15000000000003
names,names,315.15,315.53
I,i,315.53,315.59999999999997
remember,remember,315.599999,315.849999
Icarus,<unk>,316.099999,316.599999
He,he,316.599999,316.70999900000004
flew,flew,316.71,316.93
too,too,316.929999,317.159999
close,close,317.16,317.46000000000004
to,to,317.46,317.56
the,the,317.559999,317.679999
Sun,sun,317.679999,318.08999900000003
In,in,318.34,318.48999999999995
the,the,318.49,318.58
stories,stories,318.58,319.01
though,though,319.009999,319.169999
it's,it's,319.17,319.34000000000003
worth,worth,319.34,319.64
it,it,319.639999,319.869999
always,always,319.91,320.31
worth,worth,320.309999,320.559999
it,it,320.559999,320.699999
to,to,320.7,320.82
have,have,320.82,320.93
tried,tried,320.95,321.38
even,even,321.38,321.56
if,if,321.559999,321.679999
you,you,321.679999,321.799999
fail,fail,321.799999,322.189999
even,even,322.190001,322.360001
if,if,322.359999,322.46999900000003
you,you,322.46999900000003,322.599999
fall,fall,322.6,322.92
like,like,322.92,323.08000000000004
a,a,323.08,323.15
meteor,<unk>,323.15,323.63
forever,forever,323.639999,324.079999
Better,better,324.32,324.61
to,to,324.609999,324.739999
have,,,
flamed,,,
in,,,
the,the,325.43,325.51
darkness,darkness,325.52,326.07
to,to,326.07,326.21999999999997
have,have,326.22,326.28000000000003
inspired,inspired,326.28,326.85999999999996
others,others,326.86,327.15000000000003
to,to,327.15,327.26
have,have,327.27,327.41999999999996
lived,lived,327.43,327.86
than,than,327.87,328.02
to,to,328.02,328.13
have,have,328.13,328.26
sat,sat,328.27,328.57
in,in,328.57,328.64
the,the,328.64,328.75
darkness,darkness,328.76,329.34999999999997
cursing,cursing,329.6,330.04
the,the,330.04,330.13
people,people,330.13,330.46999999999997
who,who,330.47,330.58000000000004
borrowed,borrowed,330.58,331.03
but,but,331.07,331.25
did,did,331.28,331.47999999999996
not,not,331.48,331.65000000000003
return,return,331.69,332.18
your,your,332.19,332.42
candle,candle,332.42,333.3
I,i,336.75,336.88
have,have,336.88,337.15
lost,lost,337.15,337.47999999999996
people,people,337.509999,337.889999
though,though,337.889999,338.199999
It's,it's,339.45,339.64
strange,strange,339.639999,340.089999
when,when,340.09,340.21
it,it,340.209999,340.29999899999996
happens,happens,340.299999,340.919999
I,i,341.379999,341.509999
don't,don't,341.51,341.71
actually,actually,341.73,342.16
lose,lose,342.17,342.82
them,them,342.83,343.3
not,,,
in,in,343.93,344.0
the,the,344.0,344.09
way,way,344.09,344.21999999999997
one,one,344.22,344.40000000000003
loses,loses,344.4,344.77
one's,one's,344.79,345.05
parents,parents,345.05,345.97
either,either,346.65,346.97999999999996
as,as,346.98,347.15000000000003
a,a,347.15,347.23999999999995
small,small,347.24,347.6
child,child,347.6,348.19
when,when,348.2,348.34
you,you,348.34,348.48999999999995
think,think,348.79,349.05
you're,you're,349.05,349.16
holding,holding,349.17,349.49
your,your,349.49,349.61
mother's,mother's,349.61,349.93
hand,hand,349.93,350.17
in,in,350.17,350.27000000000004
a,a,350.27,350.32
crowd,crowd,350.32,350.78
and,and,350.79,350.89000000000004
then,then,350.889999,350.989999
you,you,350.99,351.11
look,look,351.11,351.29
up,up,351.29,351.49
and,and,351.49,351.57
it's,it's,351.57,351.75
not,not,351.75,351.9
your,your,351.9,352.04999999999995
mother,mother,352.05,352.40000000000003
or,or,353.27,353.4
later,later,353.4,353.88
when,when,354.429999,354.559999
you,you,354.559999,354.629999
have,have,354.63,354.78
to,to,354.78,354.88
find,find,354.88,355.21
the,the,355.21,355.28
words,words,355.28,355.66999999999996
to,to,355.679999,355.789999
describe,describe,355.79,356.29
them,them,356.29,356.41
at,at,356.41,356.5
a,a,356.5,356.56
funeral,funeral,356.559999,356.979999
service,service,356.98,357.39000000000004
or,or,357.389999,357.47999899999996
a,a,357.48,357.53000000000003
memorial,memorial,357.53,358.09999999999997
or,or,358.309999,358.439999
when,when,358.440001,358.590001
you're,you're,358.59,358.73999999999995
scattering,scattering,358.75,359.32
ashes,ashes,359.32,359.86
on,on,359.889999,360.009999
a,a,360.01,360.07
garden,garden,360.07,360.45
of,of,360.45,360.55
flowers,flowers,360.55,361.25
or,or,361.56,361.67
into,into,361.67,361.85
the,the,361.85,361.97
sea,sea,361.97,362.37
I,i,364.01,364.14
sometimes,sometimes,364.14,364.59
imagine,imagine,364.59,365.15
I,i,365.45,365.53
would,would,365.53,365.67999999999995
like,like,365.68,365.84000000000003
my,my,365.84,365.97999999999996
ashes,ashes,365.98,366.40000000000003
to,to,366.42,366.52000000000004
be,be,366.52,366.64
scattered,scattered,366.65,367.31
in,in,367.95,368.09999999999997
a,a,368.099999,368.179999
library,library,368.179999,368.949999
but,but,370.84,370.98999999999995
then,then,370.99,371.11
the,the,371.11,371.19
librarians,librarians,371.19,371.85
would,would,371.849999,371.95999900000004
just,just,371.96,372.12
have,have,372.12,372.22
to,to,372.219999,372.329999
come,come,372.33,372.57
in,in,372.57,372.7
early,early,372.7,372.93
the,the,372.929999,372.999999
next,next,373.0,373.23
morning,morning,373.23,373.47
to,to,373.469999,373.55999899999995
sweep,sweep,373.559999,373.839999
them,them,373.84,373.96
up,up,373.96,374.10999999999996
again,again,374.11,374.42
before,before,374.42,374.68
the,the,374.679999,374.769999
people,people,374.77,375.14
got,got,375.139999,375.359999
there,there,375.36,375.67
I,i,377.33,377.46999999999997
would,would,377.46999900000003,377.62999900000005
like,like,377.629999,377.789999
my,my,377.789999,377.909999
ashes,ashes,377.91,378.31
scattered,scattered,378.32,378.92
in,in,379.48,379.62
a,a,379.62,379.69
library,library,379.69,380.28
or,or,380.28,380.47999999999996
possibly,possibly,380.52,380.90999999999997
a,a,380.91,381.0
funfair,<unk>,381.0,381.7
A,a,382.12,382.2
1930s,<unk>,382.2,383.59999999999997
funfair,,,
where,,,
you,you,383.83,383.94
ride,ride,383.94,384.24
the,the,384.25,384.35
black,black,384.35,384.89000000000004
the,the,386.36,386.47
black,black,386.47,387.08000000000004
the,the,388.29,388.53000000000003
I've,i've,389.61,389.63000000000005
lost,lost,389.8,390.0
the,the,390.0,390.09
word,word,390.09,390.44
Carousel,carousel,391.19,391.85
Roller,roller,392.53,392.79999999999995
coaster,coaster,392.799999,393.27999900000003
The,the,393.73,393.84000000000003
thing,thing,393.839999,394.15999899999997
you,you,394.18,394.38
ride,ride,394.379999,394.869999
and,and,394.92,395.24
you,you,395.26,395.42
become,become,395.42,395.74
young,young,395.74,395.95
again,again,395.949999,396.22999899999996
The,the,396.23,396.33000000000004
ferris,ferris,396.33,396.74
wheel,wheel,396.74,396.97
yes,yes,396.97,397.51000000000005
There,there,398.09,398.41999999999996
is,is,398.43,398.5
another,another,398.5,398.81
carnival,carnival,398.81,399.2
that,that,399.2,399.32
comes,comes,399.32,399.56
to,to,399.56,399.65
town,town,399.65,399.94
as,as,399.94,400.04
well,well,400.04,400.25
bringing,bringing,400.25,400.63
evil,evil,400.67,401.18
by,by,401.56,401.77
the,the,401.79,401.93
pricking,<unk>,401.98,402.34000000000003
of,of,402.35,402.48
my,my,402.49,402.76
thumb's,<unk>,405.16,405.33000000000004
Shakespeare,shakespeare,405.33,406.03
I,i,407.2,407.37
remember,remember,407.37,407.73
Shakespeare,shakespeare,407.73,408.35
and,and,408.49,408.63
I,i,408.63,408.71
remember,remember,408.71,408.97999999999996
his,his,408.98,409.16
name,name,409.16,409.67
and,and,409.92,410.11
who,who,410.11,410.25
he,he,410.25,410.36
was,was,410.36,410.88
and,and,411.219999,411.379999
what,what,411.38,411.53
he,he,411.53,411.66999999999996
wrote,wrote,411.67,412.15000000000003
He's,he's,413.17,413.40000000000003
safe,safe,413.4,413.85999999999996
for,for,414.199999,414.329999
now,now,414.33,414.64
Perhaps,perhaps,415.67,416.04
there,there,416.04,416.19
are,are,416.19,416.33
people,people,416.38,416.68
who,who,416.68,416.8
forget,forget,416.8,417.22
Shakespeare,shakespeare,417.36,417.99
They,they,418.6,418.79
would,would,418.79,418.94
have,have,418.95,419.11
to,to,419.11,419.2
talk,talk,419.2,419.42
about,about,419.43,419.84000000000003
the,the,419.92,420.07
man,man,420.07,420.55
who,who,420.56,420.76
wrote,wrote,420.76,421.03
to,to,421.73,421.91
be,be,421.91,422.13000000000005
or,or,422.13,422.2
not,not,422.2,422.43
to,to,422.45,422.57
be,be,422.57,422.88
No,no,424.09,424.25
not,not,424.25,424.44
the,the,424.45,424.56
film,film,424.559999,425.009999
starring,starring,425.02,425.52
Jack,jack,425.52,425.74
Benny,benny,425.759999,426.119999
whose,whose,426.13,426.52
real,real,426.87,427.17
name,name,427.17,427.40000000000003
was,was,427.4,427.53
Benjamin,benjamin,427.53,427.97999999999996
Kubelsky,<unk>,427.98,428.65000000000003
who,who,429.17,429.31
was,was,429.309999,429.509999
raised,raised,429.509999,429.859999
in,in,429.86,429.95
Waukegan,waukegan,429.95,430.53
Illinois,illinois,430.559999,431.169999
an,an,431.24,431.42
hour,hour,431.42,431.59000000000003
or,or,431.59,431.69
so,so,431.71999900000003,432.06999900000005
outside,outside,432.43,432.86
Chicago,chicago,432.859999,433.499999
Waukegan,waukegan,434.23,434.77000000000004
Illinois,illinois,434.77,435.16999999999996
was,was,435.2,435.39
later,later,435.39,435.59999999999997
immortalized,<unk>,435.6,436.38
as,as,436.48,436.62
Green,green,436.62,436.95
Town,town,436.95,437.31
Illinois,illinois,437.34,437.77
in,in,437.81,437.93
a,a,437.93,438.02
series,series,438.02,438.53
of,of,438.57,438.73
stories,stories,438.74,439.13
and,and,439.13,439.27
books,books,439.27,439.56
by,by,439.56,439.75
an,an,439.77,439.9
American,american,439.9,440.39
author,author,440.4,440.71999999999997
who,who,440.72,440.92
left,left,440.92,441.48
Waukegan,waukegan,441.77,442.37
and,and,442.37,442.45
went,went,442.45,442.63
to,to,442.639999,442.839999
live,live,442.849999,443.06999900000005
in,in,443.07,443.23
Los,los,443.23,443.44
Angeles,angeles,443.44,444.21999999999997
I,i,444.53,444.65999999999997
mean,mean,444.67,444.91
of,of,444.91,445.07000000000005
course,course,445.07,445.55
the,the,445.82,446.04
man,man,446.04,446.21000000000004
I'm,i'm,446.29,446.45000000000005
thinking,thinking,446.45,446.78999999999996
of,of,446.79,447.08000000000004
I,i,448.789999,448.919999
can,can,448.92,449.13
see,see,449.129999,449.329999
him,him,449.33,449.46
in,in,449.459999,449.579999
my,my,449.58,449.72999999999996
head,head,449.73,449.97
when,when,450.0,450.15
I,i,450.15,450.22999999999996
close,close,450.23,450.53000000000003
my,my,450.53,450.71999999999997
eyes,eyes,450.72,451.23
I,i,452.62,452.7
used,used,452.7,452.90999999999997
to,to,452.91,452.98
look,look,452.98,453.12
at,at,453.12,453.19
his,his,453.19,453.32
photographs,photographs,453.32,453.99
on,on,453.99,454.1
the,the,454.1,454.18
back,back,454.18,454.38
of,of,454.38,454.52
the,the,454.52,454.58
books,books,454.58,455.28
He,he,455.83,455.95
looked,looked,455.95,456.14
mild,mild,456.15,456.79999999999995
and,and,457.06,457.18
he,he,457.18,457.28000000000003
looked,looked,457.28,457.48999999999995
wise,wise,457.49,458.08
and,and,458.92,459.01
he,he,459.01,459.11
looked,looked,459.11,459.33000000000004
kind,kind,459.36,460.03000000000003
He,he,461.15,461.28999999999996
wrote,wrote,461.29,461.48
a,a,461.48,461.56
story,story,461.559999,461.929999
about,about,461.929999,462.179999
Poe,poe,462.24,462.6
to,to,462.599999,462.749999
stop,stop,462.75,462.96
Poe,poe,462.969999,463.28999899999997
being,being,463.29,463.57
forgotten,forgotten,463.57,464.06
about,about,464.07,464.34999999999997
a,a,464.349999,464.419999
future,future,464.42,464.79
where,where,464.79,464.92
they,they,464.92,465.06
burn,burn,465.059999,465.479999
books,books,465.5,465.87
and,and,465.87,466.01
they,they,466.01,466.11
forget,forget,466.109999,466.499999
them,them,466.539999,466.799999
and,and,467.02,467.15
in,in,467.15,467.22999999999996
the,the,467.23,467.33000000000004
story,story,467.33,467.7
we,we,467.699999,467.84999899999997
are,are,467.85,467.94
on,on,467.940001,468.100001
Mars,mars,468.1,468.54
although,although,468.549999,468.729999
we,we,468.73,468.85
might,might,468.86,469.05
as,as,469.05,469.15000000000003
well,well,469.15,469.32
be,be,469.32,469.45
in,in,469.45,469.59999999999997
Waukegan,waukegan,469.6,470.16
or,or,470.16,470.27000000000004
Los,los,470.27,470.45
Angeles,angeles,470.45,470.96999999999997
as,as,471.34,471.53
critics,critics,471.53,472.03999999999996
as,as,472.04,472.17
those,those,472.17,472.41
who,who,472.41,472.48
would,would,472.48,472.64000000000004
repress,repress,472.64,473.11
or,or,473.11,473.21000000000004
forget,forget,473.21,473.57
books,books,473.61,473.94
as,as,473.94,474.07
those,those,474.07,474.34999999999997
who,who,474.35,474.41
would,would,474.41,474.58000000000004
take,take,474.58,474.81
the,the,474.83,474.93
words,words,474.93,475.3
all,all,475.33,475.57
the,the,475.57,475.65999999999997
words,words,475.66,476.02000000000004
dictionaries,dictionaries,476.05,476.59000000000003
and,and,476.849999,477.049999
radios,radios,477.05,477.72
full,full,477.719999,477.90999899999997
of,of,477.91,478.02000000000004
words,words,478.02,478.29999999999995
as,as,478.3,478.44
those,those,478.45,478.74
people,people,478.74,479.08
are,are,479.08,479.13
walked,walked,479.13,479.46
through,through,479.46,479.72999999999996
a,a,479.73,479.81
house,house,479.809999,480.099999
and,and,480.099999,480.26999900000004
murdered,murdered,480.27,480.71999999999997
one,one,480.73,481.0
by,by,481.0,481.16
one,one,481.16,481.54
by,by,481.809999,481.999999
orangutan,orangutan,482.0,482.79
by,by,482.79,482.81
pit,pit,483.2,483.55
and,and,483.61,483.82
pendulum,pendulum,483.82,484.37
for,for,484.369999,484.479999
the,the,484.48,484.61
love,love,484.609999,484.929999
of,of,484.93,485.09000000000003
God,god,485.1,485.41
Montresor,<unk>,485.55,486.17
Poe,poe,488.23,488.58000000000004
I,i,489.7,489.81
know,know,489.81,490.05
Poe,poe,490.06,490.48
and,and,491.41,491.58000000000004
Montresor,<unk>,491.58,492.28
and,and,492.82,492.94
Benjamin,benjamin,492.95,493.43
Kubelsky,<unk>,493.43,494.01
and,and,494.04,494.17
his,his,494.17,494.31
wife,wife,494.309999,494.709999
Sadie,sadie,494.79,495.17
Marks,marks,495.17,495.88
who,who,496.54,496.68
was,was,496.679999,496.829999
no,no,496.83,496.97999999999996
relation,relation,496.98,497.41
to,to,497.44,497.52
the,the,497.52,497.60999999999996
Marx,marx,497.61,497.95
Brothers,brothers,497.95,498.27
and,and,498.27,498.4
who,who,498.4,498.5
performed,performed,498.5,499.1
as,as,499.139999,499.279999
Mary,mary,499.28,499.59
Livingston,livingston,499.59,500.19
All,all,501.0,501.17
these,these,501.17,501.36
names,names,501.36,501.81
in,in,501.809999,501.929999
my,my,501.929999,502.08999900000003
head,head,502.09,502.53999999999996
I,i,504.35,504.45000000000005
was,was,504.45,504.63
12,<unk>,504.63,505.2
I'd,i'd,506.96,507.09999999999997
read,read,507.1,507.28000000000003
the,the,507.28,507.34
books,books,507.34,508.15999999999997
I'd,i'd,508.27,508.43
seen,seen,508.43,508.62
the,the,508.62,508.72
film,film,508.72,509.07000000000005
and,and,509.07,509.18
the,the,509.18,509.26
burning,burning,509.26,509.69
point,point,509.69,509.96999999999997
of,of,509.97,510.07000000000005
paper,paper,510.07,510.44
was,was,510.44,510.63
the,the,510.63,510.74
moment,moment,510.74,511.06
where,where,511.07,511.21999999999997
I,i,511.22,511.31
knew,knew,511.31,511.65
that,that,512.179999,512.3599989999999
I,i,512.36,512.42
would,would,512.42,512.5699999999999
have,have,512.58,512.7800000000001
to,to,512.78,512.92
remember,remember,512.92,513.27
this,this,513.27,513.78
because,because,514.59,514.89
people,people,514.889999,515.229999
would,would,515.23,515.35
have,have,515.36,515.5500000000001
to,to,515.55,515.6999999999999
remember,remember,515.7,516.07
books,books,516.07,516.5200000000001
if,if,516.52,516.66
other,other,516.66,516.86
people,people,516.86,517.15
burn,burn,517.15,517.4
them,them,517.4,517.55
or,or,517.549999,517.679999
forget,forget,517.679999,518.059999
them,them,518.059999,518.299999
We,we,518.65,518.8
will,will,518.799999,518.9499989999999
commit,commit,518.96,519.2800000000001
them,them,519.28,519.4599999999999
to,to,519.46,519.59
memory,memory,519.589999,519.989999
We,we,520.02,520.15
will,will,520.15,520.29
become,become,520.289999,520.7099989999999
them,them,520.709999,520.9199990000001
We,we,520.940001,521.230001
become,become,521.23,521.69
authors,authors,521.709999,522.239999
We,we,522.24,522.38
become,become,522.38,522.99
their,their,523.66,523.8399999999999
books,books,523.84,524.5500000000001
I'm,i'm,526.54,526.75
sorry,sorry,526.76,527.1899999999999
I,i,527.69,528.0
lost,lost,528.01,528.48
something,something,528.7,529.1400000000001
there,there,529.14,529.41
like,like,529.75,529.96
a,a,529.96,530.0400000000001
path,,,
I,i,530.45,530.5
was,was,530.5,530.67
walking,walking,530.679999,531.049999
that,that,531.05,531.1899999999999
dead,dead,531.19,531.3900000000001
ended,ended,531.389999,531.749999
and,and,531.75,531.86
now,now,531.86,532.03
I'm,i'm,532.03,532.17
alone,alone,532.17,532.52
and,and,532.52,532.65
lost,lost,532.65,532.91
in,in,532.91,533.0
the,the,533.0,533.11
forest,forest,533.11,533.5500000000001
and,and,533.55,533.67
I,i,533.67,533.75
am,am,533.75,533.89
here,here,533.889999,534.209999
and,and,534.9,535.06
I,i,535.059999,535.1199989999999
do,do,535.12,535.28
not,not,535.28,535.4499999999999
know,know,535.45,535.57
where,where,535.57,535.7600000000001
here,here,535.759999,536.029999
is,is,536.03,536.47
anymore,anymore,536.62,537.15
You,you,538.92,539.0699999999999
must,must,539.07,539.2600000000001
learn,learn,539.26,539.42
a,a,539.42,539.4699999999999
Shakespeare,shakespeare,539.469999,539.949999
play,play,539.949999,540.349999
I,i,541.07,541.1500000000001
will,will,541.15,541.29
think,think,541.31,541.53
of,of,541.53,541.62
you,you,541.62,541.86
as,as,541.92,542.0699999999999
Titus,titus,542.1,542.48
Andronicus,<unk>,542.5,543.3
Or,or,543.96,544.14
you,you,544.14,544.49
my,my,544.87,545.01
friend,friend,545.01,545.26
you,you,545.27,545.46
could,could,545.46,545.62
learn,learn,545.62,545.8100000000001
an,an,545.81,545.9399999999999
Agatha,agatha,545.96,546.3000000000001
Christie,christie,546.3,546.6899999999999
novel,novel,546.69,546.96
you,you,546.97,547.1
will,will,547.1,547.21
be,be,547.21,547.37
Murder,murder,547.58,547.98
on,on,548.0,548.15
the,the,548.15,548.29
Orient,orient,548.3,548.67
Express,express,548.67,549.3499999999999
someone,someone,549.41,549.8199999999999
else,else,549.82,550.1500000000001
could,could,550.17,550.41
learn,learn,550.41,550.75
the,the,550.96,551.1
poems,poems,551.099999,551.499999
of,of,551.5,551.63
John,john,551.63,551.86
Wilmot,<unk>,551.86,552.2
Earl,earl,552.259999,552.449999
of,of,552.45,552.5400000000001
Rochester,rochester,552.54,553.03
and,and,553.07,553.2600000000001
and,and,553.259999,553.429999
you,you,553.429999,553.8199989999999
whoever,whoever,554.13,554.49
you,you,554.49,554.63
are,are,554.63,554.76
listening,listening,554.759999,555.089999
to,to,555.089999,555.1899990000001
this,this,555.19,555.37
you,you,555.38,555.61
can,can,555.61,555.82
learn,learn,555.82,556.08
a,a,556.119999,556.209999
Dickens,dickens,556.209999,556.759999
book,book,556.76,557.02
and,and,557.109999,557.359999
when,when,557.369999,557.599999
I,i,557.6,557.6800000000001
want,want,557.690001,557.860001
to,to,557.869999,557.949999
know,know,557.949999,558.0599990000001
what,what,558.059999,558.2299989999999
happened,happened,558.24,558.54
to,to,558.54,558.64
Barnaby,<unk>,558.64,558.9499999999999
Rudge,<unk>,559.51,559.52
I,i,560.14,560.29
will,will,560.29,560.4499999999999
come,come,560.46,560.7
to,to,560.7,560.82
you,you,560.82,561.09
You,you,562.24,562.46
can,can,562.46,562.59
tell,tell,562.59,562.8100000000001
me,me,562.81,563.0799999999999
and,and,564.56,564.7099999999999
the,the,564.71,564.7900000000001
people,people,564.79,565.11
who,who,565.11,565.21
would,would,565.21,565.37
burn,burn,565.37,565.62
the,the,565.63,565.73
words,words,565.73,566.09
the,the,566.099999,566.219999
people,people,566.22,566.53
who,who,566.53,566.63
would,would,566.63,566.77
take,take,566.77,566.99
the,the,567.0,567.09
books,books,567.09,567.39
from,from,567.389999,567.539999
the,the,567.54,567.62
shelves,shelves,567.62,568.09
the,the,568.349999,568.469999
firemen,firemen,568.469999,569.029999
and,and,569.059999,569.189999
the,the,569.19,569.35
ignorant,ignorant,569.349999,569.769999
the,the,569.77,569.84
ones,ones,569.84,570.1
afraid,afraid,570.099999,570.459999
of,of,570.46,570.6
tales,tales,570.599999,570.969999
and,and,570.969999,571.129999
words,words,571.13,571.42
and,and,571.42,571.5699999999999
dreams,dreams,571.57,571.9100000000001
in,in,571.91,572.02
Halloween,halloween,572.03,572.48
and,and,572.48,572.6
people,people,572.599999,572.899999
who,who,572.9,572.99
have,have,572.99,573.09
tattooed,tattooed,573.11,573.53
themselves,themselves,573.53,573.98
with,with,573.98,574.12
stories,stories,574.119999,574.599999
and,and,574.799999,574.989999
boys,boys,574.99,575.3
you,you,575.309999,575.439999
can,can,575.440001,575.590001
grow,grow,575.59,575.73
mushrooms,mushrooms,575.76,576.17
in,in,576.17,576.29
your,your,576.29,576.51
cellar,cellar,576.51,576.81
and,and,576.83,576.96
as,as,576.96,577.11
long,long,577.11,577.32
as,as,577.32,577.4300000000001
your,your,577.43,577.6099999999999
words,words,577.61,578.04
which,which,578.19,578.4300000000001
are,are,578.43,578.52
people,people,578.54,578.92
which,which,578.92,579.12
are,are,579.12,579.19
days,days,579.19,579.5300000000001
which,which,579.53,579.7099999999999
are,are,579.71,579.7800000000001
my,my,579.78,579.97
life,life,579.97,580.3100000000001
as,as,580.33,580.48
long,long,580.48,580.64
your,your,580.76,580.92
words,words,580.92,581.1899999999999
survived,survived,581.19,581.5300000000001
and,and,581.58,581.61
you,you,581.72,581.89
lived,lived,581.89,582.1899999999999
and,and,582.21,582.36
you,you,582.37,582.49
mattered,mattered,582.52,582.9399999999999
and,and,583.16,583.31
you,you,583.32,583.48
changed,changed,583.48,583.87
the,the,583.88,584.0
world,world,584.0,584.26
and,and,584.26,584.36
I,i,584.36,584.5
cannot,cannot,584.54,584.87
remember,remember,584.889999,585.279999
your,your,585.28,585.49
name,name,585.49,585.9300000000001
I,i,587.87,587.99
learned,learned,587.99,588.22
your,your,588.219999,588.359999
books,books,588.36,589.01
Burn,burn,589.67,589.91
them,them,589.91,590.03
into,into,590.03,590.25
my,my,590.25,590.4
mind,mind,590.4,590.88
in,in,591.299999,591.419999
case,case,591.42,591.64
the,the,591.639999,591.749999
firemen,firemen,591.75,592.19
came,came,592.190001,592.4100010000001
to,to,592.41,592.53
town,town,592.529999,592.9499989999999
but,but,593.949999,594.119999
who,who,594.119999,594.219999
you,you,594.23,594.4200000000001
are,are,594.42,594.61
is,is,594.61,594.76
gone,gone,594.76,595.27
I,i,596.01,596.11
wait,wait,596.11,596.33
for,for,596.34,596.4300000000001
it,it,596.43,596.56
to,to,596.56,596.65
return,return,596.65,597.03
to,to,597.06,597.18
me,me,597.18,597.41
just,just,597.91,598.15
as,as,598.15,598.26
I,i,598.26,598.34
waited,waited,598.35,598.7
for,for,598.7,598.8000000000001
my,my,598.8,598.9499999999999
dictionary,dictionary,598.95,599.5
or,or,599.5,599.55
for,for,599.59,599.71
my,my,599.71,599.89
radio,radio,599.89,600.3
or,or,600.3,600.4699999999999
for,for,600.47,600.57
my,my,600.57,600.7600000000001
boots,boots,600.76,601.61
and,and,601.92,602.04
with,with,602.04,602.1899999999999
just,just,602.19,602.44
as,as,602.44,602.5500000000001
meager,meager,602.559999,602.939999
a,a,602.95,603.0500000000001
result,result,603.05,603.6899999999999
All,all,604.86,605.0500000000001
I,i,605.05,605.0999999999999
have,have,605.099999,605.259999
left,left,605.259999,605.589999
is,is,605.59,605.7
the,the,605.7,605.8100000000001
space,space,605.809999,606.169999
in,in,606.17,606.3
my,my,606.3,606.4499999999999
mind,mind,606.45,606.82
where,where,606.83,606.96
you,you,606.96,607.1
used,used,607.11,607.42
to,to,607.42,607.5
be,be,607.5,607.75
and,and,608.75,608.89
I'm,i'm,608.889999,608.999999
not,not,609.0,609.16
so,so,609.16,609.31
certain,certain,609.309999,609.7199989999999
about,about,609.719999,610.0399990000001
even,even,610.549999,610.809999
that,that,610.809999,611.309999
I,i,612.969999,613.0499990000001
was,was,613.05,613.2099999999999
talking,talking,613.21,613.5400000000001
to,to,613.54,613.65
a,a,613.65,613.73
friend,friend,613.73,614.3100000000001
and,and,614.82,614.97
I,i,614.97,615.0500000000001
said,said,615.07,615.33
Are,are,615.4,615.5699999999999
these,these,615.61,616.09
stories,stories,616.11,616.69
familiar,familiar,616.7,617.4300000000001
to,to,617.94,618.0600000000001
you,you,618.06,618.3399999999999
I,i,619.46,619.57
told,told,619.57,619.8100000000001
him,him,619.81,619.9499999999999
all,all,619.96,620.1800000000001
the,the,620.19,620.3000000000001
words,words,620.3,620.8
I,i,620.8,620.91
knew,knew,620.91,621.27
The,the,621.49,621.6
ones,ones,621.599999,621.839999
about,about,621.84,622.08
the,the,622.08,622.1700000000001
monsters,monsters,622.17,622.7099999999999
coming,coming,622.71,622.99
home,home,622.99,623.27
to,to,623.27,623.37
the,the,623.37,623.47
house,house,623.469999,623.829999
with,with,623.849999,623.989999
the,the,623.99,624.0600000000001
human,human,624.059999,624.399999
child,child,624.4,624.74
in,in,624.74,624.83
it,it,624.83,625.0
The,the,625.259999,625.369999
ones,ones,625.37,625.64
about,about,625.639999,625.879999
the,the,625.88,625.96
lightning,lightning,625.96,626.45
salesman,salesman,626.45,626.95
and,and,626.95,626.99
the,the,627.0,627.12
wicked,wicked,627.12,627.48
carnival,carnival,627.48,627.95
that,that,627.95,628.07
followed,followed,628.07,628.45
him,him,628.449999,628.6499990000001
and,and,628.879999,629.029999
the,the,629.029999,629.099999
Martians,martians,629.1,629.76
and,and,629.76,629.91
their,their,629.91,630.0699999999999
falling,falling,630.07,630.48
glass,glass,630.48,630.8000000000001
cities,cities,630.809999,631.259999
and,and,631.25,631.37
their,their,631.37,631.52
perfect,perfect,631.56,632.04
canals,canals,632.05,632.8
I,i,633.8,633.9
told,told,633.9,634.14
him,him,634.14,634.24
all,all,634.24,634.37
the,the,634.37,634.46
words,words,634.46,635.1
and,and,635.55,635.65
he,he,635.65,635.74
said,said,635.74,635.91
he,he,635.91,635.98
hadn't,hadn't,635.99,636.23
heard,heard,636.26,636.5
of,of,636.5,636.62
them,them,636.62,636.84
that,that,637.71,637.84
they,they,637.84,637.94
didn't,didn't,637.94,638.1800000000001
exist,exist,638.179999,638.9799989999999
and,and,640.889999,641.019999
I,i,641.02,641.0699999999999
worry,worry,641.07,641.49
I,i,642.98,643.09
worry,worry,643.09,643.4100000000001
I,i,643.41,643.51
was,was,643.509999,643.729999
keeping,keeping,643.73,644.08
them,them,644.08,644.21
alive,alive,644.21,644.8100000000001
like,like,645.179999,645.3599989999999
the,the,645.36,645.48
people,people,645.49,645.82
in,in,645.82,645.9200000000001
the,the,645.92,646.02
snow,snow,646.02,646.3199999999999
at,at,646.32,646.4200000000001
the,the,646.42,646.53
end,end,646.529999,646.689999
of,of,646.690001,646.7900010000001
the,the,646.789999,646.879999
story,story,646.879999,647.279999
walking,walking,647.279999,647.659999
backwards,backwards,647.67,648.12
and,and,648.119999,648.279999
forwards,forwards,648.28,648.6999999999999
remembering,remembering,648.7,649.25
repeating,repeating,649.25,649.69
the,the,649.69,649.7800000000001
words,words,649.78,650.06
of,,,
the,the,650.16,650.3
stories,stories,650.3,650.74
making,making,650.74,651.07
them,them,651.07,651.25
real,real,651.25,651.78
I,i,655.15,655.24
think,think,655.25,655.46
it's,it's,655.46,655.6
God's,god's,655.61,656.01
fault,fault,656.01,656.51
I,i,658.12,658.2
mean,mean,658.2,658.63
he,he,658.99,659.2
can't,can't,659.23,659.5
be,be,659.509999,659.629999
expected,expected,659.63,660.15
to,to,660.15,660.26
remember,remember,660.259999,660.609999
everything,everything,660.61,661.1
God,god,661.9,662.1899999999999
can't,can't,662.29,662.8499999999999
Busy,busy,664.209999,664.479999
chap,chap,664.48,664.91
So,so,667.18,667.38
perhaps,perhaps,667.38,667.76
he,he,667.76,667.9
delegates,<unk>,667.9,668.39
things,things,668.41,668.8199999999999
sometimes,sometimes,668.83,669.35
just,just,669.35,669.5400000000001
goes,goes,669.54,669.81
You,you,669.81,670.18
I,i,670.45,670.5300000000001
want,want,670.53,670.6899999999999
you,you,670.7,670.85
to,to,670.85,670.99
remember,remember,670.99,671.3
the,the,671.3,671.38
dates,dates,671.38,671.71
of,of,671.71,671.82
the,the,671.82,671.87
Hundred,hundred,671.87,672.25
Years,years,672.25,672.5
War,war,672.5,672.92
and,and,673.63,673.8
you,you,673.8,674.1899999999999
you,you,674.41,674.5699999999999
remember,remember,674.57,674.9300000000001
okapi,<unk>,674.94,674.95
You,you,676.37,676.75
you,you,677.48,677.61
remember,remember,677.61,677.9300000000001
Jack,jack,677.929999,678.159999
Benny,benny,678.17,678.4799999999999
who,who,678.48,678.62
was,was,678.62,678.79
Benjamin,benjamin,678.809999,679.259999
Kubelsky,<unk>,679.259999,679.769999
from,from,679.78,679.9499999999999
Waukegan,waukegan,679.95,680.37
Illinois,illinois,680.37,680.9
and,and,682.029999,682.239999
then,then,682.24,682.61
when,when,683.15,683.3299999999999
you,you,683.34,683.5
forget,forget,683.5,683.88
the,the,683.879999,683.989999
thing,thing,683.99,684.24
that,that,684.24,684.4
God,god,684.4,684.65
has,has,684.65,684.8299999999999
charged,charged,684.83,685.24
you,you,685.26,685.36
with,with,685.36,685.5500000000001
remembering,remembering,685.55,686.04
bam,bam,686.05,686.5699999999999
no,no,687.19,687.37
more,more,687.37,687.72
okapi,<unk>,688.03,688.5
just,just,689.29,689.53
an,an,689.53,689.68
okapi,<unk>,689.72,690.13
shaped,shaped,690.13,690.46
hole,hole,690.46,690.74
in,in,690.74,690.84
the,the,690.84,690.9300000000001
world,world,690.93,691.4499999999999
which,which,691.98,692.19
is,is,692.19,692.32
halfway,halfway,692.32,692.8100000000001
between,between,692.889999,693.219999
an,an,693.22,693.32
antelope,antelope,693.32,693.96
and,and,694.04,694.15
a,a,694.15,694.2099999999999
giraffe,giraffe,694.21,694.86
No,no,696.429999,696.6099989999999
more,more,696.61,696.79
Jack,jack,696.79,697.04
Benny,benny,697.04,697.42
No,no,697.84,697.98
more,more,697.98,698.1800000000001
Waukegan,waukegan,698.179999,698.759999
just,just,698.759999,698.959999
a,a,698.96,699.01
hole,hole,699.009999,699.3199989999999
in,in,699.32,699.4200000000001
your,your,699.42,699.55
mind,mind,699.549999,699.8499989999999
where,where,699.86,700.0
a,a,700.0,700.08
person,person,700.08,700.6
or,or,701.299999,701.429999
a,a,701.43,701.5
concept,concept,701.5,701.99
used,used,701.99,702.19
to,to,702.190001,702.2600010000001
be,be,702.4000010000001,702.4900010000001
I,i,704.29,704.39
don't,don't,704.39,704.61
know,know,704.61,704.87
I,i,706.61,706.7
don't,don't,706.7,706.86
know,know,706.86,706.94
where,where,706.94,707.1300000000001
to,to,707.13,707.23
look,look,707.23,707.74
Have,have,708.62,708.77
I,i,708.77,708.84
lost,lost,708.84,709.09
an,an,709.09,709.22
author,author,709.22,709.69
just,just,710.07,710.3000000000001
as,as,710.3,710.41
once,once,710.41,710.75
I,i,710.75,710.83
lost,lost,710.83,711.0500000000001
a,,,
dictionary,dictionary,711.15,711.8
Or,or,712.51,712.65
worse,worse,712.65,713.04
did,did,713.04,713.2199999999999
God,god,713.23,713.57
give,give,713.58,713.8000000000001
me,me,713.82,713.98
this,this,713.98,714.1700000000001
one,one,714.179999,714.519999
small,small,714.53,714.88
task,task,714.91,715.37
and,and,715.37,715.51
now,now,715.509999,715.699999
I,i,715.7,715.7800000000001
have,have,715.78,715.9399999999999
failed,failed,715.94,716.2900000000001
him,him,716.29,716.42
and,and,716.42,716.52
because,because,716.52,716.81
I,i,716.839999,717.0399990000001
have,have,717.04,717.1999999999999
forgotten,forgotten,717.2,717.6600000000001
him,him,717.66,717.91
he,he,718.190001,718.4000010000001
is,is,718.4,718.54
gone,gone,718.549999,718.8299989999999
from,from,718.859999,719.029999
the,the,719.029999,719.119999
shelves,shelves,719.119999,719.619999
gone,gone,719.619999,719.899999
from,from,719.9,720.0699999999999
the,the,720.07,720.1700000000001
reference,reference,720.17,720.6999999999999
works,works,720.7,721.0400000000001
and,and,721.04,721.18
now,now,721.18,721.3399999999999
he,he,721.34,721.49
only,only,721.52,721.97
exists,exists,721.97,722.8100000000001
in,in,723.4,723.5699999999999
our,our,723.57,723.69
dreams,dreams,723.69,724.36
My,my,726.04,726.25
dreams,dreams,726.25,726.78
I,i,727.89,728.01
do,do,728.01,728.17
not,not,728.17,728.3399999999999
know,know,728.34,728.47
your,your,728.47,728.7
dreams,dreams,728.7,729.22
Perhaps,perhaps,729.78,730.14
you,you,730.16,730.3199999999999
do,do,730.32,730.4200000000001
not,not,730.42,730.5699999999999
dream,dream,730.58,730.88
of,of,730.88,731.02
a,a,731.02,731.09
belt,belt,731.12,731.55
that,that,731.61,731.74
is,is,731.74,731.86
only,only,731.86,732.11
wallpaper,wallpaper,732.11,732.83
but,but,733.41,733.5799999999999
that,that,733.58,733.6700000000001
eats,eats,733.67,733.99
two,two,733.99,734.2
children,children,734.2,734.7
Perhaps,perhaps,735.58,735.9100000000001
you,you,735.91,736.03
do,do,736.029999,736.139999
not,not,736.139999,736.299999
know,know,736.299999,736.489999
that,that,736.49,736.63
Mars,mars,736.629999,737.059999
is,is,737.059999,737.2199989999999
heaven,heaven,737.23,737.7
where,where,737.789999,737.989999
our,our,737.999999,738.019999
beloved,beloved,738.069999,738.519999
dead,dead,738.569999,738.6799990000001
go,go,738.85,739.03
to,to,739.05,739.16
wait,wait,739.16,739.39
for,for,739.39,739.58
us,us,739.58,739.95
then,then,740.49,740.67
consume,consume,740.67,741.16
us,us,741.16,741.29
in,in,741.29,741.39
the,the,741.39,741.49
night,night,741.49,741.94
You,you,742.36,742.52
do,do,742.52,742.62
not,not,742.62,742.77
dream,dream,742.78,743.04
of,of,743.04,743.17
a,a,743.17,743.2199999999999
man,man,743.22,743.46
arrested,arrested,743.47,743.94
for,for,743.94,744.0500000000001
the,the,744.05,744.14
crime,crime,744.14,744.56
of,of,744.56,744.65
being,being,744.67,744.92
a,a,744.92,744.9699999999999
pedestrian,pedestrian,744.97,745.75
I,i,747.679999,747.8299989999999
dream,dream,747.83,748.12
these,these,748.12,748.34
things,things,748.34,748.87
If,if,750.59,750.74
he,he,750.74,750.8100000000001
existed,existed,750.809999,751.499999
then,then,751.809999,751.9799989999999
I'd,i'd,751.98,752.12
lost,lost,752.12,752.41
him,him,752.41,752.61
lost,lost,753.38,753.63
his,his,753.63,753.8
name,name,753.799999,754.269999
lost,lost,754.959999,755.209999
his,his,755.209999,755.349999
book,book,755.35,755.61
titles,titles,755.66,756.26
one,one,756.27,756.67
by,by,756.68,756.8499999999999
one,one,756.85,757.23
by,by,757.24,757.4
one,one,757.4,757.8199999999999
Lost,lost,759.2,759.5300000000001
the,the,759.57,759.7
stories,stories,759.7,760.46
And,and,761.97,762.1
I,i,762.1,762.1700000000001
fear,fear,762.17,762.38
that,that,762.38,762.51
I'm,i'm,762.51,762.65
going,going,762.65,762.92
mad,mad,762.92,763.24
for,for,763.24,763.36
I,i,763.36,763.46
cannot,cannot,763.49,763.82
just,just,763.82,764.0400000000001
be,be,764.04,764.18
growing,growing,764.179999,764.529999
old,old,764.53,764.9399999999999
If,if,766.599999,766.769999
I,i,766.77,766.88
have,have,766.889999,766.9499989999999
failed,failed,766.95,767.33
in,in,767.33,767.4100000000001
this,this,767.41,767.6
one,one,767.599999,767.829999
task,task,767.86,768.5500000000001
oh,oh,769.12,769.26
God,god,769.259999,769.779999
then,then,770.799999,770.929999
only,only,770.929999,771.159999
let,let,771.16,771.3199999999999
me,me,771.32,771.4300000000001
do,do,771.429999,771.5999989999999
this,this,771.599999,771.8099990000001
thing,thing,771.809999,772.169999
that,,,
you,you,772.209999,772.379999
may,may,772.379999,772.529999
give,give,772.529999,772.689999
the,the,772.699999,772.7999990000001
stories,stories,772.799999,773.369999
back,back,773.4,773.73
to,to,773.74,773.87
the,the,773.869999,773.979999
world,world,774.0499990000001,774.489999
because,because,776.079999,776.639999
perhaps,perhaps,777.409999,778.149999
if,if,779.06,779.25
this,this,779.25,779.45
works,works,779.45,780.1600000000001
they,they,781.51,781.64
will,will,781.64,781.8
remember,remember,781.8,782.18
him,him,782.179999,782.429999
All,all,783.36,783.61
of,of,783.61,783.75
them,them,783.75,784.04
will,will,784.309999,784.519999
remember,remember,784.52,784.91
him,him,784.91,785.18
His,his,785.639999,785.849999
name,name,785.849999,786.149999
will,will,786.16,786.2199999999999
once,once,786.23,786.59
more,more,786.59,786.82
become,become,786.84,787.15
synonymous,synonymous,787.15,787.76
with,with,787.78,787.9499999999999
small,small,787.969999,788.4299990000001
American,american,788.429999,788.889999
towns,towns,788.889999,789.299999
at,at,789.299999,789.409999
Halloween,halloween,789.41,789.9499999999999
when,when,789.96,790.12
the,the,790.119999,790.209999
leaves,leaves,790.209999,790.519999
skitter,<unk>,790.52,791.17
across,across,791.5,791.83
the,the,791.83,791.94
sidewalk,sidewalk,791.940001,792.490001
like,like,792.5,792.73
frightened,frightened,792.73,793.13
birds,birds,793.13,793.75
or,or,794.4,794.47
with,with,794.47,794.65
Mars,mars,794.65,795.22
or,or,796.0,796.09
with,with,796.09,796.2800000000001
love,love,796.28,796.72
and,and,797.52,797.67
my,my,797.67,797.8399999999999
name,name,797.84,798.1
will,will,798.1,798.2
be,be,798.2,798.32
forgotten,forgotten,798.32,798.8900000000001
I'm,i'm,800.809999,800.9699989999999
willing,willing,800.97,801.21
to,to,801.21,801.35
pay,pay,801.48,801.6700000000001
that,that,801.67,801.89
price,price,801.889999,802.479999
if,if,802.9,803.06
the,the,803.059999,803.169999
empty,empty,803.17,803.5
space,space,803.5,803.93
in,in,803.929999,804.029999
the,the,804.03,804.12
bookshelf,bookshelf,804.12,804.7
of,of,804.7,804.85
my,my,804.849999,804.999999
mind,mind,805.0,805.34
can,can,805.36,805.5
be,be,805.5,805.63
filled,filled,805.63,805.92
again,again,805.92,806.28
Before,before,807.33,807.6700000000001
I,i,807.67,807.75
go,go,807.75,808.11
dear,dear,810.42,810.62
God,god,810.64,811.01
hear,hear,812.39,812.59
my,my,812.59,812.76
prayer,prayer,812.76,813.18
A,a,815.04,815.43
B,b,816.73,817.07
C,c,818.28,818.7099999999999
D,d,819.809999,820.159999
E,e,821.54,821.88
F,f,822.969999,823.4299990000001
G,g,824.45,824.82
