Okay,okay,0.34,0.49
um,um,3.75,4.04
so,so,29.39,29.42
the,the,31.66,31.77
thing,thing,31.77,31.99
starts,starts,32.33,32.55
with,with,32.57,32.8
like,like,32.83,33.12
this,this,33.6,33.839999999999996
kind,kind,33.839999999999996,34.01
of,of,34.01,34.03
beachy,<unk>,34.480000000000004,34.85
scene,scene,34.969999,35.419999000000004
almost,almost,35.440000999999995,35.750001
with,with,35.75,35.78
sand,sand,35.940000999999995,36.38000099999999
And,and,36.470000999999996,36.50000099999999
then,then,36.50000099999999,36.82000099999999
you,you,36.92000099999999,37.25000099999999
see,,,
this,,,
kid,kid,37.92,38.21
Merlin,merlin,38.21,38.81
start,start,38.84,39.1
walking,walking,39.1,39.45
up,up,39.49,39.77
and,and,40.21,40.31
it,it,40.31,40.330000000000005
flashes,flashes,40.46,40.900000000000006
through,through,41.02,41.080000000000005
a,,,
bunch,,,
of,,,
like,like,41.41,41.63999999999999
scenes,scenes,41.64,41.87
of,of,41.87,41.89
just,just,42.04,42.15
traveling,traveling,42.160000000000004,42.6
like,like,42.769999999999996,43.01
in,in,43.53,43.67
fairly,fairly,43.67,44.010000000000005
rural,rural,44.01,44.36
areas,areas,44.36,44.86
and,and,44.86,44.98
the,the,45.199999999999996,45.279999999999994
music’s,music's,45.279999999999994,45.37
upbeat,upbeat,45.419999999999995,45.699999999999996
and,and,45.87,45.94
happy,happy,45.96,46.51
And,and,47.3,47.449999999999996
then,then,47.45,47.730000000000004
um,um,47.759999,48.139999
like,like,48.579999,48.689999
the,the,48.94,48.96
title,title,48.96,49.39
scene,scene,49.4,49.79
the,the,49.809999,50.029999
credits,credits,50.049999,50.609999
roll,roll,50.69,51.15
with,with,51.44,51.66
the,the,51.66,51.75
music,music,51.75,52.28
and,and,52.279999000000004,52.509999
you,you,52.539999,52.639999
see,see,52.639999,52.809999000000005
like,like,52.809999000000005,52.959999
a,a,52.959998999999996,52.989999
bunch,bunch,52.989999999999995,53.209999999999994
of,of,53.209998999999996,53.429998999999995
like,like,53.440000999999995,53.620000999999995
medieval,medieval,53.739999999999995,54.31999999999999
imagery,imagery,54.359999,54.899999
and,and,54.9,55.16
fire,fire,55.52,55.96
and,and,55.96,56.18
stuff,stuff,56.18,56.64
Um,um,57.41,57.879999999999995
so,so,59.44,59.559999999999995
then,then,59.56,59.7
after,after,59.7,59.99
that,that,59.99,60.32
uh,uh,60.35,60.690000000000005
this,this,60.72,60.91
kid,kid,60.92,61.160000000000004
just,just,61.16,61.33
keeps,keeps,61.33,61.519999999999996
walking,walking,61.519999999999996,61.879999999999995
He’s,he's,61.88,62.09
now,now,62.099999,62.489999
in,in,62.49,62.61
a,a,62.61,62.68
town,town,62.679999,63.169999000000004
with,with,63.19,63.29
like,like,63.29,63.42
lots,lots,63.42,63.64
of,of,63.639999,63.759999
people,people,63.76,64.36
Um,um,64.73,65.27000000000001
it’s,,,
very,very,65.349999,65.69999899999999
obviously,obviously,65.7,66.24000000000001
like,like,66.24,66.74
medieval,medieval,66.88,67.33
times,times,67.33,67.89
Uh,uh,67.969999,68.159999
he’s,he's,68.17,68.37
got,got,68.37,68.54
like,like,68.53999999999999,68.63
this,this,68.63,68.78
backpack,backpack,68.78,69.38
and,and,69.389999,69.529999
stuff,stuff,69.53,69.84
and,and,70.17,70.33
he’s,he's,70.33,70.62
traveled,traveled,70.67,71.2
a,a,71.19999899999999,71.27999899999999
long,long,71.279999,71.719999
way,way,71.719999,72.209999
um,um,72.299999,72.649999
we,we,72.68,72.84
understand,understand,72.84,73.47
So,so,73.95,74.24000000000001
um,um,74.24,74.42
everyone’s,everyone's,74.91,75.31
congregated,congregated,75.31,76.07000000000001
and,and,76.07,76.25
he,he,76.25,76.52
joins,joins,76.55,76.95
this,this,76.98,77.10000000000001
crowd,crowd,77.11,77.34
of,of,77.34,77.46000000000001
people,people,77.47,77.94
and,and,78.51,79.0
we,we,79.92,80.21000000000001
see,see,80.25,80.44
this,this,80.44,80.64
other,other,80.67,80.92
man,man,80.94,81.17999999999999
being,being,81.19,81.46
led,led,81.46000000000001,81.69000000000001
up,up,81.69,81.89999999999999
to,to,82.03,82.51
like,like,82.84,83.07000000000001
this,this,83.07,83.24
little,little,83.44,83.57
stump,stump,83.599999,83.939999
thing,thing,83.99,84.19999999999999
by,by,84.23,84.35000000000001
two,two,84.349999,84.55999899999999
guards,guards,84.61,85.02
and,and,85.469999,85.859999
we,we,85.86,85.92999999999999
understand,understand,85.929999,86.41999899999999
that,,,
he’s,,,
about,,,
to,,,
be,,,
executed,executed,86.719999,87.369999
And,and,87.4,87.54
then,then,87.53999999999999,87.80999999999999
um,um,88.219999,88.559999
the,the,89.98,90.13000000000001
king,king,90.13,90.58
of,of,90.97,91.42999999999999
I,i,91.55,91.61
don’t,don't,91.61,91.79
yeah,yeah,92.15,92.38000000000001
I,i,92.38,92.42999999999999
guess,guess,92.43,92.63000000000001
just,,,
the,the,92.85,92.94999999999999
king,king,92.95,93.3
he,he,93.63,93.78
starts,starts,93.98,94.13000000000001
talking,talking,94.13,94.44
He,he,94.44,94.6
says,says,94.6,94.91
that,that,94.92,95.11
this,this,95.11,95.27
man,man,95.27,95.52
is,is,95.52,95.64999999999999
going,going,95.65,95.78
to,to,95.78,95.82000000000001
be,be,95.83,95.98
killed,killed,95.98,96.25
because,because,96.27,96.6
he,he,96.63,96.78
practiced,practiced,96.78,97.21000000000001
magic,magic,97.21,97.64
and,and,98.099999,98.579999
that,that,98.59,98.91
um,um,98.94,99.24
he’s,he's,99.25,99.49
going,going,99.49,99.61
to,to,99.61,99.67
serve,serve,99.67,99.97
as,as,99.969999,100.25999900000001
an,an,100.36,100.49
example,example,100.49,101.02
to,to,101.24,101.38
not,not,101.38,101.69
do,do,101.719999,101.859999
that,that,101.86,102.12
So,so,102.66,102.81
then,then,102.809999,103.23999900000001
um,um,103.259999,103.80999899999999
the,the,104.58,104.7
man,man,104.7,104.94
is,is,104.94,105.0
killed,killed,105.13,105.58
Everyone,everyone,105.58,106.08
looks,looks,106.119999,106.369999
fairly,fairly,106.369999,106.669999
horrified,horrified,106.67,107.13
This,this,107.379999,107.519999
whole,whole,107.52,107.67999999999999
time,time,107.68,107.89
there’s,there's,107.889999,108.06999900000001
this,this,108.07,108.33
girl,girl,108.33,108.73
in,in,108.74,108.83999999999999
the,the,108.84,108.99000000000001
window,window,108.99,109.64
um,um,109.66,110.02
that,that,110.1,110.41
I,i,110.82,110.97
guess,guess,110.97,111.25
we’re,we're,111.48,111.93
we’re,we're,111.93,112.25
supposed,supposed,112.25,112.5
to,to,112.5,112.52
think,think,112.56,112.73
is,is,112.73,112.83
important,important,113.03,113.17999999999999
because,because,113.69,113.75
she,she,113.92,114.08
keeps,keeps,114.08,114.36
being,being,114.36,114.57
shown,shown,114.57,114.91999999999999
Um,um,115.91,116.31
after,after,116.809999,117.28999900000001
the,the,117.28999999999999,118.02
man,man,118.03,118.24
is,is,118.24,118.41
killed,killed,118.44,118.89999999999999
his,his,119.46000000000001,119.73
um,um,119.929999,120.44999899999999
the,the,120.61,120.73
king,king,120.73,121.08
says,says,121.13,121.38
like,like,121.389999,121.619999
Let,let,121.669999,121.839999
the,the,121.839999,121.939999
festivities,,,
begin,,,
and,,,
I,i,123.0,123.09
guess,guess,123.089999,123.279999
they’re,they're,123.28,123.42
celebrating,celebrating,123.429999,124.039999
like,like,124.559999,125.049999
not,not,125.35,125.64999999999999
using,using,125.66,126.09
magic,magic,126.17,126.89
in,,,
the,the,126.609999,126.719999
kingdom,kingdom,126.719999,127.119999
Um,um,127.5,127.91
the,the,129.25,129.83
uh,uh,130.39,130.6
before,before,130.67,130.94
the,the,130.94,131.04
crowd,crowd,131.04,131.32999999999998
fully,fully,131.33,131.56
disperses,<unk>,131.56,131.57
this,this,132.29999999999998,132.5
woman,woman,132.68,133.03
starts,starts,133.07,133.26999999999998
screaming,screaming,133.39,133.82
And,and,133.83,134.25
turns,turns,134.639999,134.92999899999998
out,out,134.929999,135.10999900000002
that,that,135.11,135.28
she’s,she's,135.28,135.61
the,the,135.63,135.82999999999998
uh,uh,136.01,136.32999999999998
executed,executed,136.33,136.85000000000002
man’s,man's,136.889999,137.219999
mother,mother,137.219999,137.599999
And,and,137.94,138.41
um,um,138.42,139.01
she’s,she's,139.4,139.71
pretty,pretty,139.88,140.12
distressed,distressed,140.12,140.76
calls,calls,141.07,141.42
the,the,141.429999,141.549999
king,king,141.549999,142.06999900000002
the,the,142.109999,142.26999899999998
only,only,142.27,142.53
evil,evil,142.529999,142.809999
thing,thing,142.809999,143.249999
um,um,143.669999,144.379999
says,says,145.81,146.15
that,that,146.17,146.48999999999998
before,before,146.49,146.86
the,the,146.86,147.21
festivities,festivities,147.22,147.98
are,are,147.98,148.1
over,over,148.1,148.57
uh,uh,149.06,149.6
he’s,he's,149.84,150.33
going,going,150.47,150.82
to,to,150.85,151.18
one,one,151.19,151.39
of,of,151.39,151.54
his,his,151.64,152.04999999999998
kids,kids,152.13,152.35
is,is,152.349999,152.369999
going,,,
to,to,152.62,152.66
be,be,152.67,152.80999999999997
dead,dead,152.809999,153.039999
anyways,anyways,153.04,153.51999999999998
And,and,153.91,154.13
then,then,154.13,154.44
um,um,154.46,154.76000000000002
before,before,154.77,155.11
the,the,155.11,155.21
guards,guards,155.21,155.56
can,can,155.66,155.69
seize,seize,155.69,155.98
her,her,155.98,156.25
she,she,156.58,156.60000000000002
kind,kind,156.599999,156.839999
of,of,156.84,157.0
like,like,157.0,157.37
turns,turns,157.599999,157.889999
into,into,157.889999,158.08999899999998
this,this,158.09,158.24
tornado,tornado,158.65,159.19
and,and,159.19,159.5
disappears,disappears,159.57,159.95999999999998
Um,um,161.43,161.87
so,,,
then,then,162.38,162.78
Merlin,merlin,162.97,163.39
leaves,leaves,163.4,163.73000000000002
kind,kind,163.73,163.88
of,of,163.88,163.97
shaken,shaken,163.97,164.49
He,he,164.8,165.01000000000002
goes,goes,165.01,165.32999999999998
to,to,165.41,165.69
the,the,165.74,166.28
um,um,166.31,166.89000000000001
I,i,168.22,168.23
forgot,forgot,168.23,168.56
what,what,168.56,168.77
the,the,168.77,168.92000000000002
guy’s,guy's,168.92,169.29999999999998
name,name,169.3,169.47
was,was,169.47,169.5
the,the,169.63,169.95
oh,oh,170.01,170.17
the,the,170.17,170.30999999999997
court,court,170.309999,170.619999
physician,physician,170.62,171.20000000000002
and,and,171.65,172.23000000000002
um,um,172.28,172.8
he,he,173.12,173.29
has,has,173.29,173.44
a,a,173.44,173.48
letter,letter,173.48,173.82
for,for,173.82,173.89
the,the,173.96,174.05
court,court,174.05,174.31
physician,physician,174.309999,174.849999
But,but,175.24,175.51000000000002
before,before,175.509999,176.109999
so,so,179.32999999999998,179.73
um,um,179.76,180.16
he,he,180.18,180.68
when,when,181.28,181.45
he,he,181.45,181.57
goes,goes,181.57,181.78
into,into,181.78,181.98
the,the,181.98,182.42
room,room,182.43,182.77
the,the,183.16,183.26
guy’s,guy's,183.26,183.63
standing,standing,183.64,183.98999999999998
on,on,183.99,184.08
top,top,184.08,184.31
of,of,184.5,184.81
like,like,184.86,185.15
a,a,185.82,185.85999999999999
balcony,balcony,185.86,186.31
kind,kind,186.31,186.49
of,of,186.49,186.59
thing,thing,186.59,186.88
and,and,187.25,187.65
um,,,
he,,,
startles,<unk>,187.68,188.42000000000002
him,him,188.42,188.61999999999998
so,so,188.63,189.09
the,the,189.889999,189.999999
court,court,190.0,190.24
physician,physician,190.24,190.65
he,he,190.65,190.75
falls,falls,190.809999,191.549999
But,but,191.77,191.97
before,before,192.07,192.4
he,he,192.4,192.64000000000001
can,can,192.639999,192.86999899999998
fall,fall,192.9,192.98000000000002
on,on,192.98,193.13
the,the,193.13,193.22
ground,ground,193.219999,193.57999900000002
um,um,194.87,195.08
Merlin,merlin,195.089999,195.559999
who,who,195.559999,195.749999
is,is,195.75,196.03
magical,magical,196.07,196.51999999999998
like,like,196.539999,196.699999
kind,kind,196.699999,196.83999899999998
of,of,196.84,196.91
catches,catches,196.91,197.27
him,him,197.27,197.48000000000002
and,and,197.48,197.59
slides,slides,197.77,198.04000000000002
the,the,198.039999,198.129999
bed,bed,198.129999,198.319999
under,under,198.32,198.53
him,him,198.539999,198.729999
so,so,199.13,199.28
he,he,199.28,199.44
lands,lands,199.44,199.92
on,on,199.95,200.23
it,it,200.23,200.44
nicely,nicely,200.45,201.03
Um,um,201.43,201.95000000000002
and,and,203.25000000000003,203.28000000000003
yeah,yeah,203.45,203.82
so,so,203.82,203.95999999999998
the,the,203.96,204.06
guy’s,guy's,204.06,204.49
shocked,shocked,204.92,205.35999999999999
at,at,205.37,205.5
first,,,
Merlin,merlin,205.78,206.1
tries,,,
to,to,206.74,206.83
pass,pass,206.83,207.14000000000001
it,it,207.139999,207.249999
off,off,207.25,207.48
as,as,207.48,207.7
like,like,207.71,207.94
he,,,
didn’t,,,
do,do,208.38,208.53
anything,anything,208.53,208.92
and,and,208.929999,208.969999
then,,,
later,later,209.62,209.9
just,just,209.9,209.97
admits,,,
that,,,
he,,,
was,was,210.57,210.73
born,born,210.74,211.02
with,with,211.02,211.19
magic,magic,211.389999,211.909999
So,so,213.549999,213.689999
he,he,213.69,213.85999999999999
hands,hands,213.86,214.16000000000003
the,the,214.16,214.25
guy,guy,214.25,214.79
the,the,214.809999,215.309999
um,um,215.35,215.82999999999998
letter,letter,216.49,217.04000000000002
and,and,217.39,217.61999999999998
then,then,217.62,218.08
um,um,218.12,218.68
the,the,219.16,219.22
guy,guy,219.22,219.4
tells,tells,219.4,219.65
him,him,219.65,219.76000000000002
to,to,219.76,219.81
like,like,220.09,220.42000000000002
go,go,220.7,221.03
Uh,uh,221.75,222.15
somewhere,somewhere,222.19,223.07
soon,soon,223.58,223.95000000000002
or,or,223.95,224.1
before,before,224.15,224.8
there’s,there's,225.139999,225.359999
a,a,225.36,225.46
scene,scene,225.46,225.79000000000002
with,with,225.79,225.98
the,the,226.23,226.39
woman,woman,226.91,227.25
that,that,227.25,227.38
we,we,227.38,227.53
saw,saw,227.53,227.77
in,in,227.77,227.89000000000001
the,the,227.889999,228.01999899999998
window,window,228.02,228.52
earlier,earlier,228.57,229.17
Um,um,229.559999,230.009999
turns,turns,230.61,230.82000000000002
out,out,230.82,230.93
she’s,she's,230.99,231.46
some,some,232.059999,232.38999900000002
kind,kind,232.469999,232.639999
of,of,232.639999,232.76999899999998
daughter,daughter,232.809999,233.259999
of,of,233.26,233.42
the,the,233.42000000000002,233.52
king,king,233.52,233.95000000000002
And,and,234.4,234.96
uh,uh,234.97,235.49
so,so,239.02,239.04000000000002
the,the,239.21,239.35
king,king,239.35,239.72
is,is,239.73,240.31
um,um,240.34,240.87
just,just,241.92000000000002,241.96
annoyed,annoyed,242.13,242.54999999999998
at,at,242.55,242.75
all,all,242.849999,243.069999
this,this,243.07,243.23999999999998
magic,magic,243.24,243.62
stuff,stuff,243.62,243.87
and,and,243.87,244.02
the,the,244.28,244.54
daughter,daughter,244.54,244.89
is,is,244.889999,245.02999899999998
annoyed,annoyed,245.03,245.34
at,at,245.34,245.46
how,how,245.46,245.88
brutal,brutal,246.3,246.68
the,the,246.679999,246.779999
king,king,246.78,247.01
was,was,247.009999,247.199999
with,with,247.21,247.33
everything,everything,247.33,247.81
and,and,247.809999,247.939999
doesn’t,,,
um,um,248.63,249.01999999999998
tells,tells,249.059999,249.339999
himself,himself,249.339999,249.899999
And,and,250.24,250.42000000000002
then,then,250.42000000000002,250.73000000000002
he,he,251.139999,251.569999
orders,orders,251.57,251.97
her,her,251.969999,252.119999
to,to,252.119999,252.319999
see,see,252.4,253.02
uh,uh,253.04,253.48999999999998
some,some,253.92,254.10999999999999
sort,sort,254.11,254.29000000000002
of,of,254.29,254.45999999999998
singer,singer,254.53,255.07
or,or,255.08,255.09
something,something,255.09,255.57
and,and,255.57,255.76
she,,,
at,,,
first,,,
refuses,,,
but,,,
then,,,
he,he,256.16,256.43
gets,gets,256.43,256.47
angry,angry,258.16,258.78000000000003
so,so,259.13,259.8
she,she,260.09,260.21
does,does,260.21,260.4
it,it,260.4,260.58
Um,um,261.84,262.25
then,then,263.08,263.11
we,we,263.28,263.53999999999996
see,see,263.54,263.95000000000005
the,the,264.12,264.66
court,court,264.679999,264.909999
physician,physician,264.91,265.36
reading,reading,265.36,265.74
the,the,265.74,265.88
letter,letter,265.88,266.23
that,that,266.23,266.39000000000004
he,he,266.389999,266.559999
got,got,266.559999,266.849999
and,and,266.88,267.28
uh,uh,268.119999,268.77999900000003
so,so,268.82,269.21999999999997
what,what,269.26,269.39
happened,happened,269.389999,269.739999
was,was,269.74,269.99
Merlin’s,<unk>,270.02,270.03
mother,mother,271.36999999999995,271.71
sent,sent,271.88,272.14
him,him,272.14,272.40999999999997
there,there,272.41,272.78000000000003
so,so,273.2,273.34999999999997
that,that,273.35,273.49
he,he,273.49,273.64
could,could,273.64,273.82
get,get,273.82,274.0
some,some,274.01,274.17
protection,protection,274.31,274.98
or,or,274.98,275.13
kind,kind,275.13,275.31
of,of,275.31,275.52
training,training,275.92,276.40000000000003
or,or,276.4,276.40999999999997
guidance,guidance,276.57,277.03
guidance,guidance,277.25,277.59
while,while,282.059999,282.519999
he,he,282.53,283.08
um,um,283.11,283.53000000000003
because,because,283.87,284.17
of,of,284.17,284.36
his,his,284.36,284.64
magic,magic,285.259999,285.65999899999997
powers,powers,285.66,286.11
or,or,286.109999,286.169999
gifts,gifts,286.17,286.43
as,as,286.48,286.6
she,she,286.6,286.74
calls,calls,286.74,287.0
them,them,287.01,287.2
Um,um,287.83,288.26
so,so,288.89,288.90999999999997
then,then,288.90999999999997,288.94
the,the,289.11,289.21000000000004
next,next,289.21,289.52
morning,morning,289.52,290.09
uh,uh,290.55,291.06
so,so,292.61,292.73
he,he,292.73,293.17
yeah,yeah,293.7,294.03999999999996
so,so,294.04,294.20000000000005
Merlin,merlin,294.2,294.59999999999997
goes,goes,295.16,295.57000000000005
like,like,295.61,295.85
eats,eats,295.87,296.1
breakfast,breakfast,296.099999,296.609999
Um,um,296.75,297.39
uh,uh,299.2,299.53
the,the,299.559999,299.679999
guy,guy,299.679999,300.169999
kind,kind,300.24,300.44
of,of,300.44,300.54
like,like,300.54,300.73
on,on,300.809999,300.939999
purpose,purpose,300.94,301.3
knocks,knocks,301.32,301.62
over,over,301.62,302.1
a,a,302.389999,302.72999899999996
pail,pail,302.79,303.14000000000004
of,of,303.139999,303.269999
water,water,303.27,303.76
and,and,303.77,304.01
sees,sees,304.18,304.52
Merlin,merlin,304.52,304.84999999999997
again,again,304.85,305.27000000000004
like,like,305.559999,305.899999
just,just,305.91,305.99
instinctively,instinctively,306.0,306.95
like,like,307.79,307.99
stop,stop,308.0,308.29
it,it,308.29,308.38
from,from,308.38,308.40999999999997
falling,falling,308.58,309.05
um,um,309.38,309.76
with,with,310.06,310.3
magic,magic,310.36,310.99
And,and,311.33,311.89
uh,uh,311.9,312.31
again,again,312.33,312.57
he,he,312.59,312.67999999999995
questions,questions,312.68,313.11
him,him,313.11,313.32
like,like,313.35,313.62
that’s,that's,314.059999,314.409999
like,like,314.97,315.14000000000004
asking,asking,315.16,315.46000000000004
him,him,315.46,315.63
where,where,315.63,315.82
he,he,315.82,316.01
learned,learned,316.01,316.27
this,this,316.27,316.40999999999997
stuff,stuff,316.42,316.74
um,um,316.77,317.21
how,how,318.0,318.22
he,he,318.219999,318.379999
came,came,318.38,318.65999999999997
to,to,318.88,319.04
have,have,319.04,319.43
uh,uh,320.2,320.21
supernatural,supernatural,320.21,320.63
powers,powers,320.63,320.99
And,and,322.68,322.82
then,then,322.82,322.90999999999997
he,he,322.91,323.0
sends,sends,323.01,323.2
him,him,323.199999,323.329999
off,off,323.33,323.53
on,on,323.57,323.78
errands,errands,323.789999,324.249999
he,he,324.27,324.43
tells,tells,324.45,324.71
him,him,324.71,324.81
to,to,324.879999,324.929999
deliver,deliver,324.93,325.34000000000003
these,these,325.9,326.06
two,two,326.09,326.25
things,things,326.25,326.45
of,of,326.45,326.55
medicines,medicines,326.56,327.04
to,to,327.04,327.15000000000003
these,these,327.15,327.37
two,two,327.4,327.71
different,different,327.71,328.01
people,people,328.01,328.46999999999997
Um,um,328.49,328.89
so,so,329.54,329.92
Merlin,merlin,329.99,330.28000000000003
does,does,330.28,330.47999999999996
that,that,330.48,330.73
and,and,330.73,330.76
the,the,330.77,330.89
first,first,330.89,331.2
guy,guy,331.2,331.44
who’s,,,
like,like,331.78,331.98999999999995
pretty,pretty,332.0,332.28
blind,blind,332.34,332.84
just,just,333.16,333.40000000000003
chugs,<unk>,333.4,333.57
it,,,
all,all,333.78,333.91999999999996
at,at,333.92,334.04
once,once,334.04,334.36
even,even,334.41,334.57000000000005
though,though,334.639999,334.869999
he,he,334.889999,334.989999
wasn’t,wasn't,334.99,335.36
supposed,supposed,335.36,335.7
to,to,335.75,336.01
Um,um,336.52,337.03
then,then,338.41999999999996,338.46999999999997
his,his,338.639999,338.78999899999997
on,on,338.809999,339.039999
his,,,
way,way,339.13,339.26
to,to,339.259999,339.379999
deliver,deliver,339.38,339.71
the,the,339.71,339.78999999999996
second,second,339.79,340.1
one,one,340.1,340.32000000000005
he,he,341.02,341.46
sees,sees,341.60999999999996,341.82
this,this,342.35999999999996,342.60999999999996
uh,uh,343.25,343.59
blonde,blonde,343.62,343.95
guy,guy,343.95,344.28
kind,kind,344.29,344.47
of,of,344.47,344.71000000000004
in,in,345.13,345.33
a,a,345.33,345.44
suit,suit,345.66,346.06
um,um,346.49,347.1
and,and,347.93,348.18
this,this,348.22,348.44000000000005
other,other,348.46,348.83
like,like,348.83,349.13
smaller,smaller,349.24,349.81
I,i,349.82,349.92
mean,mean,349.92,350.14000000000004
I,i,350.139999,350.199999
guess,guess,350.2,350.33
we’re,we're,350.57,350.59
supposed,supposed,350.59,350.77
to,to,350.77,350.78999999999996
assume,,,
he’s,,,
like,,,
some,,,
kind,kind,351.51,351.62
of,of,351.62,351.74
peasant,peasant,351.74,352.12
kid,kid,352.12,352.43
Um,um,352.87,353.26
the,the,353.27,353.40999999999997
blond,blond,353.41,353.6
guy’s,guy's,353.61,353.76
like,like,353.759999,353.78999899999997
surrounded,,,
by,by,354.3,354.47
a,a,354.469999,354.53999899999997
bunch,bunch,354.54,354.77000000000004
of,of,354.77,355.03999999999996
his,his,355.099999,355.349999
posse,posse,355.549999,356.169999
The,the,360.129999,360.319999
other,other,360.32,360.54
kid,kid,360.54,360.69
is,is,360.690001,360.770001
alone,alone,360.77,361.2
and,and,361.23,361.64000000000004
um,um,361.67,362.2
the,the,363.46,363.62
other,other,363.62,363.86
kid,kid,363.86,364.06
has,has,364.06,364.3
this,this,364.32,364.51
massive,massive,365.02,365.78
target,target,365.9,366.45
like,like,367.1,367.34000000000003
this,this,367.53000000000003,367.63000000000005
big,big,367.68,367.90000000000003
wooden,wooden,367.90000000000003,368.14000000000004
thing,thing,368.14000000000004,368.43
and,and,368.95,369.13
the,the,369.13,369.26
blond,blond,369.27,369.5
guy,guy,369.52,369.71999999999997
is,is,369.719999,369.91999899999996
like,like,369.94,370.07
aggressively,aggressively,370.09,370.71
throwing,throwing,370.71,371.25
weapons,weapons,371.71,372.21999999999997
at,at,372.219999,372.449999
him,him,372.45,372.47999999999996
and,and,372.78,373.15999999999997
um,um,373.179999,373.659999
calling,calling,374.049999,374.319999
it,it,374.32,374.44
target,target,374.44,374.75
practice,practice,374.75,375.02
and,and,375.02,375.04999999999995
just,just,375.179999,375.409999
generally,generally,375.41,375.94
being,being,376.21999900000003,376.499999
aggressive,aggressive,376.85,377.33000000000004
about,about,377.33,377.59
that,that,377.59,377.75
all,all,377.75,377.93
And,and,377.93,378.06
then,then,378.059999,378.27999900000003
so,so,378.31,378.66
the,the,379.14,379.53999999999996
small,small,379.55,379.8
guy,guy,379.8,379.99
eventually,eventually,379.99,380.43
falls,falls,380.43,380.79
down,down,380.79,381.19
because,,,
he,,,
gets,gets,381.56,381.81
exhausted,exhausted,381.87,382.42
Um,um,382.92,383.42
and,and,383.51,383.67
Merlin,merlin,384.13,384.49
is,is,384.49,384.62
there,there,384.62,385.01
and,and,385.02,385.46999999999997
uh,uh,386.91,387.40000000000003
he,he,387.75,387.96
tells,tells,387.96,388.26
at,at,388.3,388.44
first,first,388.44,388.63
he’s,he's,388.63,388.77
nice,nice,388.78,388.98999999999995
about,about,388.99,389.03000000000003
it,,,
and,and,389.2,389.33
tells,tells,389.33,389.76
the,the,389.8,390.39
blond,blond,390.44,390.73
guy,guy,390.73,391.02000000000004
and,and,391.03,391.05999999999995
his,his,391.059999,391.369999
crew,crew,391.37,391.69
like,like,391.69,391.91
okay,okay,392.009999,392.279999
that’s,that's,392.28,392.44
enough,enough,392.44,392.85
So,so,393.2,393.32
then,then,393.32,393.59
um,um,393.77,394.25
the,the,394.26,394.4
blond,blond,394.4,394.62
guy,guy,394.619999,395.02999900000003
eh,eh,395.559999,395.879999
doesn’t,doesn't,395.91,396.13000000000005
like,like,396.129999,396.239999
to,to,396.24,396.35
hear,hear,396.35,396.54
that,that,396.54,396.77000000000004
and,and,396.79,397.25
um,um,397.65,398.15999999999997
they,they,398.35,398.53000000000003
get,get,398.53,398.71
into,into,398.71,399.01
like,like,399.01,399.32
some,some,400.15,400.39
something,something,400.63,401.0
of,of,401.0,401.15
a,a,401.28,401.35999999999996
verbal,verbal,401.36,401.8
argument,argument,401.8,402.38
Um,um,402.43,402.88
Merlin,merlin,404.25,404.62
calls,calls,404.62,404.88
him,him,404.88,405.04
my,my,405.04,405.24
friend,friend,405.24,405.74
he,he,405.84,405.94
responds,,,
with,with,406.65,406.85999999999996
no,no,407.27,408.0
Um,um,408.37,408.94
and,and,410.41,410.6
it,it,410.599999,410.63999900000005
ends,ends,410.66,410.95000000000005
with,with,410.95,411.37
Merlin,merlin,411.71,412.09
trying,trying,412.1,412.36
to,to,412.359999,412.499999
punch,punch,412.5,413.05
the,the,413.25,413.36
guy,guy,413.359999,413.599999
who,who,413.6,413.96000000000004
we,we,413.96999900000003,414.159999
um,um,414.35,414.85
now,now,415.02,415.35999999999996
know,,,
his,,,
name,,,
is,is,415.81,415.89
Arthur,arthur,415.91,416.3
he’s,he's,416.3,416.47
the,the,416.47,416.56
king’s,king's,416.66,416.93
son,son,417.0,417.38
and,and,417.85,418.46000000000004
uh,uh,418.48,418.94
he,he,419.17,419.52000000000004
easily,easily,419.52,419.84999999999997
disarms,<unk>,419.86,420.23
Merlin,merlin,420.23,420.58000000000004
and,and,420.6,420.74
then,then,420.74,421.02
the,the,421.36,421.46000000000004
guards,guards,421.46,421.87
take,take,421.91,422.12
Merlin,merlin,422.12,422.36
away,away,422.36,422.75
and,and,422.75,422.83
the,the,422.88,422.96999999999997
next,next,422.97,423.18
scene,scene,423.179999,423.379999
we,we,423.38,423.52
see,see,423.52,423.83
is,is,423.83,424.06
him,him,424.4,424.90999999999997
waking,waking,424.95,425.36
up,up,425.36,425.59000000000003
in,in,425.63,425.88
a,a,425.88,425.96999999999997
cell,cell,426.03,426.44
Um,um,428.309999,428.77999900000003
so,so,429.23,429.95000000000005
in,in,430.529999,430.61999899999995
the,the,430.629999,430.829999
cell,cell,431.01,431.64
um,um,431.67,432.14000000000004
I,i,433.08000000000004,433.12000000000006
guess,guess,433.12000000000006,433.15000000000003
the,the,433.39,433.40999999999997
most,most,433.41,433.63000000000005
notable,notable,433.63,433.99
thing,thing,433.99,434.25
is,is,434.25,434.39
when,when,434.39,434.53999999999996
he,he,434.54,434.65000000000003
wakes,wakes,434.65,434.95
up,up,434.95,435.02
he,he,435.09,435.19
hears,hears,435.23,435.87
this,this,436.0,436.47
like,like,436.69,436.96
eerie,eerie,437.46,437.83
voice,voice,437.84,438.2
just,just,438.21,438.25
saying,,,
Merlin,merlin,438.56,439.0
Merlin,merlin,439.0,439.33
over,over,439.33,439.46999999999997
and,and,439.47,439.55
over,over,439.55,439.79
again,again,439.79,440.08000000000004
um,um,440.4,440.91999999999996
and,and,441.429999,441.729999
he,he,441.73,442.09000000000003
it,it,442.09,442.21999999999997
seems,seems,442.94,442.97999999999996
to,to,442.97999999999996,442.99999999999994
be,,,
coming,,,
from,,,
the,the,443.17,443.3
ground,ground,443.3,443.69
or,or,443.8,444.12
somewhere,somewhere,444.29,444.51000000000005
under,under,444.55,444.79
him,him,444.79,445.02000000000004
Um,um,446.82,447.23
but,but,447.63,447.77
then,then,447.77,448.03
the,the,448.71999900000003,449.18999900000006
um,um,449.199999,449.569999
his,his,449.58,449.84
caretaker,caretaker,450.059999,450.709999
the,the,450.79999899999996,451.10999899999996
court,court,451.52,451.76
physician,physician,451.76,452.34
comes,comes,452.76,452.90999999999997
back,back,453.09,453.28999999999996
in,in,453.3,453.62
tells,tells,453.66,453.91
Merlin,merlin,453.91,454.22
he,he,454.22,454.34000000000003
pulled,pulled,454.34,454.61999999999995
a,a,454.62,454.67
couple,couple,454.67,454.97
strings,strings,455.0,455.49
uh,uh,455.96,456.28999999999996
and,and,456.32,456.44
that,that,456.45,456.48
he,he,456.5,456.67
can,can,456.7,456.78
go,go,456.78,457.0
So,so,458.9,459.48
that,that,460.059999,460.21999900000003
happens,happens,460.219999,460.74999899999995
um,um,460.77,461.14
with,with,461.139999,461.269999
the,the,461.27,461.35999999999996
one,one,461.36,461.54
exception,exception,461.54,462.19
that,that,462.7,462.96
he,he,462.969999,463.129999
has,has,463.13,463.36
to,to,463.36,463.5
like,like,463.5,463.71
do,,,
one,one,463.84,463.94
of,of,463.94,463.98
those,those,463.98,464.14000000000004
medieval,medieval,464.17,464.68
things,things,464.69,464.93
where,where,464.929999,464.999999
he,he,465.0,465.11
sticks,sticks,465.12,465.44
his,his,465.469999,465.61999899999995
arms,arms,466.049999,466.45999900000004
and,and,466.459999,466.559999
head,head,466.57,466.90999999999997
through,through,466.959999,467.259999
like,like,467.26,467.7
this,this,467.75,467.97
holes,holes,468.26,468.62
in,in,468.619999,468.729999
a,a,468.73,468.99
um,um,468.97,469.40000000000003
panel,panel,469.95,470.36
more,more,470.85,470.98
or,or,470.98,471.04
less,less,471.04,471.25
and,and,471.95,471.97999999999996
kids,kids,471.98,472.1
are,are,472.1,472.16
like,like,472.16,472.34000000000003
throwing,throwing,472.35,472.8
fruits,fruits,472.89,473.27
and,and,473.27,473.43
vegetables,vegetables,473.43,473.99
at,at,473.99,474.12
him,him,474.12,474.28000000000003
Uh,uh,474.72,475.18
it’s,it's,475.19,475.28
all,all,475.28,475.45
in,in,475.45,475.53
good,good,475.53,475.7
fun,fun,475.7,475.84999999999997
though,though,475.86,475.99
he’s,he's,476.03,476.17999999999995
laughing,laughing,476.179999,476.58999900000003
And,and,477.02,477.18
then,then,477.179999,477.459999
this,this,477.48,477.84000000000003
uh,uh,478.4,478.67999999999995
a,a,478.75,478.83
different,,,
woman,woman,479.099999,479.44999900000005
comes,comes,479.45,479.75
by,by,479.75,480.16
and,and,480.62,481.12
she,she,481.139999,481.47999899999996
was,was,481.71,481.89
there,there,481.9,482.19
when,when,482.19,482.54
he,he,482.86,483.02000000000004
defended,defended,483.02,483.51
the,the,483.52,483.83
um,um,483.86,484.28000000000003
like,like,484.33,484.59
the,the,487.72,488.43
kid,kid,488.81,489.15
and,and,489.18,489.37
then,then,489.37,489.62
um,um,489.64,490.03
she,she,490.06,490.21
says,says,490.21,490.53
she’s,she's,490.57,490.74
kind,kind,490.74,490.86
of,of,490.86,490.95
joking,joking,490.95,491.22999999999996
around,around,491.23,491.45000000000005
with,with,491.45,491.56
him,him,491.56,491.71
just,just,491.78999999999996,491.83
saying,saying,491.83,492.14
like,like,492.67,493.0
oh,oh,494.3,494.47
that,that,494.47,494.62
was,was,494.62,494.75
really,really,494.75,494.92
brave,brave,494.929999,495.309999
and,and,495.309999,495.389999
she,she,495.389999,495.459999
said,said,495.46,495.69
but,but,495.69,495.8
it,,,
was,,,
like,like,495.96,496.15
a,a,496.15,496.21
good,good,496.21,496.37
thing,thing,496.37,496.52
you,you,496.52,496.63
didn’t,didn't,496.63,496.76
get,get,496.76,496.84999999999997
into,into,496.849999,497.02999900000003
a,a,497.03,497.11999999999995
fight,fight,497.12,497.36
with,with,497.36,497.49
Arthur,arthur,497.5,497.92
because,because,497.95,498.33
like,like,498.759999,499.049999
he’s,he's,499.23,499.64000000000004
kind,kind,500.07,500.3
of,of,500.299999,500.419999
like,like,500.42,500.69
he,he,500.7,500.9
couldn’t,couldn't,500.9,501.12
beat,beat,501.179999,501.389999
up,up,501.49,501.73
Arthur,arthur,501.73,502.13
more,more,502.17,502.36
or,or,502.359999,502.419999
less,less,502.42,502.64000000000004
is,is,502.639999,502.769999
what,what,502.859999,503.059999
her,her,503.07,503.26
idea,idea,503.26,503.53999999999996
is,is,503.539999,503.679999
And,and,504.139999,504.529999
um,um,504.539999,504.939999
he,he,505.27,505.39
laughs,laughs,505.39,505.7
it,it,505.7,505.83
off,off,505.83,506.14
and,and,506.4,506.82
that’s,that's,507.07,507.21
it,it,507.21,507.34999999999997
uh,uh,509.09999999999997,509.43
some,some,509.51,509.58
time,time,509.58,509.65999999999997
before,before,509.98,510.43
or,or,510.43,510.54
after,after,510.54,511.12
all,all,511.12,511.33
that,that,511.33,511.66999999999996
um,um,512.28,512.72
there’s,there's,512.8100000000001,513.1
a,a,513.58,513.59
scene,scene,513.59,514.0300000000001
in,,,
the,the,514.08,514.25
woods,woods,514.25,514.71
So,so,514.719999,514.9199990000001
there’s,there's,514.92,515.2199999999999
this,this,515.219999,515.449999
tent,tent,515.52,515.86
and,and,515.92,516.3499999999999
there’s,there's,516.4899999999999,516.54
a,a,516.54,516.5899999999999
woman,woman,516.5899999999999,516.8899999999999
inside,inside,516.8899999999999,517.3399999999999
it,it,517.3399999999999,517.55
and,and,517.9499999999999,518.3999999999999
um,um,518.42,518.9599999999999
she,she,519.6599999999999,519.6899999999999
hears,hears,519.86,520.01
a,a,520.01,520.0699999999999
noise,noise,520.07,520.3000000000001
outside,outside,520.299999,520.789999
and,and,520.789999,520.939999
it,it,520.959999,521.069999
turns,turns,521.07,521.3100000000001
out,out,521.309999,521.409999
to,to,521.41,521.4499999999999
be,be,521.449999,521.5499990000001
one,one,521.549999,521.669999
of,of,521.67,521.76
her,her,521.76,521.9
guards,guards,521.9,522.3
or,or,522.299999,522.3599989999999
something,something,522.359999,522.839999
and,and,522.84,522.9300000000001
he,he,522.93,523.01
comes,comes,523.01,523.24
in,in,523.24,523.45
and,and,523.47,523.57
we,we,523.57,523.84
learn,,,
that,that,524.31,524.4399999999999
she’s,she's,524.44,524.6400000000001
headed,headed,524.64,524.96
towards,towards,524.96,525.4200000000001
the,,,
uh,uh,526.17,526.4799999999999
castle,castle,526.52,527.0
And,and,527.65,527.68
then,then,527.85,528.25
um,um,528.28,528.74
uh,uh,530.66,531.18
later,later,531.41,531.85
he,he,531.86,532.04
goes,goes,532.04,532.29
out,out,532.29,532.65
uh,uh,533.02,533.34
tries,tries,533.4,533.77
like,like,533.809999,534.0999989999999
he,he,534.17,534.41
hears,hears,534.42,534.67
some,some,534.679999,534.889999
noise,noise,534.889999,535.179999
out,out,535.179999,535.299999
in,in,535.299999,535.3199989999999
the,the,535.349999,535.459999
woods,woods,535.46,535.6800000000001
so,so,535.719999,535.829999
he,he,535.83,535.97
checks,checks,535.969999,536.239999
what,what,536.24,536.33
it,it,536.33,536.45
is,is,536.45,536.84
Um,um,537.28,537.85
we,we,538.57,538.7
don’t,don't,538.699999,538.8899990000001
see,see,538.98,539.1800000000001
anything,anything,539.18,539.54
but,but,539.559999,539.809999
next,next,540.209999,540.569999
we,we,540.57,540.63
hear,hear,540.72,541.13
a,a,541.89,541.9
scream,scream,541.9,542.4599999999999
from,from,542.5,542.8
like,like,542.8,543.02
this,this,543.5699999999999,543.63
is,is,543.63,543.66
uh,uh,543.66,543.86
a,a,544.16,544.6899999999999
scene,scene,544.74,545.14
takes,takes,545.55,545.77
place,place,545.77,545.9499999999999
inside,inside,545.95,546.2800000000001
the,the,546.28,546.38
tent,tent,546.39,546.6999999999999
And,and,547.11,547.3100000000001
then,then,547.31,547.63
um,um,547.69,548.0200000000001
another,another,548.05,548.39
figure,figure,548.389999,548.709999
approaches,approaches,548.71,549.13
the,the,549.13,549.2
tent,tent,549.2,549.49
and,and,549.809999,549.929999
this,this,549.929999,550.029999
time,time,550.03,550.3
it’s,it's,550.309999,550.5699989999999
like,like,551.23,551.45
this,this,551.45,551.6500000000001
old,old,551.66,552.0899999999999
kind,kind,552.28,552.4399999999999
of,of,552.44,552.5100000000001
decrepit,decrepit,552.509999,552.939999
lady,lady,552.94,553.23
Probably,probably,554.21,554.87
um,um,554.92,555.18
she,she,555.179999,555.3199989999999
looks,looks,555.32,555.5
like,like,555.5,555.69
the,the,555.69,555.86
woman,woman,556.039999,556.389999
who,who,556.389999,556.749999
um,um,557.129999,557.419999
the,the,557.449999,557.6899990000001
son,son,557.959999,558.269999
or,or,558.33,558.45
the,the,558.45,558.57
mother,mother,558.58,559.0300000000001
of,of,559.04,559.29
the,the,559.34,559.7800000000001
man,man,560.32,560.63
who,who,560.63,560.7
was,was,560.7,560.88
executed,executed,560.88,561.55
So,so,562.0,562.36
um,um,562.36,562.75
yeah,yeah,564.37,564.66
she’s,she's,564.66,564.92
this,this,565.4,565.61
witch,witch,565.63,565.87
She,she,565.87,566.0
comes,comes,566.0,566.31
in,in,566.309999,566.669999
she,she,567.059999,567.419999
has,has,567.429999,567.629999
like,like,567.779999,567.839999
this,this,567.839999,568.079999
uh,uh,568.51,568.8
voodoo,voodoo,568.91,569.18
doll,doll,569.179999,569.439999
that,that,569.45,569.58
she,she,569.58,569.9000000000001
stabs,stabs,569.91,570.3
a,a,570.3,570.3599999999999
couple,couple,570.36,570.8100000000001
of,of,570.83,570.85
times,times,570.849999,571.199999
and,and,571.57,571.7700000000001
then,then,571.77,572.16
the,the,572.21,572.6700000000001
uh,uh,572.719999,573.199999
woman,,,
in,,,
the,the,573.62,573.76
tent,tent,573.759999,574.019999
kind,kind,574.23,574.41
of,of,574.41,574.53
falls,falls,574.529999,574.849999
over,over,574.85,575.19
and,and,575.559999,575.9699989999999
is,is,575.98,576.35
silent,silent,576.36,576.77
and,and,576.77,576.9399999999999
still,still,577.01,577.54
And,and,578.14,578.3
then,then,578.3,578.55
she,she,578.56,578.5799999999999
has,has,578.7499999999999,579.02
this,this,579.0899999999999,579.2499999999999
um,um,579.42,579.8499999999999
potion,potion,581.1,581.61
thing,thing,581.66,582.01
on,on,582.02,582.17
a,a,582.17,582.2199999999999
necklace,necklace,582.22,582.72
that,that,582.72,582.89
she,she,582.89,583.0699999999999
keeps,keeps,583.07,583.3000000000001
rubbing,rubbing,583.3,583.74
and,and,584.139999,584.3199989999999
then,then,584.32,584.6
says,says,588.15,588.2099999999999
a,a,588.21,588.26
couple,couple,588.259999,588.5699989999999
of,of,588.57,588.6400000000001
words,words,588.639999,589.049999
um,um,589.13,589.46
a,a,589.8100000000001,589.82
bunch,bunch,589.82,589.98
of,of,589.98,590.09
like,like,590.1,590.24
incantations,<unk>,590.25,590.9100000000001
to,to,591.77,592.0
it,it,592.0,592.18
it,it,592.18,592.31
glows,glows,592.32,592.7800000000001
and,and,592.779999,592.889999
then,,,
she,she,593.0,593.15
turns,turns,593.15,593.52
into,into,593.52,593.89
the,the,593.92,594.05
woman,woman,594.049999,594.3299989999999
who,who,594.33,594.5
was,was,594.5,595.0
used,used,595.5,595.73
to,to,595.74,595.87
be,be,595.87,596.03
like,like,596.03,596.22
alive,alive,596.23,596.73
and,and,596.8,596.9599999999999
well,well,596.96,597.26
in,in,597.26,597.35
the,the,597.35,597.4300000000001
tent,tent,597.43,597.7299999999999
And,and,598.28,598.39
then,then,598.39,598.63
um,um,598.66,599.02
she,she,600.84,600.86
looks,looks,600.86,600.9
at,,,
herself,,,
in,,,
the,the,601.07,601.1600000000001
mirror,mirror,601.16,601.43
though,though,601.43,601.6099999999999
and,and,601.61,601.6800000000001
the,the,601.69,601.7900000000001
mirror,mirror,601.79,602.0699999999999
shows,shows,602.07,602.2600000000001
that,that,602.27,602.4
she’s,she's,602.4,602.6
still,still,602.599999,602.859999
this,this,602.86,603.07
like,like,603.07,603.2800000000001
kind,kind,603.59,603.7900000000001
of,of,603.79,603.9399999999999
old,old,603.95,604.35
witch,witch,604.59,605.0500000000001
Uh,uh,605.52,605.9499999999999
so,so,606.0,606.52
yeah,yeah,606.889999,607.139999
that’s,that's,607.139999,607.469999
that,that,608.07,608.48
scene,scene,608.65,609.2099999999999
And,,,
then,then,609.63,610.09
um,um,610.109999,610.519999
the,the,612.23,612.35
next,next,612.35,612.64
time,time,612.64,613.02
we,we,613.1,613.3000000000001
see,see,613.3,613.4799999999999
her,her,613.48,613.66
she,she,613.66,614.13
uh,uh,614.65,615.03
is,is,615.07,615.21
coming,coming,615.21,615.5300000000001
off,off,615.53,615.73
of,of,615.73,615.9
a,a,615.9,616.01
horse,horse,616.02,616.4
and,and,616.46,617.0300000000001
um,um,617.43,618.05
walking,walking,618.37,619.08
into,into,619.09,619.9200000000001
the,the,620.27,620.6899999999999
castle,castle,620.73,621.27
So,so,621.59,622.11
uh,uh,622.55,623.04
oh,oh,623.63,623.86
and,and,623.86,624.01
also,also,624.009999,624.449999
when,when,624.46,624.63
she,she,624.63,624.88
steps,steps,624.889999,625.1999989999999
off,off,625.2,625.3900000000001
we,we,625.389999,625.489999
see,see,625.49,625.63
that,that,625.63,625.76
even,,,
the,the,625.91,626.0799999999999
water,water,626.08,626.4000000000001
reflects,reflects,626.4,626.9399999999999
like,like,627.08,627.3100000000001
who,who,627.67,627.8399999999999
she,she,627.839999,627.999999
really,really,628.0,628.27
is,is,628.27,628.38
which,which,628.389999,628.539999
is,is,628.539999,628.629999
like,like,628.629999,628.799999
this,this,628.799999,628.939999
old,old,628.949999,629.1599990000001
witch,witch,629.16,629.41
and,and,629.41,629.55
not,not,629.549999,629.8199989999999
um,um,630.129999,630.359999
this,,,
like,like,630.55,630.74
young,young,630.75,631.09
brunette,brunette,631.51,631.83
lady,lady,631.83,632.1800000000001
So,so,632.61,632.95
um,um,632.95,633.34
she,she,634.95,635.39
kind,kind,635.83,635.94
of,of,635.94,636.0400000000001
walks,walks,636.04,636.36
in,in,636.36,636.39
the,the,636.44,636.5500000000001
king,king,636.55,636.8199999999999
is,is,636.82,637.07
very,very,637.26,637.63
very,very,637.63,637.85
happy,happy,637.85,638.1800000000001
to,to,638.179999,638.1999989999999
see,see,638.2,638.4100000000001
her,her,638.41,638.74
Uh,uh,639.24,639.48
we,we,639.48,639.6800000000001
learn,learn,639.679999,640.029999
that,that,640.099999,640.389999
she,she,640.8,641.38
is,,,
like,like,641.77,641.96
a,a,641.96,642.0400000000001
singer,singer,642.08,642.5200000000001
for,for,642.96,643.2800000000001
all,all,643.309999,643.509999
like,like,643.649999,643.689999
the,the,643.689999,643.719999
festival,,,
stuff,,,
that’s,that's,644.889999,645.109999
going,going,645.11,645.4300000000001
on,on,645.429999,645.549999
And,and,646.4,646.55
then,then,646.549999,646.689999
so,so,646.690001,646.970001
he,he,646.969999,647.1599990000001
just,,,
like,,,
sends,,,
her,,,
on,,,
her,her,647.889999,647.909999
way,way,647.91,648.14
says,says,648.17,648.53
thanks,thanks,648.93,649.18
for,for,649.18,649.3299999999999
coming,coming,649.33,649.73
Um,um,650.72,651.21
so,so,652.81,653.2299999999999
Merlin,merlin,653.37,654.04
is,is,654.05,654.67
uh,uh,655.32,655.7
like,like,655.79,656.11
out,out,656.35,656.57
and,and,656.57,656.6
about,,,
again,again,656.98,657.3100000000001
and,and,657.36,657.91
um,um,658.32,659.0400000000001
this,this,660.29,660.63
time,time,660.63,661.36
wait,wait,663.23,663.5
no,no,664.18,664.43
not,not,664.43,664.6099999999999
yet,yet,664.609999,664.869999
This,this,664.869999,665.0599990000001
time,time,665.059999,665.419999
he,he,665.68,665.91
is,is,665.91,666.1
sent,sent,666.109999,666.419999
to,to,666.43,666.64
give,give,666.65,667.0699999999999
uh,uh,667.57,668.12
her,her,668.32,668.57
like,like,668.57,668.75
the,the,668.75,668.87
singer,singer,668.89,669.31
um,um,669.66,670.2199999999999
like,like,670.72,671.02
this,this,671.23,671.38
little,little,671.38,671.73
thing,thing,672.15,672.42
for,for,672.46,672.61
her,her,672.61,672.77
voice,voice,672.77,673.09
It’s,,,
like,,,
a,a,673.38,673.41
vial,vial,673.41,673.99
presumably,presumably,674.02,674.34
of,of,674.34,674.4100000000001
like,like,674.69,674.8000000000001
some,some,674.8800000000001,675.0400000000001
kind,kind,675.0400000000001,675.1300000000001
of,of,675.86,676.12
medicine,medicine,676.13,676.51
for,for,676.51,676.53
her,her,676.54,676.7099999999999
voice,voice,676.71,677.13
And,and,677.54,677.9699999999999
um,um,677.99,678.49
so,,,
he,he,678.7,678.88
goes,goes,678.88,679.11
to,to,679.11,679.24
her,her,679.24,679.73
like,like,680.11,680.37
room,room,681.19,681.6700000000001
I,i,681.799999,681.909999
guess,guess,681.91,682.17
and,and,682.6,683.0400000000001
um,um,683.09,683.5400000000001
he,he,684.07,684.1700000000001
puts,puts,684.17,684.38
it,it,684.379999,684.499999
down,down,684.5,684.69
at,at,684.690001,684.8000010000001
first,first,684.81,685.02
because,because,685.02,685.13
no,no,685.139999,685.219999
one’s,one's,685.219999,685.399999
there,there,685.4,685.63
And,and,685.67,686.03
he,he,687.28,687.3
notices,notices,687.3,687.6999999999999
like,like,687.71,687.9200000000001
that,that,688.25,688.48
voodoo,voodoo,688.55,688.81
doll,doll,688.81,689.0999999999999
that,that,689.1,689.35
she,she,689.8100000000001,690.07
had,had,690.24,690.64
um,um,690.66,691.25
stab,stab,691.71,692.1
she,she,692.1,692.12
had,had,692.51,692.8199999999999
been,been,692.82,692.99
stabbing,stabbing,692.99,693.33
in,in,693.33,693.4000000000001
the,the,693.4,693.51
tent,tent,693.52,693.79
And,and,694.219999,694.4099990000001
then,then,694.41,694.6999999999999
uh,uh,694.96,695.51
he,he,696.259999,696.379999
looks,looks,697.23,697.44
fairly,fairly,697.74,698.19
confused,confused,698.19,699.24
and,and,699.54,699.93
um,um,699.94,700.4200000000001
kind,kind,700.639999,700.829999
of,of,700.83,700.89
concerned,concerned,700.959999,701.4399990000001
and,and,701.449999,701.569999
then,then,701.57,701.73
he,he,702.19,702.58
uh,uh,702.6,703.0600000000001
like,like,703.18,703.4399999999999
moves,moves,703.49,703.76
this,this,703.77,703.9399999999999
little,little,703.94,704.12
sheet,sheet,704.12,704.36
off,off,704.36,704.62
and,and,705.0,705.28
it’s,it's,705.33,705.51
like,like,705.51,705.64
a,a,705.64,705.72
stack,stack,705.73,706.07
of,of,706.07,706.36
I,i,706.63,706.77
guess,guess,706.77,707.17
what,what,707.35,707.62
we,we,707.62,707.78
would,would,707.78,708.02
understand,understand,708.36,708.76
to,to,709.1,709.12
be,be,709.12,709.14
like,like,709.14,709.17
spell,spell,709.17,709.36
books,books,709.36,709.6
or,or,709.6,709.63
something,something,709.63,710.08
And,,,
he’s,he's,710.389999,710.6999989999999
looking,looking,710.7,710.94
at,at,710.94,711.09
it,it,711.09,711.1800000000001
also,also,711.179999,711.559999
fairly,fairly,711.559999,711.909999
confused,confused,711.91,712.55
Um,um,712.59,712.9
the,the,714.49,714.51
scene,scene,714.679999,714.9699989999999
then,then,714.969999,715.1899990000001
cuts,cuts,715.219999,715.389999
cuts,cuts,715.7,716.0500000000001
to,to,716.08,716.2
the,the,716.2,716.3900000000001
lady,lady,716.4,716.8199999999999
and,and,717.139999,717.729999
she,she,717.969999,718.589999
uh,uh,719.83,720.09
she,she,720.119999,720.3099990000001
looks,looks,720.31,720.56
concerned,concerned,720.56,721.0899999999999
She,she,721.64,722.01
um,um,722.01,722.47
is,is,722.47,722.74
really,really,722.74,722.99
close,,,
to,,,
her,her,723.39,723.5
room,room,723.5,723.78
and,and,723.78,724.02
um,um,724.45,725.0200000000001
turns,turns,725.26,725.47
around,around,725.47,725.64
quickly,quickly,725.64,725.98
walks,walks,725.98,726.29
towards,towards,726.29,726.62
it,it,726.79,726.86
and,and,726.89,727.32
um,um,728.02,728.5
just,just,728.77,728.87
as,as,729.04,729.12
she’s,she's,729.12,729.38
about,about,729.389999,729.609999
to,to,729.61,729.6800000000001
come,come,729.679999,729.869999
in,in,729.87,730.01
Merlin,merlin,730.01,730.29
like,like,730.29,730.41
quickly,quickly,730.42,730.77
puts,puts,730.77,730.99
the,the,730.99,731.09
book,book,731.09,731.3000000000001
down,down,731.3,731.5699999999999
like,like,731.57,731.71
covers,covers,731.71,732.01
it,it,732.009999,732.109999
back,back,732.11,732.32
up,up,732.33,732.5600000000001
And,and,733.08,733.51
um,um,733.52,733.9399999999999
she,she,733.95,733.97
comes,comes,735.58,735.85
in,in,735.849999,736.009999
says,says,736.01,736.33
what,what,736.359999,736.669999
are,are,736.67,736.74
you,you,736.74,736.8100000000001
doing,doing,736.809999,736.9899989999999
here,here,736.99,737.26
And,and,737.66,737.87
then,,,
he,,,
just,just,738.48,738.6700000000001
gives,gives,738.67,738.86
her,her,738.86,738.92
the,the,739.059999,739.169999
medicine,medicine,739.17,739.52
tells,tells,739.52,739.79
her,,,
he,,,
was,,,
there,there,740.24,740.42
to,to,740.42,740.52
deliver,deliver,740.52,740.84
that,that,740.84,741.0600000000001
and,and,741.48,741.87
leaves,leaves,741.9,742.1899999999999
Um,um,742.75,743.31
so,so,744.38,744.57
yeah,yeah,744.57,744.9100000000001
And,and,745.35,745.52
then,then,745.52,745.93
um,um,746.05,746.6099999999999
somewhere,somewhere,748.23,748.65
in,in,748.65,748.76
another,another,748.76,749.13
conversation,conversation,749.13,749.88
with,with,750.27,750.74
the,the,750.98,751.58
uh,uh,751.679999,752.2199989999999
court,court,752.92,753.18
physician,physician,753.179999,753.749999
we,we,754.119999,754.269999
learn,learn,754.27,754.52
that,that,754.529999,754.729999
there,there,754.76,755.24
uh,uh,755.43,755.87
all,all,756.059999,756.2299989999999
the,the,756.23,756.3000000000001
dragons,dragons,756.299999,756.799999
had,had,756.88,757.08
been,been,757.08,757.26
killed,killed,757.26,757.5
twenty,twenty,757.51,757.74
years,years,757.74,757.9300000000001
ago,ago,757.93,758.2399999999999
because,because,758.64,759.14
magic,magic,759.4,759.91
like,like,759.91,760.14
sent,sent,760.15,760.41
this,this,760.59,760.8100000000001
world,world,760.89,761.29
into,into,761.29,761.4499999999999
chaos,chaos,761.45,761.88
except,except,762.19,762.5400000000001
for,for,762.54,762.6899999999999
one,one,762.69,762.99
which,which,762.99,763.15
is,is,763.15,763.3
underneath,underneath,763.36,763.86
the,the,763.87,763.96
castle,castle,763.96,764.47
Um,um,764.9,765.15
so,so,765.4399999999999,765.4599999999999
there’s,there's,766.099999,766.379999
a,a,766.38,766.43
bit,bit,766.429999,766.5799989999999
of,of,766.58,766.69
foreshadowing,<unk>,766.69,767.1300000000001
Um,um,767.94,768.4000000000001
and,and,769.83,769.94
then,then,769.94,769.9700000000001
so,so,770.559999,770.899999
Merlin,merlin,770.929999,771.3199989999999
bumps,bumps,771.36,771.72
into,into,771.719999,772.3099990000001
Arthur,arthur,772.66,773.29
and,and,773.289999,773.419999
his,his,773.43,773.7099999999999
gang,gang,773.75,774.06
on,on,774.059999,774.0799989999999
the,the,774.16,774.29
street,street,774.34,774.61
again,again,774.609999,774.999999
And,and,775.429999,776.009999
um,um,776.039999,776.179999
at,at,776.35,776.52
first,first,776.52,776.92
when,when,776.95,777.13
Arthur,arthur,777.13,777.38
calls,calls,777.38,777.61
out,out,777.61,777.78
to,to,777.78,777.89
him,,,
he,,,
tries,tries,778.55,778.8
to,to,778.8,778.8599999999999
ignore,ignore,778.86,779.15
them,them,779.15,779.37
But,but,779.37,779.53
then,then,779.53,779.8299999999999
Arthur,arthur,780.0,780.22
just,,,
keeps,keeps,780.42,780.62
talking,talking,780.62,781.07
and,and,781.44,781.86
he,he,781.86,782.3000000000001
can’t,,,
ignore,,,
him,him,782.9,782.92
anymore,anymore,782.92,783.41
And,and,783.76,783.9
then,then,783.9,784.16
so,so,784.179999,784.5699989999999
um,um,784.57,785.0400000000001
he,he,789.0,789.55
um,um,789.599999,790.079999
he,he,791.77,791.92
being,being,791.92,792.14
Merlin,merlin,792.14,792.72
uh,uh,793.02,793.37
keeps,keeps,793.39,793.72
like,like,793.78,794.04
kind,kind,794.04,794.23
of,of,794.23,794.4
over,over,795.2,795.6700000000001
bravado,<unk>,795.67,796.2099999999999
ing,ing,796.21,796.4100000000001
um,um,796.73,797.23
tells,,,
Arthur,,,
like,like,797.89,798.17
oh,oh,798.6,798.97
like,like,798.97,799.2
I,i,799.84,800.0400000000001
could,could,800.04,800.4
beat,beat,800.58,800.8100000000001
you,you,800.809999,800.929999
up,up,800.929999,801.0999989999999
with,with,801.099999,801.319999
like,like,801.32,801.5300000000001
less,less,801.54,801.9399999999999
than,than,802.05,802.41
a,a,802.49,802.59
sword,sword,802.59,802.95
or,or,802.95,803.1
whatever,whatever,803.37,803.74
he,he,803.74,803.87
had,had,803.87,804.03
said,said,804.03,804.36
So,so,804.78,805.02
Arthur,arthur,805.02,805.17
throws,throws,805.3399999999999,805.5999999999999
him,him,805.5999999999999,805.77
like,like,805.77,806.06
this,this,806.2099999999999,806.55
not,not,806.7099999999999,806.91
sure,sure,806.91,806.9599999999999
what,what,806.9599999999999,806.99
the,the,807.16,807.29
term,term,807.29,807.64
is,is,807.639999,807.829999
for,for,807.839999,808.079999
it,it,808.08,808.23
but,but,808.58,808.83
the,the,809.08,809.6700000000001
like,like,809.690001,809.970001
stick,stick,809.98,810.24
with,with,810.24,810.38
a,a,810.379999,810.439999
chain,chain,810.440001,810.7800010000001
on,on,810.779999,810.879999
the,the,810.89,811.08
end,end,811.08,811.3100000000001
that,that,811.33,811.58
you,you,812.1,812.1800000000001
kind,kind,812.18,812.3599999999999
of,of,812.36,812.52
whoop,whoop,812.52,812.74
around,around,812.74,813.12
to,to,813.25,813.33
hurt,hurt,813.33,813.51
people,people,813.57,813.95
So,so,814.53,814.68
Arthur,arthur,814.68,814.9899999999999
comes,comes,814.99,815.2
after,after,815.2,815.45
him,him,815.45,815.62
with,with,815.62,815.77
one,one,815.77,815.89
of,of,815.89,816.01
those,those,816.01,816.28
and,and,816.31,816.52
at,at,816.52,816.63
first,first,816.63,816.85
Merlin,merlin,816.85,817.19
is,is,817.19,817.35
like,like,817.37,817.59
super,super,817.59,817.86
clumsy,clumsy,817.86,818.37
all,all,818.65,818.8
he,he,818.8,818.9
can,can,818.9,819.0
do,do,819.0,819.14
is,is,819.139999,819.289999
run,run,819.29,819.4699999999999
away,away,819.469999,819.9399990000001
There,there,820.32,820.35
are,are,820.36,820.5
like,like,820.5,820.72
portions,portions,820.73,821.11
of,of,821.11,821.22
the,the,821.219999,821.2899990000001
town,town,821.29,821.6999999999999
kind,kind,821.809999,822.029999
of,of,822.03,822.1
getting,getting,822.11,822.34
destroyed,destroyed,822.34,822.97
Um,um,823.37,823.64
yeah,yeah,825.24,825.69
he,he,825.83,826.49
like,like,826.82,827.12
it’s,it's,827.789999,827.999999
very,very,828.0,828.24
busy,busy,828.24,828.66
out,out,828.66,828.79
so,,,
he’s,,,
like,like,829.129999,829.239999
bumping,bumping,829.25,829.51
into,into,829.51,829.6899999999999
people,people,829.69,830.2600000000001
lots,lots,830.52,830.8299999999999
of,of,830.83,830.98
fruit,fruit,830.99,831.27
is,is,831.29,831.4499999999999
getting,getting,831.45,831.73
smashed,smashed,831.74,832.29
like,like,832.29,832.49
running,running,832.86,833.27
over,over,833.27,833.78
um,um,833.78,834.11
fruit,fruit,834.14,834.38
carts,carts,834.38,834.65
and,and,834.84,834.88
stuff,stuff,834.88,835.23
And,and,835.96,836.11
then,then,836.11,836.36
um,um,836.38,836.78
he,he,836.79,836.92
kind,kind,836.92,837.11
of,of,837.11,837.21
goes,goes,837.21,837.37
back,back,837.41,837.68
into,into,837.71,837.9000000000001
this,this,837.9,838.09
alleyway,<unk>,838.37,838.62
and,and,838.95,839.3000000000001
he’s,he's,839.309999,839.509999
just,,,
he,he,840.04,840.2099999999999
tripped,tripped,840.21,840.5500000000001
and,and,840.55,840.75
fell,fell,840.75,841.06
on,on,841.059999,841.2199989999999
this,this,841.219999,841.459999
pile,pile,841.96,842.2900000000001
of,of,842.29,842.4
stuff,stuff,842.41,842.77
and,and,842.77,842.98
Arthur’s,arthur's,843.27,843.64
standing,standing,843.65,844.02
over,over,844.02,844.27
him,him,844.27,844.51
like,like,844.52,844.6999999999999
swinging,swinging,844.699999,845.0499990000001
this,this,845.049999,845.299999
weapon,weapon,845.33,845.7700000000001
around,around,845.77,846.14
Um,um,846.539999,846.9599989999999
but,,,
then,then,847.21,847.44
he,he,847.449999,847.6599990000001
uses,uses,847.66,847.9
magic,magic,848.12,848.38
and,and,848.73,849.1800000000001
like,like,849.32,849.63
there’s,,,
these,these,849.87,850.11
meathooks,<unk>,850.34,850.5300000000001
nearby,nearby,850.56,851.06
and,and,851.38,851.59
then,then,851.59,851.86
like,like,851.87,852.13
he,he,852.14,852.41
aligns,aligns,852.41,852.78
them,them,852.78,852.98
perfectly,perfectly,853.09,853.72
so,so,853.72,853.96
that,that,853.96,854.23
when,when,854.23,854.4
Arthur,arthur,854.4399999999999,854.74
is,is,854.74,854.8299999999999
swinging,swinging,854.8299999999999,855.3199999999999
his,his,855.719999,856.119999
um,um,856.139999,856.469999
like,like,856.77,857.0799999999999
chain,chain,857.12,857.46
thing,thing,857.469999,857.709999
around,around,857.71,857.99
it,it,858.009999,858.249999
gets,gets,858.25,858.41
wrapped,wrapped,858.42,858.67
up,up,858.67,858.88
And,and,860.08,860.23
then,then,860.23,860.53
this,,,
is,,,
like,like,860.889999,861.1999989999999
kind,kind,861.2,861.32
of,of,861.32,861.38
Merlin’s,<unk>,861.38,861.68
chance,chance,861.7,861.97
He,he,862.01,862.13
jumps,jumps,862.129999,862.419999
up,up,862.42,862.67
and,and,863.01,863.49
then,,,
um,um,863.5,864.0
now,now,864.48,864.78
like,like,864.789999,865.0699989999999
there’s,there's,865.11,865.49
like,like,865.55,865.7299999999999
a,a,865.73,865.78
bunch,bunch,865.78,865.97
of,of,865.97,866.07
scenes,scenes,866.1,866.33
of,of,866.33,866.46
him,him,866.46,866.74
doing,doing,867.15,867.4599999999999
little,little,867.46,867.73
things,things,867.74,868.08
to,to,868.08,868.1800000000001
trip,trip,868.18,868.38
up,up,868.38,868.53
Arthur,arthur,868.54,868.89
Like,like,868.91,869.1
literally,literally,869.18,869.62
like,like,869.62,869.86
he,,,
moves,moves,869.86,870.17
this,this,870.17,870.4799999999999
block,block,870.76,871.08
in,in,871.08,871.19
front,front,871.19,871.35
of,of,871.35,871.46
him,him,871.46,871.63
when,when,871.63,871.77
Arthur’s,arthur's,871.77,872.04
trying,trying,872.04,872.1899999999999
to,to,872.19,872.2600000000001
come,come,872.26,872.4399999999999
after,after,872.44,872.69
him,him,872.69,872.83
so,so,872.83,872.94
he,he,872.94,873.08
trips,trips,873.09,873.35
over,over,873.349999,873.589999
it,it,873.59,873.77
And,and,874.41,874.5899999999999
then,then,874.59,874.83
um,um,874.84,875.14
he,he,875.15,875.29
hides,hides,875.29,875.5799999999999
again,again,875.58,875.97
And,and,876.5,876.69
then,then,876.69,876.8000000000001
Arthur,arthur,876.799999,877.279999
still,still,877.29,877.5899999999999
gets,gets,877.63,877.8
up,up,877.799999,877.8199989999999
keeps,,,
coming,coming,878.21,878.45
after,after,878.45,878.71
him,him,878.71,878.88
and,and,878.88,878.98
he,he,878.98,879.13
pulls,pulls,879.48,879.74
this,this,879.74,879.91
rope,rope,879.92,880.1899999999999
taut,<unk>,880.219999,880.629999
so,so,880.629999,880.649999
he,he,880.65,880.67
trips,trips,880.67,880.9
over,over,880.9,881.11
that,that,881.109999,881.2999990000001
as,as,881.299999,881.4499989999999
well,well,881.449999,881.7999990000001
And,and,882.34,882.44
then,then,882.440001,882.6600010000001
so,so,882.68,883.17
Arthur,arthur,883.48,883.9200000000001
is,is,883.92,884.06
now,now,884.06,884.2099999999999
the,the,884.21,884.32
one,one,884.32,884.5300000000001
falling,falling,884.57,884.9100000000001
all,all,884.91,885.06
over,over,885.06,885.2299999999999
the,the,885.23,885.3100000000001
place,place,885.31,885.54
and,and,885.54,885.7199999999999
by,by,886.04,886.17
now,now,886.17,886.4499999999999
a,a,886.45,886.57
fairly,fairly,886.84,887.22
large,large,887.22,887.52
crowd,crowd,887.53,887.79
has,has,887.79,887.9699999999999
gathered,gathered,887.97,888.37
and,and,888.37,888.41
we,we,888.41,888.55
see,see,888.55,888.77
that,that,888.77,889.02
um,um,889.37,889.79
uh,uh,891.01,891.24
the,the,891.24,891.76
court,court,892.07,892.36
physician,physician,892.36,892.85
is,is,892.849999,893.0499990000001
also,also,893.059999,893.3599989999999
there,there,893.36,893.75
like,like,894.02,894.31
kind,kind,894.76,894.8
of,of,894.8,894.89
like,like,894.89,895.02
looking,looking,895.04,895.2099999999999
at,at,895.38,895.4399999999999
Arthur,arthur,895.44,895.87
We,we,895.88,896.09
kind,,,
of,,,
see,see,896.799999,896.939999
a,a,896.94,897.0
small,small,897.0,897.28
smile,smile,897.28,897.6999999999999
on,on,897.7,897.8100000000001
his,his,897.809999,897.999999
part,part,898.01,898.35
Um,um,898.799999,899.289999
and,and,899.77,899.92
yeah,yeah,899.92,900.1999999999999
so,so,900.199999,900.3899990000001
Arthur,arthur,900.39,900.93
looks,looks,901.29,901.5
at,at,901.5,901.62
him,him,901.62,902.01
and,and,902.56,903.51
um,um,904.0999999999999,904.8299999999999
there,there,905.68,905.87
is,is,905.87,906.04
an,an,906.07,906.1500000000001
ending,ending,906.55,907.27
that,that,907.4,907.5699999999999
I,i,907.57,907.6700000000001
can’t,can't,907.67,907.9599999999999
recall,recall,907.96,908.44
right,right,908.44,908.7
now,now,908.7,909.1
um,um,909.73,910.4300000000001
yeah,yeah,912.12,912.64
I,,,
think,,,
that’s,that's,913.049999,913.419999
it,it,913.42,913.67
