Okay,okay,0.06,0.32
so,so,0.32,0.45
getting,getting,0.45,0.68
back,back,0.68,0.8200000000000001
to,to,0.82,0.9099999999999999
our,our,0.91,1.02
story,story,1.02,1.5
about,about,1.53,2.04
uh,uh,2.07,2.55
Lucy,lucy,2.76,3.2299999999999995
this,this,3.37,3.5
is,is,3.5,3.62
a,a,3.62,3.67
story,story,3.67,3.9899999999999998
that,that,3.99,4.180000000000001
uh,uh,4.21,4.57
begins,begins,4.69,5.07
in,in,5.07,5.13
nineteen,nineteen,5.14,5.6899999999999995
sixty,sixty,5.7,6.05
four,four,6.05,6.29
and,and,6.29,6.37
it's,it's,6.37,6.5
one,one,6.5,6.69
that,that,6.69,6.7700000000000005
Charles,charles,6.77,7.079999999999999
would,would,7.08,7.17
have,have,7.17,7.21
never,never,7.25,7.68
heard,heard,7.68,7.84
about,about,7.84,8.18
had,had,8.19,8.33
he,he,8.33,8.41
not,not,8.41,8.65
bumped,bumped,8.66,9.03
into,into,9.03,9.299999999999999
this,this,9.3,9.610000000000001
obscure,obscure,9.76,10.64
old,old,11.21,11.860000000000001
memoir,memoir,12.07,12.63
Long,long,12.639999,13.029999
out,out,13.04,13.129999999999999
of,of,13.13,13.24
print,print,13.24,13.540000000000001
Yeah,yeah,13.57,13.75
what's,what's,13.75,13.92
the,the,13.92,13.95
name,name,13.95,14.049999999999999
of,of,14.049999,14.099999
the,the,14.099999,14.149999000000001
book,book,14.15,14.32
Do,do,14.34,14.36
you,you,14.37,14.51
actually,actually,14.509999,14.729999000000001
have,have,14.73,14.83
it,it,14.83,14.89
with,with,14.889999,15.019999
you,you,15.02,15.09
Yeah,yeah,15.089999,15.299999000000001
hold,hold,15.349999000000002,15.529999000000002
on,on,15.529999000000002,15.719999000000001
It's,it's,21.23,21.75
called,called,21.78,22.59
Lucy,lucy,22.71,23.35
Growing,growing,23.35,23.8
Up,up,23.8,24.07
Human,human,24.12,24.78
A,a,25.18,25.28
Chimpanzee,chimpanzee,25.28,25.96
Daughter,daughter,25.96,26.35
in,in,26.369999999999997,26.54
a,a,26.54,26.619999999999997
Psychotherapist,psychotherapist,26.619999999999997,27.839999999999996
Family,family,27.84,28.43
by,by,28.439999999999998,28.669999999999998
Maurice,maurice,28.67,29.21
K,k,29.21,29.5
Temerlin,<unk>,29.5,30.05
Maurice,maurice,30.16,30.5
K,k,30.5,30.67
Temerlin,<unk>,30.67,31.110000000000003
he,he,31.119999999999997,31.369999999999997
is,is,31.389999,31.599999
the,the,31.599999,31.689999
psychotherapist,psychotherapist,31.689999999999998,32.37
He's,he's,32.37,32.48
a,a,32.480000000000004,32.540000000000006
psychotherapist,psychotherapist,32.54,33.63
And,and,33.839999,33.959998999999996
he's,he's,33.96,34.09
also,also,34.09,34.32
the,the,34.32,34.44
dad,dad,34.440000999999995,34.970000999999996
in,in,34.980000000000004,35.18000000000001
this,this,35.18,35.37
story,story,35.369999,35.889999
and,and,35.9,35.99
his,his,35.989999999999995,36.10999999999999
wife,wife,36.109999,36.329999
Jane,jane,36.33,36.76
who's,who's,36.9,37.04
a,a,37.04,37.11
social,social,37.11,37.45
worker,worker,37.45,37.75
she's,she's,37.75,38.01
the,the,38.01,38.11
mom,mom,38.11,38.46
Now,now,38.54,38.68
the,the,38.68,38.8
thing,thing,38.8,39.01
to,to,39.01,39.12
know,know,39.12,39.61
was,was,40.08,40.29
that,that,40.3,40.55
especially,especially,40.66,41.08
for,for,41.08,41.22
Maurice,maurice,41.22,41.58
Temerlin,<unk>,41.59,41.970000000000006
this,this,41.980000000000004,42.190000000000005
was,was,42.19,42.37
more,more,42.38,42.74
than,than,42.74,42.92
just,just,42.92,43.24
adopting,adopting,43.26,43.769999999999996
a,a,43.769999999999996,43.809999999999995
baby,baby,43.81,44.09
chimp,<unk>,44.09,44.35
This,this,44.849999,45.099999
was,was,45.099999,45.239999
an,an,45.24,45.330000000000005
experiment,experiment,45.33,45.92
Yeah,yeah,45.929999,46.189999
He,he,46.49,46.67
wanted,wanted,46.67,46.97
to,to,46.969999,47.059999000000005
know,know,47.059999,47.419999
given,given,47.55,47.919999999999995
the,the,47.92,48.02
right,right,48.019999999999996,48.22
upbringing,upbringing,48.219999,48.809999000000005
how,how,49.009999,49.439999
human,human,49.44,50.16
could,could,50.46,50.74
Lucy,lucy,50.74,51.1
become,become,51.099999,51.599999
You,you,51.639999,51.749999
know,know,51.75,51.89
what,what,52.639999,52.739999000000005
he,he,52.739999999999995,52.81999999999999
says,says,52.82,53.03
early,early,53.029999000000004,53.22999900000001
on,on,53.230000000000004,53.370000000000005
in,in,53.369999,53.449999
this,this,53.449999,53.599999
book,book,53.6,53.77
would,would,55.67,55.93
she,she,55.93,56.12
learn,learn,56.12,56.5
to,to,56.5,56.63
love,love,56.63,56.900000000000006
us,us,56.9,57.22
and,and,57.7,57.870000000000005
perhaps,perhaps,57.87,58.33
have,have,58.47,58.69
other,other,58.730000000000004,58.95
human,human,58.95,59.370000000000005
emotions,emotions,59.37,59.809999999999995
as,as,59.81,59.940000000000005
well,well,59.94,60.309999999999995
Would,would,60.69,60.89
she,she,60.89,61.05
be,be,61.05,61.239999999999995
well,well,61.24,61.38
well,well,61.38,61.550000000000004
behaved,behaved,61.55,62.0
Rebellious,rebellious,62.599999,63.219998999999994
Intelligent,intelligent,63.24,63.660000000000004
or,or,63.79,63.91
stupid,stupid,63.91,64.25999999999999
What,what,64.41,64.53999999999999
about,about,64.53999999999999,64.77999999999999
sex,sex,64.78,65.31
Maurice,maurice,67.08,67.36
Temerlin,<unk>,67.36,67.78
actually,actually,67.78,68.07000000000001
died,died,68.07,68.36
in,in,68.36,68.46
nineteen,nineteen,68.46000000000001,68.79
eighty,eighty,68.78999999999999,68.94
nine,nine,68.94,69.17999999999999
but,but,69.179999,69.289999
these,these,69.28999999999999,69.44999999999999
are,are,69.45,69.59
his,his,69.589999,69.749999
words,words,69.77,70.36999999999999
read,read,70.48,70.74000000000001
by,by,70.74,71.02
radio,radio,71.02,71.39
host,host,71.389999,71.659999
David,david,71.66,71.91
Garland,garland,71.91,72.25999999999999
Would,would,72.37,72.56
she,she,72.56,72.73
mother,mother,72.73,73.05
her,her,73.05,73.22
offspring,offspring,73.24,73.80999999999999
Could,could,74.37,74.51
she,she,74.51,74.66000000000001
learn,learn,74.66,74.86
to,to,74.86,75.01
talk,talk,75.07,75.47999999999999
How,how,75.49,75.67999999999999
intelligent,intelligent,75.68,76.24000000000001
might,might,76.25,76.5
she,she,76.5,76.7
be,be,76.73,77.07000000000001
And,and,77.49,77.58
so,so,77.58,77.69
how,how,77.69,77.83
did,did,77.83,77.97
they,they,77.97,78.05
get,get,78.05,78.31
her,her,78.31,78.54
He,he,78.65,78.98
says,says,78.99,79.38
that,that,79.38,79.58
um,um,79.71,80.05999999999999
he,he,80.12,80.31
and,and,80.309999,80.379999
his,his,80.38,80.52
wife,wife,80.52,80.85
Jane,jane,80.849999,81.16999899999999
made,made,81.17,81.37
all,all,81.37,81.52000000000001
the,the,81.52,81.64999999999999
arrangements,arrangements,81.65,81.94000000000001
Went,went,82.13,82.39999999999999
and,and,82.46000000000001,82.63000000000001
got,got,82.63,82.89
the,the,82.92,83.07000000000001
chimp,<unk>,83.07,83.32
From,from,83.4,83.5
the,,,
day,day,83.63,83.83999999999999
the,the,83.84,83.98
infant,infant,83.98,84.31
was,was,84.32,84.5
born,born,84.5,84.83
The,the,84.9,85.02000000000001
mother,mother,85.02,85.32
was,was,85.32,85.74
anesthetized,<unk>,86.559999,86.799999
In,in,87.19,87.28999999999999
the,the,87.28999999999999,87.41999999999999
early,early,87.429999,87.709999
morning,morning,87.71000000000001,88.08000000000001
of,of,88.08,88.16
her,her,88.16,88.25
second,second,88.25,88.63
day,day,88.629999,89.019999
Jane,jane,89.25,89.55
fed,fed,89.549999,89.759999
the,the,89.76,89.82000000000001
mother,mother,89.82,90.13
a,a,90.129999,90.209999
coca,coca,90.21,90.52
cola,cola,90.529999,90.95999900000001
which,which,90.99,91.21
had,had,91.22,91.3
been,been,91.3,91.45
spiked,spiked,91.45,91.88000000000001
with,with,91.88,92.06
phencyclidine,<unk>,92.06,92.95
a,a,93.38,93.49
drug,drug,93.49,93.83
which,which,93.84,94.10000000000001
puts,puts,94.12,94.36
chimpanzees,chimpanzees,94.36,95.31
into,into,95.31,95.61
a,a,95.61,95.7
deep,deep,95.7,96.2
pleasant,pleasant,96.64,97.12
sleep,sleep,97.59,98.09
And,and,102.639999,103.089999
the,the,103.179999,103.41999899999999
baby,baby,103.42,103.88
was,was,104.11,104.6
taken,taken,104.71000000000001,105.02000000000001
away,away,105.02,105.36999999999999
Jane,jane,105.38,105.69
named,named,105.69,105.91
her,her,105.91,106.03
Lucy,lucy,106.029999,106.489999
and,and,106.76,106.89
brought,brought,106.889999,107.099999
her,her,107.1,107.21
home,home,107.209999,107.499999
on,on,107.5,107.61
a,a,107.609999,107.669999
commercial,commercial,107.67,108.17
airline,airline,108.17,108.64
carried,carried,108.93,109.27000000000001
in,in,109.32000000000001,109.38000000000001
a,a,109.38000000000001,109.46000000000001
bassinet,<unk>,110.15,110.16000000000001
her,her,110.35,110.50999999999999
face,face,110.51,110.83
covered,covered,110.83,111.14
with,with,111.14,111.27
a,a,111.27,111.32
lacy,lacy,111.32,111.67999999999999
blanket,blanket,111.68,112.15
We,we,112.64,112.76
were,were,112.76,112.88000000000001
blissfully,blissfully,112.88,113.42999999999999
unaware,unaware,113.43,114.10000000000001
of,of,114.7,114.74000000000001
the,the,114.74,114.78999999999999
complexities,complexities,114.79,115.49000000000001
we,we,115.49,115.61999999999999
were,were,115.62,115.73
creating,creating,115.73,116.25
on,on,116.25,116.35
the,the,116.349999,116.439999
day,day,116.44,116.74
Lucy,lucy,116.76,117.09
came,came,117.09,117.38000000000001
home,home,117.38,117.77
So,so,120.009999,120.13999899999999
the,the,120.139999,120.209999
baby,baby,120.21000000000001,120.45
was,was,120.45,120.61
a,a,120.62,120.7
day,day,120.7,120.92
or,or,120.92,120.97
two,two,120.969999,121.209999
old,old,121.21000000000001,121.49000000000001
Just,just,121.5,121.76
two,two,121.759999,121.88999899999999
days,days,121.889999,122.14999900000001
old,old,122.15,122.37
So,so,122.46000000000001,122.53
it,,,
wasn't,wasn't,122.549999,122.899999
weaned,weaned,122.9,123.25
No,no,123.42,123.78
and,and,124.0,124.14
that,that,124.139999,124.299999
was,was,124.299999,124.439999
part,part,124.440001,124.630001
of,of,124.629999,124.709999
the,the,124.709999,124.739999
experiment,experiment,124.74,125.14999999999999
They,they,125.16,125.28999999999999
bottle,bottle,125.289999,125.58999899999999
feed,feed,125.6,125.8
her,her,125.799999,125.959999
Yeah,yeah,126.139999,126.469999
She,she,126.51,126.65
quickly,quickly,126.65,127.03
learned,learned,127.04,127.31
to,to,127.31,127.39
hold,hold,127.39,127.67
her,her,127.67,127.81
own,own,127.81,127.99000000000001
bottle,bottle,127.99,128.38
At,at,128.78,128.92
two,two,128.92,129.07
months,months,129.07,129.53
her,her,129.53,129.73
eyes,eyes,129.73,130.01999999999998
would,would,130.02,130.19
focus,focus,130.19,130.66
At,at,130.9,131.03
three,three,131.03,131.28
months,months,131.28,131.52
she,she,131.8,131.92000000000002
was,was,131.92,132.05999999999997
trying,trying,132.06,132.29
to,to,132.29,132.39
climb,climb,132.39,132.70999999999998
out,out,132.71,132.84
of,of,132.84,132.95000000000002
her,her,132.95,133.07
crib,crib,133.07,133.38
to,to,133.38,133.48
go,go,133.48,133.64999999999998
to,to,133.65,133.76000000000002
people,people,133.76,134.12
And,and,135.09,135.14000000000001
at,at,135.139999,135.159999
six,six,135.29,135.56
months,months,135.559999,135.809999
she,she,136.15,136.29
was,was,136.29,136.45999999999998
pretty,pretty,136.46,136.72
mobile,mobile,136.719999,137.009999
on,on,137.16,137.32999999999998
all,all,137.33,137.5
four,four,137.55,137.81
limbs,limbs,137.809999,138.019999
Memoir,memoir,139.33,139.74
goes,goes,139.759999,139.949999
on,on,139.95,140.16
By,by,141.0,141.16
the,the,141.16,141.26
time,time,141.259999,141.539999
she,she,141.54,141.67
was,was,141.67,141.82
about,about,141.99,142.31
a,a,142.309999,142.379999
year,year,142.379999,142.629999
old,old,142.629999,142.809999
she,she,143.02,143.19
was,was,143.190001,143.39000099999998
eating,eating,143.389999,143.58999899999998
at,at,143.59,143.70000000000002
the,the,143.699999,143.779999
table,table,143.779999,144.099999
with,with,144.18,144.21
us,us,144.209999,144.22999900000002
Forks,forks,144.779999,145.179999
spoons,spoons,145.199999,145.58999899999998
knives,,,
She,she,146.1,146.18
would,would,146.2,146.38
see,see,146.38,146.56
us,us,146.56,146.81
using,using,146.81,147.14000000000001
silverware,silverware,147.14,147.72
and,and,147.82,147.95
immediately,immediately,147.95,148.45999999999998
do,do,148.46,148.62
so,so,148.62,148.83
herself,herself,148.83,149.17000000000002
She,she,149.3,149.4
began,began,149.4,149.59
to,to,149.59,149.67000000000002
dress,dress,149.67,149.94
herself,herself,149.94,150.32
in,in,150.32,150.45999999999998
skirts,skirts,150.46,150.88
She,she,150.89,151.01999999999998
would,would,151.02,151.17000000000002
often,often,151.17,151.44
grab,grab,151.44,151.74
my,my,151.74,151.94
hand,hand,151.94,152.34
pull,pull,152.7,152.92999999999998
me,me,152.929999,153.069999
to,to,153.07,153.18
my,my,153.179999,153.379999
feet,feet,153.42,153.66
and,and,153.66,153.77
beg,beg,153.82,154.04999999999998
me,me,154.05,154.17000000000002
to,to,154.17,154.26999999999998
chase,chase,154.27,154.55
her,her,154.55,154.57000000000002
always,always,155.05,155.37
looking,looking,155.37,155.63
back,back,155.639999,155.909999
to,to,155.929999,156.03999900000002
see,see,156.04,156.2
that,that,156.2,156.35999999999999
Daddy,daddy,156.36,156.70000000000002
was,was,156.7,156.88
not,not,156.88,157.1
too,too,157.099999,157.259999
far,far,157.259999,157.539999
behind,behind,157.54,157.67999999999998
You,you,160.559999,160.709999
know,know,160.709999,160.82999900000002
he,he,160.85,161.07
really,really,161.07,161.60999999999999
went,went,161.690001,162.010001
at,at,162.01,162.23999999999998
this,this,162.25,162.52
with,with,162.52,162.70000000000002
this,this,162.7,162.89999999999998
sort,sort,162.91,163.13
of,of,163.13,163.25
full,full,163.26,163.76
bore,bore,163.89,164.52999999999997
earnestness,<unk>,164.59,165.24
You,you,165.29,165.42
know,know,165.42,165.53
when,when,165.53,165.7
he,he,165.7,165.85
calls,calls,165.85,166.17
her,her,166.17,166.30999999999997
his,his,166.32,166.57999999999998
darling,darling,166.58,167.23000000000002
daughter,daughter,167.36,167.93
and,and,167.93,168.09
I,i,168.09,168.15
took,took,168.15,168.36
great,great,168.37,168.6
pride,pride,168.6,169.01999999999998
in,in,169.02,169.13000000000002
my,my,169.13,169.28
daughter's,daughter's,169.28,169.68
achievement,achievement,169.68,170.29000000000002
he,he,170.34,170.76
does,does,170.77,171.37
feel,feel,171.469999,172.259999
like,like,172.27,172.52
a,a,172.52,172.60000000000002
real,real,172.599999,172.849999
parent,parent,172.849999,173.279999
to,to,173.29,173.42
Lucy,lucy,173.42,173.94
She,she,173.969999,174.139999
was,was,174.15,174.31
so,so,174.309999,174.479999
responsive,responsive,174.48,175.14999999999998
to,to,175.15,175.22
being,being,175.23,175.51
looked,looked,175.509999,175.809999
at,at,175.809999,176.059999
held,held,176.07,176.53
and,and,176.53,176.7
stroked,stroked,176.7,177.1
but,but,177.13,177.29
he's,he's,177.29,177.51
also,also,177.509999,177.939999
and,and,177.98,178.01
to,to,178.01,178.07
make,make,178.07,178.29
no,no,178.289999,178.419999
mistake,mistake,178.42000000000002,178.96
treating,treating,179.07999999999998,179.51
this,this,179.51,179.72
as,as,179.75,179.99
a,a,179.99,180.11
very,very,180.119999,180.689999
intense,intense,180.7,181.23
cutting,cutting,181.28,181.62
edge,edge,181.62,181.86
experiment,experiment,182.03,182.76
The,the,183.35,183.45
next,next,183.45,183.66
phase,phase,183.66,183.88
of,of,183.88,183.96
the,the,183.96,184.03
experiment,experiment,184.03,184.59
which,which,184.95,185.19
occupies,occupies,185.19,185.6
a,a,185.6,185.64
good,good,185.64,185.79999999999998
deal,deal,185.8,186.0
of,of,186.0,186.02
the,the,186.02,186.07000000000002
book,book,186.07,186.42
involves,involves,186.85,187.28
one,one,187.28,187.45
of,of,187.45,187.54
those,those,187.54,187.94
uh,uh,187.97,188.33
talents,talents,188.389999,188.95999899999998
that,that,188.96,189.08
we,we,189.08,189.21
thought,thought,189.21,189.53
used,used,189.719999,189.939999
to,to,189.94,190.03
have,have,190.04,190.14
only,only,190.15,190.45000000000002
be,be,190.45,190.54999999999998
limited,limited,190.55,190.9
to,to,190.91,191.01
us,us,191.01,191.51
Language,language,192.77,193.38000000000002
Okay,okay,193.639999,194.289999
Can,can,194.57,194.73
you,you,194.73,194.82999999999998
introduce,introduce,194.83,195.16000000000003
yourself,yourself,195.16,195.44
please,please,195.44,195.7
Okay,okay,195.74,196.10000000000002
my,my,196.42000000000002,196.65
name,name,196.65,196.77
is,is,196.77,196.96
Roger,roger,196.959999,197.28999900000002
Fouts,<unk>,197.299999,197.899999
I'm,i'm,198.07999999999998,198.32
a,a,198.32,198.4
professor,professor,198.43,198.91
of,of,198.91,199.02
psychology,psychology,199.02,199.87
and,and,199.95,200.35
I've,i've,200.41,200.65
uh,uh,200.65,200.83
worked,worked,200.84,201.23
with,with,201.23,201.59
chimpanzees,chimpanzees,201.68,202.44
since,since,202.45,202.7
nineteen,nineteen,202.7,203.04
sixty,sixty,203.04,203.4
seven,seven,203.4,203.76000000000002
Roger,roger,204.04,204.37
Fouts,<unk>,204.38,204.60999999999999
was,was,204.62,204.76
called,called,204.76,205.17
in,in,205.17,205.53
by,by,205.54,205.75
Maurice,maurice,205.75,206.04
Temerlin,<unk>,206.059999,206.439999
to,to,206.45,206.57999999999998
address,address,206.58,207.08
one,one,207.52,207.68
of,of,207.679999,207.749999
the,,,
you,you,207.88,208.0
know,know,208.0,208.09
crucial,crucial,208.09,208.53
questions,questions,208.53,208.91
of,of,208.91,208.93
the,the,208.929999,208.969999
experiment,experiment,209.059999,209.519999
Could,,,
she,she,209.62,209.76
learn,learn,209.759999,209.95999899999998
to,to,209.96,210.12
talk,talk,210.17,210.57999999999998
Right,right,210.86,211.29000000000002
And,and,211.58,211.61
at,at,211.61,211.67000000000002
the,the,211.67,211.73
time,time,211.73,212.04
he,he,212.04,212.16
was,was,212.17,212.45999999999998
the,the,212.469999,212.679999
guy,guy,212.69,213.15
he'd,he'd,213.63,213.85999999999999
just,just,213.86,214.09
been,been,214.09,214.24
part,part,214.24,214.39000000000001
of,of,214.389999,214.499999
a,a,214.5,214.56
team,team,214.559999,214.839999
that,that,214.84,214.94
had,had,214.940001,215.280001
uh,uh,215.389999,215.689999
proven,proven,215.75,216.14
for,for,216.139999,216.23999899999998
the,the,216.24,216.31
first,first,216.31,216.54
time,time,216.54,216.76999999999998
that,that,216.77,216.91
chimps,<unk>,216.91,217.2
could,could,217.23,217.39999999999998
use,use,217.4,217.71
sign,sign,217.71,218.13
language,language,218.13,218.57999999999998
to,to,218.58,218.70000000000002
communicate,communicate,218.7,219.26
so,so,219.65,219.95000000000002
his,his,219.95,220.14
job,job,220.14,220.48
with,with,220.48,220.6
Lucy,lucy,220.61,221.10000000000002
was,was,221.66,221.84
to,to,221.84,221.92000000000002
teach,teach,221.92,222.11999999999998
her,her,222.12,222.21
how,how,222.21,222.32000000000002
to,to,222.32,222.39
sign,sign,222.39,222.70999999999998
And,and,222.74,222.94
I,i,222.94,223.02
think,think,223.04,223.29999999999998
I,i,223.3,223.65
uh,uh,223.7,224.04999999999998
came,came,224.09,224.32
into,into,224.32,224.54
her,her,224.54,224.64
life,life,224.639999,224.889999
when,when,224.889999,225.01999899999998
she,she,225.02,225.18
was,was,225.179999,225.44999900000002
as,as,225.49,225.69
I,i,225.69,225.77
remember,remember,225.77,226.4
it,it,226.45,226.54999999999998
was,was,226.55,226.69
nineteen,nineteen,226.71,227.04000000000002
seventy,seventy,227.04,227.23
I,i,227.23,227.29999999999998
think,think,227.3,227.51000000000002
it,it,227.509999,227.529999
was,was,227.53,227.7
four,four,227.7,228.04999999999998
or,or,228.05,228.12
five,five,228.12,228.52
she,she,228.52,228.63000000000002
was,was,228.63,228.79
four,four,228.79,228.98
or,or,228.98,229.03
five,five,229.03,229.29
years,years,229.29,229.48999999999998
old,old,229.49,229.73000000000002
Roger,roger,229.74,230.15
taught,taught,230.15,230.39000000000001
her,her,230.389999,230.509999
signs,signs,230.509999,230.969999
for,for,230.98,231.11999999999998
airplane,airplane,231.179999,231.819999
baby,baby,232.039999,232.389999
doll,doll,232.389999,232.77999899999998
ball,ball,232.949999,233.42999899999998
banana,banana,233.789999,234.349999
barrette,barrette,234.639999,235.039999
Right,right,235.21,235.6
berry,berry,235.61,235.98000000000002
yeah,yeah,235.98,236.29
yeah,yeah,236.41,236.59
yeah,yeah,236.64,236.89
so,so,236.89,237.14
I,i,237.14,237.26
was,was,237.27,237.47
sort,sort,237.47,237.8
of,of,237.8,237.96
like,like,237.97,238.28
blanket,blanket,238.28,238.67
the,the,238.95,239.14999999999998
the,the,239.2,239.45
tutor,tutor,240.06,240.56
friend,friend,240.56,240.98
babysitter,babysitter,241.03,241.67
that,that,241.67,241.82999999999998
would,would,241.83,241.96
come,come,241.96,242.15
over,over,242.15,242.41
for,for,242.41,242.68
a,a,242.679999,242.749999
few,few,242.75,243.07
hours,hours,243.07,243.43
bow,bow,243.48,243.70999999999998
tie,tie,243.71,244.14000000000001
each,each,244.37,244.61
day,day,244.61,244.72000000000003
and,and,245.139999,245.169999
spend,spend,245.17,245.41
some,some,245.41,245.57
time,time,245.57,245.87
just,just,246.08,246.29000000000002
you,you,246.34,246.46
know,know,246.46,246.61
just,just,246.639999,246.829999
playing,playing,246.83,247.07000000000002
with,with,247.07,247.19
Lucy,lucy,247.19,247.54
candy,candy,247.62,247.91
I,i,248.02,248.14000000000001
would,would,248.139999,248.329999
work,work,248.33,248.53
on,on,248.53,248.69
signs,signs,248.69,249.34
cat,cat,249.429999,249.879999
We’d,we'd,250.049999,250.31999900000002
read,read,250.32,250.51999999999998
books,books,250.57,250.88
together,together,250.879999,251.449999
and,and,251.449999,251.559999
or,or,251.73,251.89
we’d,we'd,251.889999,252.099999
go,go,252.1,252.23
for,for,252.23,252.42
walks,walks,252.42000000000002,252.96
and,and,253.04,253.2
uh,uh,253.89,254.02999999999997
I,i,254.09,254.23
would,would,254.23,254.39999999999998
chat,chat,254.4,254.73000000000002
with,with,254.73,254.89
her,her,254.89,255.0
basically,basically,255.0,255.37
cry,cry,255.42,255.97
dirty,dirty,256.98,257.26
And,and,257.84,257.9
he,he,257.9,258.0
says,says,258.0,258.19
that,that,258.19,258.31
Lucy,lucy,258.31,258.7
enough,enough,258.7,259.03999999999996
just,just,259.27,259.5
sort,sort,259.58,259.78999999999996
of,of,259.79,259.84000000000003
picked,picked,259.91,260.22
it,it,260.22,260.34000000000003
up,up,260.34,260.46
picked,picked,260.46,260.60999999999996
it,it,260.61,260.7
all,all,260.7,260.9
up,up,260.9,261.09
It,it,261.12,261.23
was,was,261.23,261.38
like,like,261.389999,261.579999
a,a,261.58,261.7
game,game,261.929999,262.249999
She,she,263.42,263.65000000000003
learned,learned,263.65,263.89
some,some,263.889999,264.079999
two,two,264.08,264.2
hundred,hundred,264.2,264.47999999999996
fifty,fifty,264.49,264.83
signs,signs,264.83,265.19
and,and,265.36,265.64
the,the,265.639999,265.709999
big,big,265.71,265.9
question,question,265.92,266.45
is,is,266.45,266.71
okay,okay,266.74,267.3
so,so,267.339999,267.529999
is,is,267.53,267.64
it,it,267.639999,267.749999
mere,mere,267.77,268.04999999999995
mimicry,mimicry,268.049999,268.77999900000003
or,or,269.389999,269.949999
are,are,270.42,270.61
they,they,270.609999,270.799999
able,able,270.82,271.18
to,to,271.18,271.55
spontaneously,spontaneously,271.57,272.53
create,create,272.53,273.13
words,words,273.25,273.92
Yeah,yeah,273.98,274.23
And,and,274.29,274.52000000000004
put,put,274.52,274.71999999999997
them,them,274.72,275.06
together,together,275.11,275.57
in,in,275.58,275.72999999999996
a,a,275.73,275.82
new,new,275.82,276.19
original,original,276.19,276.65
way,way,276.66,277.14000000000004
And,and,277.32,277.65999999999997
there's,there's,277.68,278.07
been,been,278.25,278.54
a,a,278.54,278.57
lot,lot,278.57,278.79
of,of,278.79,278.90000000000003
anecdotal,anecdotal,278.9,279.46999999999997
evidence,evidence,279.469999,279.889999
that,that,279.9,280.34999999999997
in,in,280.69,280.93
fact,fact,280.929999,281.299999
Lucy,lucy,281.33,281.90999999999997
did,did,281.969999,282.36999899999995
um,um,282.45,282.92
spontaneously,spontaneously,282.969999,284.61999899999995
paper,,,
create,create,284.95,285.46
pen,pen,285.48,285.81
words,words,285.889999,286.559999
In,in,286.6,286.75
a,a,286.75,286.81
later,later,286.809999,287.119999
session,session,287.119999,287.58999900000003
when,when,287.879999,288.079999
shown,shown,288.08,288.32
a,a,288.32,288.37
piece,piece,288.37,288.6
of,of,288.6,288.77000000000004
watermelon,watermelon,288.779999,289.47999899999996
Lucy,lucy,289.83,290.19
tasted,tasted,290.19,290.63
it,it,290.63,290.79
and,and,290.83,290.96
she,she,290.96,291.14
called,called,291.14,291.47999999999996
it,it,291.48,291.65000000000003
candy,candy,291.65,292.09999999999997
drink,drink,292.11,292.6
Huh,huh,293.17,293.52000000000004
And,and,293.58,293.81
a,a,293.85,293.97
radish,<unk>,293.97,294.63000000000005
uh,uh,294.66,295.15000000000003
had,had,295.44,295.71999999999997
gotten,gotten,295.72,295.99
quite,quite,295.99,296.29
old,old,296.29,296.61
and,and,296.61,296.74
one,one,296.74,296.88
day,day,296.88,297.17
you,you,297.179999,297.329999
know,know,297.33,297.45
she,she,297.45,297.57
was,was,297.57,297.73
calling,calling,297.73,298.0
it,it,298.0,298.1
food,food,298.099999,298.629999
and,and,298.63,298.86
food,food,298.91,299.36
for,for,299.37,299.7
I,i,300.08,300.16999999999996
think,think,300.17,300.48
several,several,300.48,300.81
days,days,300.82,301.07
of,of,301.07,301.19
the,the,301.19,301.26
study,study,301.259999,301.689999
and,and,301.69,301.85
then,then,301.849999,301.999999
she,she,302.28,302.57
decided,decided,302.75,303.26
to,to,303.27,303.34999999999997
eat,eat,303.349999,303.559999
this,this,303.559999,303.759999
old,old,303.759999,303.929999
radish,<unk>,303.929999,304.499999
and,,,
she,she,304.5,304.64
took,took,304.639999,304.839999
a,a,304.84,304.89
bite,bite,304.889999,305.079999
and,and,305.08,305.16999999999996
spit,spit,305.17,305.49
it,it,305.49,305.64
out,out,305.639999,306.069999
I,i,306.619999,306.729999
said,said,306.73,306.88
Well,well,306.88,307.15999999999997
what,what,307.17,307.43
is,is,307.43,307.59000000000003
that,that,307.59,307.77
She,she,307.77,307.93
called,called,307.93,308.19
it,it,308.19,308.29
cry,cry,308.29,308.61
hurt,hurt,308.62,308.86
food,food,308.86,309.47
Wow,wow,309.76,310.31
She,she,310.47,310.66
would,would,310.66,310.8
also,also,310.8,311.12
lie,lie,311.12,311.45
to,to,311.45,311.53
me,me,311.53,311.82
Really,really,312.03,312.4
Yes,yes,312.41,312.86
yeah,yeah,312.86,313.05
yeah,yeah,313.05,313.36
And,and,313.58,313.72999999999996
lying,lying,313.73,314.05
we,we,314.05,314.14
should,should,314.139999,314.269999
also,also,314.27,314.5
say,say,314.5,314.81
is,is,314.83,315.09
another,,,
one,,,
of,of,315.71,315.76
those,those,315.76,315.90999999999997
things,things,315.92,316.22
that,that,316.219999,316.439999
people,people,316.62,317.0
used,used,317.01,317.28
to,to,317.28,317.33
think,think,317.33,317.60999999999996
only,only,317.67,318.02000000000004
we,we,318.02,318.21999999999997
do,do,318.219999,318.54999899999996
During,during,318.78,319.09999999999997
one,one,319.099999,319.19999900000005
of,of,319.2,319.27
my,my,319.27,319.37
sessions,sessions,319.37,319.85
I,i,319.849999,319.94999900000005
came,came,319.95,320.17
in,in,320.17,320.24
and,and,320.24,320.28000000000003
she,she,320.29,320.44
had,had,320.44,320.57
a,a,320.57,320.65
potty,potty,320.65,321.02
accident,accident,321.02,321.45
that,that,321.49,321.7
she,she,321.7,321.92
had,had,322.08,322.3
been,been,322.299999,322.45999900000004
potty,potty,322.459999,322.72999899999996
trained,trained,322.73,323.01
but,but,323.01,323.15999999999997
sometimes,sometimes,323.16,323.75
she,she,324.639999,324.839999
didn't,didn't,324.85,324.99
always,always,324.99,325.28000000000003
make,make,325.28,325.54999999999995
it,it,325.55,325.79
and,and,325.85,326.03000000000003
I,i,326.03,326.09999999999997
was,was,326.1,326.3
upset,upset,326.33,326.82
because,because,326.82,327.18
I,i,327.18,327.27
was,was,327.27,327.43
now,now,327.43,327.57
faced,faced,327.57,327.90999999999997
with,with,327.91,328.05
having,having,328.05,328.32
to,to,328.32,328.44
clean,clean,328.44,328.99
it,it,330.16,330.31
up,up,330.31,330.62
and,and,330.68,330.92
so,so,330.92,331.07
I,i,331.07,331.19
said,said,331.2,331.44
Whose,whose,331.48,331.83000000000004
is,is,331.83,332.07
that,that,332.07,332.37
and,and,332.38,332.58
she,she,332.58,332.71
said,said,332.72,332.97
Sue,sue,332.97,333.49
Who's,who's,333.61,333.8
Sue,sue,333.8,334.11
Sue,sue,334.19,334.49
was,was,334.49,334.68
one,one,334.679999,334.83999900000003
of,of,334.84,335.02
uh,uh,335.02,335.15999999999997
one,one,335.17,335.36
of,of,335.36,335.46000000000004
my,my,335.469999,335.60999899999996
students,students,335.61,336.07
that,that,336.08,336.25
would,would,336.25,336.45
come,come,336.7,336.93
in,in,336.929999,337.049999
and,and,337.049999,337.179999
spend,spend,337.179999,337.39999900000004
time,time,337.4,337.57
with,with,337.57,337.71
Lucy,lucy,337.71,338.0
too,too,338.0,338.34
I,i,338.34,338.46
said,said,338.46,338.65
No,no,338.759999,339.079999
Sue's,<unk>,339.11,339.17
not,not,339.589999,339.819999
here,here,339.83,340.07
and,and,340.07,340.21
finally,finally,340.209999,340.519999
she,she,340.529999,340.719999
blamed,blamed,340.71999900000003,341.08999900000003
it,it,341.09,341.15
on,on,341.15,341.2
Sue,,,
she,,,
fessed,,,
up,up,341.59,341.81
Yeah,yeah,342.029999,342.35999899999996
and,,,
said,said,342.4,342.72999999999996
Lucy,lucy,342.73,343.23
and,and,343.57,343.69
sorry,sorry,343.69,344.05
and,and,344.05,344.17
so,so,344.17,344.29
on,on,344.29,344.39000000000004
Sue,sue,344.44,344.8
Yes,yes,344.95,345.31
This,this,345.58,345.82
is,is,345.82,345.94
Sue,sue,345.94,346.29
Sue,sue,346.33,346.55
Savage,savage,346.55,346.89
Rumbaugh,<unk>,346.89,347.36
The,the,347.37,347.48
grad,grad,347.48,347.79
student,student,347.79,348.06
of,of,348.06,348.18
yours,yours,348.18,348.53000000000003
who,who,348.53,348.75
says,says,348.75,349.02
she,she,349.02,349.16999999999996
didn't,didn't,349.17,349.36
actually,actually,349.36,349.63
see,see,349.63,349.81
that,that,349.81,350.0
lie,lie,350.0,350.21
take,take,350.21,350.4
place,place,350.4,350.69
Yes,yes,350.69,350.96
well,well,350.96,351.15
I,i,351.15,351.23999999999995
wasn't,wasn't,351.28,351.66999999999996
there,there,351.67,352.12
But,,,
she,she,352.62,352.68
told,told,352.679999,352.939999
us,us,352.94,353.1
that,that,353.099999,353.21999900000003
when,when,353.219999,353.509999
she,she,353.52,353.74
met,met,353.74,354.1
Lucy,lucy,354.099999,354.63999900000005
she,she,354.98,355.15000000000003
was,was,355.15,355.31
blown,blown,355.309999,355.669999
away,away,355.67,355.98
by,by,355.98,356.41
well,well,357.099999,357.25999900000005
the,the,357.259999,357.469999
incongruity,<unk>,357.77,358.71
of,of,358.709999,358.809999
it,it,358.809999,358.909999
all,all,358.91,359.15000000000003
Like,like,359.16,359.35
for,for,359.359999,359.449999
instance,instance,359.449999,359.739999
every,every,359.74,359.91
time,time,359.91,360.13000000000005
she,she,360.129999,360.229999
would,would,360.23,360.33000000000004
walk,walk,360.33,360.53999999999996
in,in,360.54,360.61
the,the,360.61,360.7
house,house,360.7,361.09
Lucy,lucy,361.3,361.69
would,would,361.69,361.9
just,just,361.9,362.17999999999995
walk,walk,362.18,362.48
casually,casually,362.54,363.23
into,into,363.23,363.49
the,the,363.49,363.61
kitchen,kitchen,363.61,364.05
and,and,364.05,364.24
search,search,364.57,365.09999999999997
through,through,365.1,365.31
the,the,365.31,365.43
cupboard,cupboard,365.43,365.90000000000003
for,for,365.9,366.19
the,the,366.19,366.34
kind,kind,366.35,366.62
of,of,366.62,366.74
tea,tea,366.74,367.11
she,she,367.11,367.29
wanted,wanted,367.29,367.61
that,that,367.61,367.83000000000004
day,day,367.83,368.21999999999997
and,and,368.22,368.45000000000005
put,put,368.929999,369.119999
some,some,369.12,369.34000000000003
water,water,369.34,369.72999999999996
in,in,369.73,369.85
a,a,369.849999,369.919999
kettle,kettle,369.92,370.35
and,and,370.349999,370.499999
put,put,370.5,370.71
it,it,370.71,370.84
on,on,370.84,371.01
the,the,371.01,371.14
stove,stove,371.15,371.63
and,and,371.679999,371.829999
make,make,372.139999,372.469999
us,us,372.469999,372.61999899999995
tea,tea,372.679999,373.189999
Yeah,yeah,373.559999,373.739999
it,it,373.75,373.77
became,became,373.77,374.10999999999996
a,a,374.11,374.17
routine,routine,374.17,374.69
I'd,i'd,374.69,374.87
come,come,374.87,375.09000000000003
in,in,375.089999,375.29999899999996
and,and,375.36,375.56
she,she,375.559999,375.699999
would,would,375.7,375.84
start,start,375.839999,376.16999899999996
the,the,376.17,376.27000000000004
tea,tea,376.27,376.65999999999997
It,it,376.77,376.96
was,was,376.959999,377.199999
the,the,377.209999,377.379999
casualness,casualness,377.379999,378.40999899999997
with,with,378.41,378.64000000000004
which,which,378.64,378.87
she,she,378.88,379.25
did,did,379.29,379.56
it,it,379.56,379.78000000000003
the,the,379.85,380.03000000000003
kind,kind,380.03,380.38
of,of,380.38,380.64
air,air,380.73,381.07
about,about,381.07,381.42
it,it,381.42,381.55
that,that,381.56,381.75
yes,yes,381.78,382.09
I'm,i'm,382.09,382.26
making,making,382.26,382.62
tea,tea,382.62,382.84000000000003
and,and,382.84,383.01
I,i,383.09,383.23999999999995
would,would,383.24,383.43
like,like,383.43,383.67
you,you,383.67,383.87
to,to,383.87,383.95
have,have,383.96,384.21999999999997
some,some,384.22,384.44000000000005
too,too,384.44,384.7
because,because,384.7,385.14
tea,tea,385.18,385.41
is,is,385.41,385.56
what,what,385.56,385.75
we,we,385.75,385.88
do,do,385.88,386.21999999999997
And,and,387.77,388.01
so,so,388.01,388.34999999999997
the,the,388.389999,388.519999
thing,thing,388.52,388.81
to,to,388.809999,388.939999
do,do,388.94,389.25
is,is,389.25,389.39
to,to,389.44,389.61
sit,sit,389.61,389.86
down,down,389.86,390.18
and,and,390.179999,390.33999900000003
to,to,390.34,390.46
casually,casually,390.46,391.25
sip,sip,391.25,391.58
the,the,391.58,391.71
tea,tea,391.71,391.96
with,with,391.96,392.19
Lucy,lucy,392.19,392.64
and,and,393.349999,393.56999900000005
casually,casually,393.57,394.57
look,look,394.74,395.06
through,through,395.07,395.44
the,the,395.440001,395.560001
magazines,magazines,395.559999,396.249999
listen,listen,396.459999,396.869999
to,to,396.869999,397.059999
the,the,397.06,397.2
radio,radio,397.2,397.96
and,and,397.96,398.15
What,what,398.18,398.38
magazines,magazines,398.38,398.82
would,would,398.82,398.93
she,she,398.93,399.06
look,look,399.06,399.23
at,at,399.23,399.41
Well,well,399.44,399.87
she,she,399.87,400.26
she,she,400.27,400.53
looked,looked,400.53,400.79999999999995
at,at,400.8,400.94
I,i,400.94,401.05
think,think,401.08,401.34999999999997
house,house,401.35,401.69
and,and,401.69,401.91
garden,garden,401.92,402.53000000000003
and,and,402.53,402.89
some,some,404.45,404.47999999999996
magazines,magazines,404.65,405.22999999999996
that,that,405.24,405.35
had,had,405.349999,405.419999
pictures,pictures,405.42,405.81
of,of,405.809999,405.989999
women,women,405.99,406.33
and,and,406.33,406.46999999999997
children,children,406.469999,407.019999
in,in,407.02,407.15999999999997
them,them,407.16,407.34000000000003
whatever,whatever,407.349999,407.96999900000003
the,the,407.969999,408.15999899999997
Temerlins,<unk>,408.16,408.72
had,had,408.73,408.95000000000005
out,out,408.95,409.27
Wow,wow,409.4,409.77
Lucy,lucy,409.83,410.32
had,had,410.349999,410.51999900000004
developed,developed,410.52,410.95
an,an,410.95,411.07
awareness,awareness,411.07,411.68
of,of,411.679999,411.83999900000003
our,our,411.839999,412.03999899999997
emotions,emotions,412.039999,412.819999
If,if,413.43,413.62
Jane,jane,413.619999,413.909999
is,is,413.91,414.05
distressed,distressed,414.049999,414.659999
Temerlin's,<unk>,415.03,415.44
wife,wife,415.46,415.81
Lucy,lucy,415.87,416.23
notices,notices,416.23,416.67
it,it,416.67,416.77000000000004
immediately,immediately,416.77,417.54999999999995
and,and,417.69,417.84
attempts,attempts,417.84,418.15
to,to,418.15,418.28
comfort,comfort,418.28,418.64
her,her,418.64,418.86
by,by,418.98,419.13
putting,putting,419.13,419.42
her,her,419.42,419.57
arm,arm,419.57,419.84
about,about,419.85,420.18
her,her,420.19,420.32
grooming,grooming,420.34,420.9
or,or,420.9,421.16999999999996
kissing,kissing,421.25,421.57
her,her,421.57,421.74
If,if,422.0,422.18
Jane,jane,422.179999,422.429999
is,is,422.429999,422.579999
sick,sick,422.58,423.08
Lucy,lucy,423.23,423.56
would,would,423.559999,423.699999
exhibit,exhibit,423.7,424.15999999999997
tender,tender,424.16,424.52000000000004
protectiveness,<unk>,424.52,425.29999999999995
toward,toward,425.33,425.7
her,her,425.7,425.87
bringing,bringing,426.07,426.4
her,her,426.41,426.55
food,food,426.55,427.08
sharing,sharing,427.23,427.59000000000003
her,her,427.59,427.77
own,own,427.77,428.03
food,food,428.03,428.17999999999995
As,as,428.98,429.14000000000004
we,we,429.139999,429.249999
get,get,429.25,429.4
to,to,429.4,429.46
this,this,429.46,429.63
next,next,429.63,429.93
part,part,429.929999,430.21999900000003
this,this,430.23,430.53000000000003
is,,,
sort,sort,430.529999,430.769999
of,of,430.77,430.83
the,the,430.83,430.9
midpoint,midpoint,430.91,431.35
of,of,431.35,431.38
the,the,431.379999,431.429999
memoir,memoir,431.440001,431.850001
it's,it's,431.85,432.02000000000004
useful,useful,432.02,432.28999999999996
to,to,432.289999,432.38999900000005
sort,sort,432.41,432.56
of,of,432.56,432.63
remember,remember,432.63,433.02
a,a,433.02,433.09
basic,basic,433.09,433.48999999999995
fact,fact,433.49,433.79
of,of,433.79,433.83000000000004
biology,biology,433.83,434.47999999999996
Speciation,<unk>,435.06,435.86
happens,happens,436.47,437.24
when,when,437.78,437.92999999999995
you've,you've,437.93,438.06
got,got,438.06,438.27
one,one,438.27,438.52
group,group,438.52,438.66999999999996
of,of,438.67,438.72
creatures,creatures,438.72,439.15000000000003
that,that,439.15,439.25
gets,gets,439.25,439.39
divided,divided,439.39,439.81
into,into,439.81,439.98
two,two,440.02,440.38
and,and,440.45,440.65
then,then,440.65,440.81
these,these,440.809999,441.119999
two,two,441.15,441.35999999999996
groups,groups,441.36,441.67
evolve,evolve,441.71,442.32
away,away,442.41,442.84000000000003
from,from,442.84,443.09
one,one,443.09,443.23999999999995
another,another,443.24,443.61
and,and,443.8,443.90000000000003
eventually,eventually,443.9,444.22999999999996
they,they,444.23,444.35
get,get,444.349999,444.51999900000004
so,so,444.52,444.81
far,far,444.809999,445.099999
away,away,445.099999,445.33999900000003
from,from,445.34,445.5
each,each,445.5,445.62
other,other,445.62,445.82
that,that,445.82,445.93
they,they,445.929999,446.049999
can't,can't,446.049999,446.299999
have,have,446.309999,446.509999
babies,babies,446.509999,446.679999
And,and,446.74,446.98
nature,nature,446.99,447.40000000000003
makes,makes,447.4,447.63
sure,sure,447.639999,448.359999
that,that,448.369999,448.579999
they,they,448.58,448.83
can't,can't,448.869999,449.079999
have,have,449.08,449.21
babies,babies,449.209999,449.579999
by,by,449.6,449.78000000000003
making,making,449.779999,450.319999
one,one,450.42,450.79
species,species,450.79,451.21000000000004
basically,basically,451.24,451.76
undesirable,undesirable,451.83,452.94
to,to,452.96,453.09
the,the,453.09,453.23999999999995
other,other,453.24,453.47
You,you,453.47,453.61
look,look,453.61,453.86
across,across,453.86,454.36
you're,you're,454.37,454.55
a,a,454.55,454.61
baboon,baboon,454.61,455.04
you,you,455.04,455.15000000000003
look,look,455.15,455.31
across,across,455.31,455.63
at,at,455.63,455.71999999999997
a,a,455.72,455.77000000000004
chimp,,,
and,,,
you,you,456.12,456.18
go,go,456.18,456.34000000000003
Eh,eh,456.54,456.82
Yeah,yeah,456.85,457.09000000000003
you're,you're,457.09,457.28999999999996
only,only,457.3,457.77000000000004
sexually,sexually,457.78,458.17999999999995
attracted,attracted,458.179999,458.539999
to,to,458.559999,458.749999
your,your,458.75,458.94
own,own,458.94,459.11
kind,kind,459.11,459.48
That,that,460.01,460.3
is,is,460.32,460.49
essentially,essentially,460.51,460.96999999999997
what,what,460.969999,461.079999
a,a,461.08,461.09999999999997
species,species,461.099999,461.58999900000003
is,is,461.59,461.60999999999996
Now,now,464.87,464.98
this,this,464.98,465.12
isn't,isn't,465.12,465.33
something,something,465.339999,465.629999
you're,you're,465.63,465.75
supposed,supposed,465.75,465.99
to,to,465.99,466.01
be,be,466.02,466.14
able,able,466.139999,466.299999
to,to,467.440001,467.460001
learn,learn,467.459999,467.72999899999996
or,or,467.74,467.75
unlearn,<unk>,467.75,467.76
This,this,467.77,468.03
is,is,468.029999,468.16999899999996
just,just,468.17,468.35
the,the,468.35,468.43
way,way,468.43,468.56
it,it,468.56,468.67
is,is,468.67,469.0
yeah,yeah,469.029999,469.36999899999995
I,i,469.71,469.89
was,was,469.89,470.11
there,there,470.12,470.43
when,when,470.43,470.62
she,she,470.62,470.78000000000003
was,was,470.78,470.94
introduced,introduced,470.94,471.52
to,to,471.52,471.66999999999996
her,her,471.67,471.84000000000003
first,first,471.84,472.32
uh,uh,472.44,472.77
adult,adult,472.82,473.15
male,male,473.16,473.45000000000005
chimpanzee,chimpanzee,473.45,474.26
Had,had,474.32,474.46999999999997
Lucy,lucy,474.47,474.74
ever,ever,474.74,474.93
seen,seen,474.93,475.44
another,another,475.45,475.89
chimpanzee,chimpanzee,475.99,476.58
before,before,476.61,476.71000000000004
Never,never,476.72,477.02000000000004
seen,seen,477.02,477.26
another,another,477.26,477.56
chimpanzee,chimpanzee,477.559999,478.27999900000003
from,from,478.29,478.6
the,the,478.599999,478.69999900000005
moment,moment,478.7,479.01
of,of,479.01,479.14
birth,birth,479.139999,479.429999
Wow,wow,479.44,479.82
She,she,479.88,480.02
says,says,480.02,480.25
they,they,480.25,480.38
brought,brought,480.38,480.69
this,this,480.69,480.9
male,male,480.9,481.17999999999995
chimp,<unk>,481.179999,481.46999900000003
in,in,481.5,481.71
to,to,481.75,481.87
see,see,481.87,482.14
if,if,482.139999,482.359999
Lucy,lucy,482.42,483.02000000000004
was,was,483.17,483.47
attracted,attracted,483.469999,484.079999
to,to,484.08,484.59
chimpanzee,chimpanzee,485.289999,486.129999
males,males,486.209999,486.65999899999997
And,and,486.68,486.82
was,was,486.82,487.0
she,she,487.0,487.33
I,i,488.07,488.44
well,well,489.27,489.77
the,the,490.04,490.20000000000005
male,male,490.2,490.45
chimpanzee,chimpanzee,490.45,491.3
would,would,491.5,491.71
sit,sit,491.71,491.96999999999997
there,there,491.97,492.40000000000003
with,with,492.44,492.74
his,his,492.87,493.08
hand,hand,493.08,493.51
held,held,493.51,493.86
out,out,493.86,494.09000000000003
toward,toward,494.11,494.5
her,her,494.5,494.82
and,and,495.38,495.8
she,she,496.08,496.57
was,was,496.599999,496.82999900000004
very,very,496.84,497.33
frightened,frightened,497.34,497.86999999999995
Hmm,<unk>,497.95,498.22999999999996
And,and,498.88,499.05
she,she,499.049999,499.20999900000004
tried,tried,499.21,499.5
to,to,499.5,499.6
move,move,499.599999,499.879999
away,away,499.88,500.39
It,it,501.67,501.77000000000004
was,was,501.77,501.90999999999997
then,then,501.91,502.43
says,says,502.52,502.83
Sue,sue,502.83,503.09
that,that,503.09,503.21999999999997
she,she,503.21999900000003,503.359999
realized,realized,503.359999,504.01999900000004
that,that,504.74,504.94
in,in,504.95,505.05
every,every,505.05,505.36
way,way,505.36,505.6
that,that,505.6,505.76000000000005
mattered,mattered,505.76,506.28999999999996
Lucy,lucy,506.95,507.28999999999996
was,was,507.29,507.42
no,no,507.42,507.6
longer,longer,507.6,507.87
a,a,507.87,507.94
chimp,<unk>,507.95,508.26
She,she,510.19,510.38
was,was,510.38,510.53
stranded,stranded,510.53,511.01
Right,right,511.12,511.5
in,in,511.52,511.84
between,between,511.84,512.52
this,this,513.599999,513.889999
great,great,513.889999,514.179999
divide,divide,514.19,514.73
that,that,514.73,514.9
I,i,514.9,515.2099999999999
knew,knew,515.27,515.56
was,was,515.559999,515.769999
there,there,515.77,516.09
between,between,516.09,516.47
humans,humans,516.469999,516.879999
and,and,516.88,517.01
non,non,517.009999,517.229999
humans,humans,517.23,517.5500000000001
and,and,517.549999,517.7099989999999
I,i,517.71,517.85
I,i,518.29,518.4
did,did,518.4,518.56
not,not,518.559999,518.759999
know,know,518.759999,518.829999
how,how,518.83,519.01
to,to,519.009999,519.089999
negotiate,negotiate,519.12,519.71
this,this,519.71,519.89
There,there,519.91,520.0799999999999
is,is,520.08,520.24
no,no,520.24,520.39
category,category,520.389999,521.169999
in,in,521.459999,521.6599990000001
our,our,521.66,521.8199999999999
language,language,521.82,522.47
except,except,522.68,523.14
a,a,523.139999,523.189999
mythical,mythical,523.2,523.7
one,one,523.96,524.0500000000001
for,for,524.37,524.49
something,something,524.63,524.76
that's,that's,524.95,524.99
not,,,
human,,,
and,,,
not,,,
animal,,,
