Martin,martin,5.56,5.76
took,took,21.7,21.919999999999998
a,a,21.92,22.0
deep,deep,22.0,22.3
breath,breath,22.31,22.669999999999998
and,and,23.15,23.32
tried,tried,23.32,23.61
to,to,23.61,23.72
calm,calm,23.72,24.08
down,down,24.08,24.509999999999998
The,the,25.44,25.57
situation,situation,25.57,26.29
was,was,26.29,26.47
almost,almost,26.48,26.96
desperate,desperate,26.97,27.599999999999998
and,and,27.939999999999998,28.099999999999998
after,after,28.099999,28.399999
Martin,martin,28.4,28.77
spent,spent,28.77,29.07
most,most,29.11,29.5
of,of,29.5,29.53
the,the,29.55,29.68
last,last,29.679999000000002,30.069999000000003
weeks,weeks,30.07,30.38
drunk,drunk,30.4,30.91
he,he,31.16,31.330000000000002
knew,knew,31.33,31.5
it,it,31.5,31.61
was,was,31.61,31.8
time,time,31.799999,32.109999
to,to,32.11,32.25
face,face,32.25,32.61
reality,reality,32.61,33.3
Martin,martin,34.219999,34.579999
looked,looked,34.58,34.83
at,at,34.83,34.94
the,the,34.940000999999995,35.06000099999999
reflection,reflection,35.059999000000005,35.599999000000004
in,in,35.6,35.7
the,the,35.699999,35.779999
mirror,mirror,35.779999000000004,36.209999
and,and,36.25,36.4
started,started,36.4,36.82
weeping,weeping,36.82,37.18
uncontrollably,uncontrollably,37.21,38.230000000000004
That,that,39.69,39.94
evening,evening,39.94,40.489999999999995
at,at,40.94,41.099999999999994
the,the,41.1,41.230000000000004
utmost,utmost,41.28,41.77
moment,moment,41.769999999999996,42.13999999999999
of,of,42.15,42.29
hopelessness,hopelessness,42.29,43.25
Martin,martin,43.39,43.83
did,did,43.85,44.09
the,the,44.099999,44.279999
inconceivable,inconceivable,44.3,45.33
calling,calling,45.37,45.79
his,his,45.79,45.96
mom,mom,45.96,46.32
to,to,46.32,46.49
talk,talk,46.51,47.04
In,in,48.13,48.330000000000005
general,general,48.33,49.03
help,help,49.49,49.77
from,from,49.769999999999996,49.989999999999995
his,his,49.99,50.21
mom,mom,50.21,50.59
resembled,resembled,50.589999,51.039999
a,a,51.04,51.1
lengthy,lengthy,51.099999,51.699999
and,and,51.78,52.04
very,very,52.15,52.559999999999995
excruciating,excruciating,52.559999000000005,53.539999
lecture,lecture,53.539999,54.099999000000004
about,about,54.529999000000004,54.819999
all,all,54.869999,55.119999
the,the,55.2,55.27
things,things,55.27,55.63
he,he,55.63,55.78
had,had,55.78,55.96
done,done,55.96,56.27
wrong,wrong,56.27,56.550000000000004
in,in,56.55,56.68
his,his,56.68,56.89
life,life,56.89,57.34
Starting,starting,58.03,58.49
from,from,58.49,58.68
how,how,58.68,58.86
Martin,martin,58.87,59.3
struggled,struggled,59.31,59.78
to,to,59.78,59.88
remain,remain,59.88,60.29
in,in,60.29,60.41
his,his,60.41,60.529999999999994
mom’s,mom's,60.53,60.83
belly,belly,60.84,61.260000000000005
up,up,61.519999999999996,61.709999999999994
to,to,61.71,61.84
how,how,61.84,62.03
Martin,martin,62.04,62.37
had,had,62.38,62.550000000000004
messed,messed,62.55,62.91
up,up,63.01,63.239999999999995
everything,everything,63.3,63.839999999999996
with,with,63.84,63.980000000000004
Sophia,sophia,63.980000000000004,64.44
Jones,jones,64.44,65.13
To,to,66.5,66.65
be,be,66.65,66.81
honest,honest,66.809999,67.389999
it,it,67.63,67.77
wasn’t,wasn't,67.77,68.14999999999999
far,far,68.15,68.4
from,from,68.4,68.58000000000001
the,the,68.58,68.67
truth,truth,68.67,69.17
His,his,69.849999,70.069999
mom,mom,70.07,70.38999999999999
had,had,70.389999,70.709999
gone,gone,70.709999,70.909999
through,through,70.91,71.14999999999999
nearly,nearly,71.15,71.47
30,<unk>,71.469999,71.769999
hours,hours,71.809999,72.199999
of,of,72.19999899999999,72.30999899999999
agonizing,agonizing,72.31,72.94
labor,labor,72.95,73.45
Martin,martin,73.61,73.91
could,could,73.91,74.07
imagine,imagine,74.07,74.75
though,though,75.07,75.19
he,he,75.19,75.32
never,never,75.32,75.58999999999999
really,really,75.59,75.86
tried,tried,75.87,76.38000000000001
it,it,76.92,77.08
could,could,77.08,77.25
have,have,77.25,77.41
gone,gone,77.41,77.61999999999999
easier,easier,77.64,78.17
But,but,79.45,79.64
to,to,79.64,79.74
this,this,79.74,80.02
day,day,80.02,80.53999999999999
each,each,80.97,81.25
time,time,81.25,81.53
Martin,martin,81.53,81.88
looked,looked,81.889999,82.079999
at,at,82.08,82.17
his,his,82.17,82.34
mom’s,mom's,82.34,82.66
belly,belly,82.66,83.09
he,he,83.37,83.5
felt,felt,83.5,83.78
that,that,83.78,83.91
it,it,83.91,83.99
was,was,83.99,84.13
the,the,84.13,84.27
only,only,84.28,84.68
time,time,84.679999,85.099999
that,that,85.11,85.14
he,he,85.15,85.34
really,really,85.349999,85.649999
felt,felt,85.65,85.91000000000001
protected,protected,85.91,86.42999999999999
and,and,86.46000000000001,86.63000000000001
loved,loved,86.639999,87.199999
As,as,88.82,89.02
for,for,89.02,89.14
Sophia,sophia,89.139999,89.779999
it,it,90.26,90.41000000000001
wasn’t,wasn't,90.41,90.78
that,that,90.779999,90.969999
simple,simple,90.969999,91.449999
as,as,91.55,91.78
nothing,nothing,91.78,92.11
in,in,92.11,92.24
life,life,92.24,92.47
ever,ever,92.48,92.74000000000001
is,is,92.77,93.24
Martin,martin,93.96,94.30999999999999
had,had,94.31,94.44
treated,treated,94.45,94.79
her,her,94.79,94.93
badly,badly,94.93,95.36000000000001
some,some,95.37,95.57000000000001
time,time,95.57,95.94
and,and,96.01,96.17
well,well,96.17,96.56
Martin,martin,96.87,97.17
did,did,97.18,97.41000000000001
take,take,97.41,97.61999999999999
Sophia,sophia,97.62,97.97
for,for,97.97,98.08
granted,granted,98.08,98.6
although,although,98.61,98.86
Sophia,sophia,98.86,99.37
was,was,99.37,99.54
better,better,99.53999999999999,99.82
than,than,99.82,99.99
anything,anything,99.99,100.41
Martin,martin,100.41,100.69
could,could,100.7,100.86
ever,ever,100.86,101.13
hope,hope,101.13,101.36
for,for,101.36,101.66
And,and,101.73,101.9
Martin,martin,101.9,102.17
could,could,102.17,102.34
go,go,102.34,102.51
on,on,102.53999999999999,102.94
and,and,102.969999,103.159999
on,on,103.21000000000001,103.63000000000001
and,and,103.679999,103.849999
on,on,103.889999,104.239999
about,about,104.28,104.6
all,all,104.62,104.82000000000001
the,the,104.82,104.92999999999999
things,things,104.929999,105.27999899999999
that,that,105.28,105.41
ended,ended,105.42,105.74
poorly,poorly,105.74,106.32
But,but,106.959999,107.08999899999999
it,it,107.09,107.16
was,was,107.16,107.32
beside,beside,107.32,107.77999999999999
the,the,107.779999,107.849999
point,point,107.85,108.3
Martin,martin,109.42,109.75
learned,learned,109.75,109.99
the,the,109.99,110.05999999999999
lesson,lesson,110.06,110.58
or,or,110.94,111.07
so,so,111.07,111.25999999999999
he,he,111.26,111.41000000000001
told,told,111.41,111.69
everybody,everybody,111.71,112.33
not,not,112.57,112.83
understanding,understanding,112.86,113.48
what,what,113.48,113.62
the,the,113.62,113.71000000000001
lesson,lesson,113.71,114.08999999999999
was,was,114.09,114.52000000000001
and,and,114.91,115.08
how,how,115.08,115.28999999999999
the,the,115.29,115.42
heck,heck,115.42,115.62
was,was,115.62,115.76
he,he,115.76,115.9
supposed,supposed,115.9,116.30000000000001
to,to,116.3,116.34
learn,learn,116.349999,116.649999
it,it,116.65,116.94000000000001
Martin’s,martin's,118.41,118.8
mother,mother,118.83,118.96
identified,identified,119.15,119.83000000000001
his,his,119.83,119.97
usual,usual,119.98,120.43
habit,habit,120.44,120.86
and,and,120.92,121.09
spoke,spoke,121.09,121.42
to,to,121.42,121.55
him,him,121.549999,121.849999
annoyed,annoyed,121.889999,122.499999
I’m,i'm,123.13,123.33999999999999
so,so,123.339999,123.59999900000001
fed,fed,123.599999,123.789999
up,up,123.799999,123.969999
with,with,123.969999,124.139999
you,you,124.139999,124.25999900000001
Martin,martin,124.26,124.78
Listen,listen,125.19999899999999,125.539999
to,to,125.539999,125.66999899999999
me,me,125.67,126.02
This,this,126.34,126.56
might,might,126.559999,126.81999900000001
sound,sound,126.82,127.08999999999999
a,a,127.09,127.15
bit,bit,127.15,127.42
crazy,crazy,127.42,128.0
but,but,128.41,128.51
have,have,128.52,128.69
you,you,128.69,128.82
explored,explored,128.82,129.26
the,the,129.26,129.37
idea,idea,129.37,129.74
of,of,129.74,129.88
seeing,seeing,129.88,130.23
a,a,130.23,130.29999999999998
healer,healer,130.3,130.78
about,about,130.8,131.10000000000002
your,your,131.1,131.19
painful,painful,131.19,131.60999999999999
breakup,breakup,131.61,132.20000000000002
Wow,wow,133.24,133.52
mom,mom,133.55,134.03
that,that,134.38,134.66
was,was,134.66,134.88
just,just,134.9,135.17000000000002
a,a,135.17,135.26
dumb,dumb,135.26,135.57999999999998
idea,idea,135.58,136.32000000000002
I’m,i'm,136.5,136.71
not,not,136.71,136.94
that,that,136.96,137.18
desperate,desperate,137.179999,137.779999
Dearest,dearest,138.49,139.11
I,i,139.16,139.32999999999998
wish,wish,139.33,139.62
you,you,139.62,139.75
weren’t,weren't,139.75,140.33
Martin,martin,141.429999,141.779999
sometimes,sometimes,141.799999,142.309999
hated,hated,142.309999,142.66999900000002
his,his,142.67000000000002,142.87
mother,mother,142.869999,143.239999
for,for,143.25,143.38
her,her,143.379999,143.559999
harsh,harsh,143.559999,143.909999
candor,candor,143.91,144.51
But,but,144.619999,144.789999
she,she,144.789999,144.979999
had,had,144.98,145.17
a,a,145.18,145.24
point,point,145.24,145.77
Fine,fine,146.68,146.97
mom,mom,146.97,147.35999999999999
I’ll,i'll,147.74,147.87
check,check,147.87,148.07
it,it,148.07,148.20999999999998
out,out,148.21,148.56
Martin,martin,149.12,149.44
said,said,149.44,149.68
dispassionately,<unk>,149.69,150.24
while,,,
as,,,
he,he,150.65,150.8
hung,hung,150.8,151.02
up,up,151.02,151.27
and,and,151.45,151.57
mumbled,mumbled,151.58,151.88000000000002
to,to,151.89,152.01
himself,himself,152.01,152.6
what,what,153.24,153.42000000000002
do,do,153.42,153.51999999999998
I,i,153.52,153.60000000000002
have,have,153.61,153.82000000000002
to,to,153.82,153.95
lose,lose,153.95,154.53
Martin,martin,156.55,156.92000000000002
woke,woke,156.92,157.11999999999998
up,up,157.12,157.28
at,at,157.28,157.37
dawn,dawn,157.37,157.75
the,the,157.759999,157.869999
next,next,157.87,158.22
morning,morning,158.219999,158.639999
and,and,158.65,158.77
anxiously,anxiously,158.78,159.36
scanned,scanned,159.36,159.77
the,the,159.78,159.93
internet,internet,159.929999,160.369999
for,for,160.379999,160.51999899999998
the,the,160.52,160.63000000000002
combination,combination,160.629999,161.479999
of,of,161.5,161.6
best,best,161.609999,161.99999899999997
and,and,162.01,162.19
inexpensive,inexpensive,162.2,162.95999999999998
therapist,therapist,163.48,163.55999999999997
Before,before,164.15999999999997,164.54999999999998
long,long,164.54999999999998,164.95
Martin,martin,165.12,165.46
understood,understood,165.49,166.23000000000002
that,that,166.25,166.45
knowing,knowing,166.45,166.81
nothing,nothing,166.81,167.15
about,about,167.16,167.4
the,the,167.4,167.46
subject,subject,167.46,167.96
it,it,167.97,168.10999999999999
was,was,168.11,168.27
hard,hard,168.27,168.58
to,to,168.58,168.68
figure,figure,168.68,169.0
out,out,169.0,169.19
which,which,169.19,169.44
healer,healer,169.44,169.71
was,was,169.71,169.9
the,the,169.9,169.99
best,best,169.99,170.53
He,he,171.15,171.27
would,would,171.27,171.4
have,have,171.41,171.62
to,to,171.62,171.73000000000002
compromise,compromise,171.73,172.36999999999998
for,for,172.37,172.49
the,the,172.49,172.58
most,most,172.58,172.82000000000002
inexpensive,inexpensive,172.84,173.55
one,one,173.55,173.73000000000002
he,he,173.73,173.82
could,could,173.82,173.98
get,get,173.98,174.35
Andre,andre,174.74,175.20000000000002
the,the,175.2,175.32
Giant,giant,175.32,175.85999999999999
hypnosis,hypnosis,175.94,176.59
and,and,176.589999,176.749999
physio,physio,176.75,177.18
specialist,specialist,177.179999,177.739999
Customer,customer,177.78,178.27
satisfaction,satisfaction,178.27,179.11
guaranteed,guaranteed,179.119999,179.799999
The,the,180.02,180.15
combination,combination,180.15,180.83
was,was,180.82999999999998,180.99999999999997
kind,kind,181.01,181.23999999999998
of,of,181.29,181.37
strange,strange,181.37,182.03
but,but,182.07,182.22
just,just,182.22,182.4
thinking,thinking,182.41,182.78
about,about,182.79,183.04
The,the,183.04,183.13
Princess,princess,183.13,183.6
Bride,bride,183.6,184.10999999999999
which,which,184.21,184.38
was,was,184.38,184.54
Martin’s,martin's,184.54,184.94
all,all,184.95,185.14
time,time,185.14,185.36999999999998
favorite,favorite,185.38,185.74
film,film,185.74,186.08
by,by,186.08,186.28
far,far,186.28,186.81
made,made,186.91,187.16
the,the,187.16,187.24
choice,choice,187.24,187.56
much,much,187.59,187.95000000000002
more,more,187.96,188.22
easy,easy,188.24,188.73000000000002
A,a,189.809999,189.909999
deep,deep,189.91,190.15
voice,voice,190.15,190.5
answered,answered,190.54,190.97
Martin’s,martin's,190.969999,191.399999
call,call,191.4,191.86
Today’s,today's,192.2,192.67999999999998
your,your,192.679999,192.88999900000002
lucky,lucky,192.889999,193.17999899999998
day,day,193.179999,193.499999
Mr,mr,193.509999,193.839999
Williams,williams,193.84,194.51
Somehow,somehow,194.809999,195.159999
a,a,195.16,195.25
fake,fake,195.25,195.54
name,name,195.54,195.78
felt,felt,195.78,196.01
comforting,comforting,196.029999,196.659999
I,i,197.15,197.3
have,have,197.299999,197.53999900000002
a,a,197.539999,197.599999
place,place,197.6,198.04
at,at,198.039999,198.199999
1,<unk>,198.199999,198.86999899999998
30,,,
pm,pm,198.87,199.31
today,today,199.31,199.87
but,but,200.3,200.45000000000002
it’s,it's,200.45,200.60999999999999
going,going,200.61,200.87
to,to,200.87,200.96
be,be,200.97,201.10999999999999
cold,cold,201.11,201.66000000000003
so,so,201.67,201.83999999999997
be,be,201.85,201.97
sure,sure,201.97,202.3
to,to,202.3,202.43
bring,bring,202.43,202.69
a,a,202.69,202.76
coat,coat,202.76,203.23999999999998
Martin,martin,204.82,205.17
arrived,arrived,205.21,205.64000000000001
at,at,205.64,205.75
Andre’s,<unk>,205.77,206.19
clinic,clinic,206.23,206.63
at,at,206.66,206.82
1,,,
27,<unk>,206.82,208.0
And,and,208.32,208.51
Andre,andre,208.54,209.2
that,that,209.38,209.6
to,to,209.599999,209.719999
Martin’s,martin's,209.719999,210.109999
dissatisfaction,dissatisfaction,210.11,211.08
was,was,211.08,211.24
a,a,211.24,211.3
surprisingly,surprisingly,211.299999,211.97999900000002
small,small,211.98,212.32999999999998
man,man,212.33,212.75
invited,invited,212.87,213.34
him,him,213.339999,213.509999
in,in,213.509999,213.839999
I,i,214.369999,214.589999
dislike,dislike,214.6,215.07999999999998
Thursdays,thursdays,215.07999999999998,215.94
Andre,andre,216.02,216.49
said,said,216.49,216.94
For,for,217.02,217.19
some,some,217.19,217.45
reason,reason,217.45,217.85
everyone,everyone,218.17,218.7
seems,seems,218.71,219.04000000000002
to,to,219.04,219.16
be,be,219.16,219.29999999999998
ill,ill,219.32,219.76999999999998
I,i,221.19,221.3
know,know,221.3,221.43
what,what,221.43,221.59
you,you,221.59,221.69
mean,mean,221.69,222.1
I,i,222.39,222.5
used,used,222.5,222.72
to,to,222.72,222.79
be,be,222.79,222.9
in,in,222.9,222.98000000000002
the,the,222.98,223.06
bathroom,bathroom,223.07,223.5
tissue,tissue,223.5,223.87
industry,industry,223.89,224.39999999999998
Martin,martin,224.41,224.73
replied,replied,224.73,225.29
feeling,feeling,225.44,225.72
that,that,225.719999,225.879999
was,was,225.88,225.99
an,an,225.99,226.08
unconventional,unconventional,226.09,226.89000000000001
response,response,226.889999,227.51999899999998
So,so,228.27,228.87
are,are,229.11,229.25
you,you,229.25,229.38
interested,interested,229.38,229.85
in,in,229.849999,229.939999
physio,physio,229.94,230.42
work,work,230.429999,230.749999
or,or,230.77,230.92000000000002
you,you,230.92,231.05999999999997
came,came,231.059999,231.349999
here,here,231.349999,231.579999
only,only,231.599999,231.969999
for,for,231.969999,232.159999
hypnosis,hypnosis,232.16,232.68
session,session,232.690001,233.260001
Andre,andre,233.629999,233.989999
asked,asked,234.01,234.54
Just,just,235.279999,235.509999
the,,,
hypnosis,hypnosis,235.57,236.06
please,please,236.09,236.56
My,my,236.61,236.77
neck,neck,236.77,236.99
seems,seems,236.99,237.20000000000002
to,to,237.2,237.29
be,be,237.29,237.4
just,just,237.4,237.69
perfect,perfect,237.71,238.09
these,these,238.09,238.31
days,days,238.31,238.61
thank,thank,238.62,238.88
you,you,238.88,239.15
Martin,martin,239.41,239.69
replied,replied,239.69,240.09
confidently,confidently,240.09,240.78
Okay,okay,241.16,241.56
dude,dude,241.56,241.99
Andre,andre,242.57,242.89
replied,replied,242.91,243.42
and,and,243.44,243.6
coughed,coughed,243.61,244.15
What,what,245.63,245.88
seems,seems,245.88,246.2
to,to,246.2,246.29
be,be,246.29,246.42
worrying,worrying,246.42,246.83999999999997
you,you,246.84,247.0
Mr,mr,247.009999,247.329999
Williams,williams,247.33,248.0
It’s,it's,249.059999,249.259999
Sophia,sophia,249.259999,250.01999899999998
the,the,250.289999,250.449999
best,best,250.449999,250.789999
girl,girl,250.789999,251.04999899999999
on,on,251.049999,251.189999
planet,planet,251.199999,251.559999
Earth,earth,251.57,251.95
I,i,252.62,252.63
can’t,can't,252.63,252.93
stop,stop,252.94,253.22
thinking,thinking,253.22,253.58
of,of,253.58,253.72
her,her,253.72,254.06
The,the,254.66,254.78
wedding,wedding,254.78,255.13
was,was,255.13,255.26999999999998
supposed,supposed,255.27,255.65
to,to,255.66,255.77
happen,happen,255.77,256.1
in,in,256.1,256.21000000000004
the,the,256.21,256.32
summer,summer,256.32,256.88
but,but,257.14,257.3
I,i,257.3,257.35
was,was,257.35,257.51000000000005
scared,scared,257.51,257.9
to,to,257.9,258.0
marry,marry,258.0,258.54
I’m,i'm,259.45,259.61
totally,totally,259.63,260.02
obsessed,obsessed,260.02,260.49
with,with,260.49,260.61
Sophia,sophia,260.61,261.25
I,i,261.74,261.86
dream,dream,261.86,262.15000000000003
about,about,262.15,262.44
Sophia,sophia,262.44,262.89
constantly,constantly,262.889999,263.629999
and,and,263.69,263.84
I,i,263.84,263.95
see,see,263.96,264.2
her,her,264.2,264.37
image,image,264.38,264.75
in,in,264.759999,264.889999
practically,practically,264.91,265.44
every,every,265.46,265.75
woman,woman,265.75,266.02
I,i,266.02,266.10999999999996
meet,meet,266.139999,266.529999
To,to,267.849999,267.989999
be,be,267.99,268.16
honest,honest,268.16,268.64000000000004
you,you,268.91,269.09000000000003
are,are,269.09,269.15999999999997
the,the,269.16,269.29
30th,<unk>,269.289999,269.739999
counselor,counselor,269.789999,270.309999
I’ve,i've,270.309999,270.459999
spoken,spoken,270.47,270.85
to,to,270.85,271.25
Do,do,272.34,272.42999999999995
you,you,272.43,272.61
enjoy,enjoy,272.61,273.01
candy,candy,273.05,273.58
Mr,mr,273.58,273.90999999999997
Williams,williams,273.91,274.66
Martin,martin,275.85,276.16
didn’t,didn't,276.16,276.42
understand,understand,276.45,277.08
the,the,277.08,277.16999999999996
relevance,relevance,277.17,277.63
of,of,277.64,277.8
the,the,277.8,277.87
question,question,277.87,278.43
though,though,278.46,278.59999999999997
he,he,278.599999,278.739999
replied,replied,278.74,279.25
nevertheless,nevertheless,279.25,280.04
I’m,i'm,280.389999,280.559999
not,not,280.559999,280.71999900000003
crazy,crazy,280.719999,281.129999
about,about,281.13,281.38
it,it,281.38,281.63
but,but,281.719999,281.899999
I,i,281.9,282.01
eat,eat,282.009999,282.209999
a,a,282.21,282.25
little,little,282.25,282.53
now,now,282.53,282.71
and,and,282.71,282.89
then,then,282.889999,283.259999
Just,just,284.25,284.54
keep,keep,284.549999,284.859999
your,your,284.86,285.04
eyes,eyes,285.04,285.57
on,on,285.639999,285.859999
the,the,285.86,285.98
Kit,kit,285.98,286.21000000000004
Kat,kat,286.25,286.78
Andre,andre,286.96999900000003,287.32999900000004
replied,replied,287.34,287.9
while,while,288.16,288.29
he,he,288.289999,288.39999900000004
started,started,288.4,288.75
to,to,288.75,288.89
gently,gently,288.9,289.34
swing,swing,289.34,289.75
a,a,289.77,289.84
small,small,289.84,290.17999999999995
Kit,kit,290.18,290.43
Kat,kat,290.43,290.72
that,that,290.72,290.83000000000004
was,was,290.83,290.99
dangling,dangling,290.99,291.46000000000004
from,from,291.46,291.64
a,a,291.64,291.7
cord,cord,291.7,292.19
Aren’t,aren't,293.57,293.74
you,you,293.74,293.85
supposed,supposed,293.85,294.05
to,to,294.05,294.14
do,do,294.15,294.27
that,that,294.27,294.44
with,with,294.44,294.59
a,a,294.59,294.66999999999996
pocket,pocket,294.72,295.11
clock,clock,295.11,295.72
Martin,martin,296.21,296.52
asked,asked,296.52,296.78
doubtfully,<unk>,296.79,297.40000000000003
Put,put,298.679999,298.89999900000004
your,your,298.9,299.06
faith,faith,299.059999,299.399999
in,in,299.4,299.54999999999995
Andre,andre,299.559999,300.239999
and,and,300.48,300.65000000000003
everything,everything,300.69,301.25
will,will,301.25,301.37
be,be,301.37,301.56
just,just,301.559999,302.039999
fine,fine,302.04,302.63
Martin,martin,303.509999,303.819999
took,took,303.83,304.03
a,a,304.029999,304.089999
deep,deep,304.09,304.31
breath,breath,304.32,304.77
and,and,304.889999,305.059999
tried,tried,305.059999,305.389999
not,not,305.389999,305.609999
to,to,305.619999,305.759999
laugh,laugh,305.76,306.28
The,the,307.53,307.65
next,next,307.65,307.97999999999996
thing,thing,307.98,308.25
he,he,308.26,308.28
remembered,remembered,308.61999999999995,309.21999999999997
was,was,309.21999999999997,309.30999999999995
slowly,slowly,309.30999999999995,309.83
waking,waking,309.88,310.15
and,and,310.32,310.46
feeling,feeling,310.46,310.77
like,like,310.77,310.90999999999997
he,he,310.91,311.02000000000004
could,could,311.02,311.18
certainly,certainly,311.18,311.62
use,use,311.62,312.01
a,a,312.04,312.13
good,good,312.13,312.45
physio,physio,312.45,312.92
session,session,312.92,313.5
When,when,313.9,314.10999999999996
Martin,martin,314.11,314.38
exited,exited,314.42,314.90000000000003
Andre’s,<unk>,314.91,315.33000000000004
clinic,clinic,315.37,315.64
an,an,315.639999,315.759999
hour,hour,315.77,316.03999999999996
later,later,316.04,316.47
he,he,316.58,316.75
felt,felt,316.75,316.96
happier,happier,316.98,317.44
than,than,317.44,317.63
he,he,317.63,317.77
felt,felt,317.77,318.06
for,for,318.059999,318.21999900000003
years,years,318.219999,318.78999899999997
It,it,319.59,319.72999999999996
was,was,319.73,319.87
like,like,319.88,320.06
a,a,320.059999,320.099999
bless,bless,320.099999,320.39999900000004
Martin’s,martin's,321.32,321.71
neck,neck,321.71,321.98999999999995
was,was,322.02,322.25
relaxed,relaxed,322.25,323.0
plus,plus,323.07,323.36
he,he,323.359999,323.46999900000003
felt,felt,323.46999900000003,323.69999900000005
rising,rising,323.699999,324.129999
optimism,optimism,324.15,324.69
in,in,324.7,324.89
his,his,324.89,325.09
soul,soul,325.09,325.53
As,as,326.22,326.35
he,he,326.35,326.43
walked,walked,326.43,326.82
down,down,326.83,327.03999999999996
the,the,327.04,327.16
street,street,327.16,327.70000000000005
Martin,martin,327.98,328.36
noticed,noticed,328.36,328.73
a,a,328.73,328.78000000000003
woman,woman,328.78,329.09999999999997
that,that,329.1,329.22
appeared,appeared,329.22,329.58000000000004
exactly,exactly,329.58,330.21
like,like,330.21,330.45
Sophia,sophia,330.45,331.05
though,though,331.28,331.42999999999995
after,after,331.43,331.8
a,a,331.8,331.89
second,second,331.89,332.44
he,he,332.75,332.92
understood,understood,332.92,333.48
that,that,333.48,333.57
he,he,333.57,333.69
was,was,333.69,333.86
fantasizing,fantasizing,333.86,334.75
Feeling,feeling,335.639999,335.999999
good,good,336.0,336.48
he,he,336.69,336.84
stopped,stopped,336.84,337.22999999999996
to,to,337.24,337.36
purchase,purchase,337.36,337.75
a,a,337.75,337.83
Kit,kit,337.83,338.09
Kat,kat,338.09,338.53999999999996
and,and,339.07,339.24
continued,continued,339.24,339.79
walking,walking,339.79,340.19
home,home,340.190001,340.510001
unburdened,<unk>,340.559999,341.349999
As,as,342.449999,342.639999
days,days,342.64,342.89
went,went,342.89,343.12
by,by,343.12,343.53000000000003
Martin,martin,343.92,344.31
noticed,noticed,344.31,344.69
that,that,344.69,344.82
he,he,344.82,344.92
was,was,344.92,345.08000000000004
thinking,thinking,345.08,345.4
about,about,345.4,345.64
Sophia,sophia,345.64,346.13
less,less,346.13,346.46
and,and,346.52,346.7
less,less,346.7,347.15999999999997
He,he,347.32,347.46999999999997
really,really,347.48,347.75
felt,felt,347.75,347.98
prepared,prepared,347.98,348.47
to,to,348.47,348.57000000000005
see,see,348.57,348.82
Sophia,sophia,348.82,349.45
Martin,martin,350.889999,351.259999
called,called,351.26,351.56
Sophia’s,<unk>,351.58,352.06
cell,cell,352.07,352.42
and,and,352.45,352.59
finally,finally,352.59,353.01
convinced,convinced,353.01,353.49
her,her,353.49,353.58
to,to,353.58,353.72999999999996
come,come,353.74,353.95
with,with,353.95,354.17
him,him,354.17,354.3
to,to,354.3,354.44
the,the,354.44,354.56
pub,pub,354.559999,354.919999
the,the,354.99,355.06
next,next,355.059999,355.399999
day,day,355.4,355.77
When,when,356.469999,356.65999899999997
Martin,martin,356.66,356.95000000000005
arrived,arrived,356.96,357.35999999999996
at,at,357.36,357.47
the,the,357.469999,357.569999
pub,pub,357.57,358.01
Sophia,sophia,358.07,358.48
was,was,358.48,358.66
staring,staring,358.66,359.1
at,at,359.1,359.21000000000004
the,the,359.209999,359.329999
clock,clock,359.33,359.87
How,how,361.0,361.2
are,are,361.2,361.28
you,you,361.28,361.39
doing,doing,361.39,361.78
Sophia,sophia,361.78,362.34999999999997
he,he,362.39,362.53999999999996
inquired,<unk>,362.54,363.07
without,without,363.36,363.69
losing,losing,363.7,364.01
control,control,364.01,364.53999999999996
over,over,364.55,364.83
his,his,364.83,364.99
voice,voice,364.99,365.32
this,this,365.32,365.57
once,once,365.57,366.06
I,i,367.22,367.37
could,could,367.37,367.62
be,be,367.62,367.75
worse,worse,367.75,368.35
How,how,368.51,368.76
are,are,368.76,368.84
you,you,368.84,369.04999999999995
these,these,369.05,369.31
days,days,369.309999,369.909999
Feeling,feeling,370.69,371.02
better,better,371.02,371.40999999999997
he,he,371.49,371.66
replied,replied,371.66,372.25
actually,actually,372.57,372.99
believing,believing,372.99,373.45
that,that,373.45,373.57
the,the,373.57,373.67
response,response,373.67,374.12
he,he,374.12,374.23
made,made,374.23,374.43
was,was,374.429999,374.58999900000003
true,true,374.589999,375.04999899999996
I,i,375.94,376.03
have,have,376.029999,376.23999899999995
to,to,376.24,376.34000000000003
go,go,376.34,376.46
to,to,376.459999,376.559999
the,the,376.559999,376.609999
bathroom,bathroom,376.609999,377.259999
Do,do,377.71999900000003,377.809999
you,you,377.809999,377.899999
need,need,377.9,378.09999999999997
anything,anything,378.1,378.73
Sophia,sophia,379.14,379.57
inquired,<unk>,379.58,379.99
quietly,quietly,380.02,380.54999999999995
No,no,381.15,381.46
I’m,i'm,381.49,381.65000000000003
fine,fine,381.65,382.01
I,i,382.02,382.10999999999996
was,was,382.11,382.28000000000003
just,just,382.28,382.48999999999995
eager,eager,382.54,382.76000000000005
to,to,382.76,382.89
discuss,discuss,382.89,383.3
our,our,383.3,383.41
former,former,383.41,383.72
relationship,relationship,383.72,384.39000000000004
Martin,martin,384.4,384.7
replied,replied,384.7,385.22999999999996
By,by,385.99,386.12
the,the,386.12,386.24
way,way,386.24,386.61
do,do,386.67,386.75
you,you,386.75,386.85
have,have,386.849999,386.979999
a,a,386.98,387.08000000000004
Kit,kit,387.08,387.3
Kat,kat,387.3,387.53000000000003
on,on,387.54,387.71000000000004
you,you,387.71,387.85999999999996
by,by,387.86,388.04
any,any,388.04,388.25
chance,chance,388.26,388.77
What,what,389.679999,390.179999
No,no,390.55,391.15000000000003
Sophia,sophia,391.78,392.13
answered,answered,392.13,392.6
looking,looking,392.599999,392.849999
at,at,392.849999,392.95999900000004
Martin,martin,392.96,393.21999999999997
sympathetically,sympathetically,393.219999,393.99999899999995
Martin,martin,394.619999,394.939999
felt,felt,394.940001,395.170001
like,like,395.17,395.31
a,a,395.309999,395.369999
new,new,395.379999,395.599999
person,person,395.609999,396.159999
That’s,that's,397.029999,397.279999
okay,okay,397.279999,397.699999
I’ll,,,
be,,,
back,,,
in,,,
a,,,
jiffy,<unk>,397.77,398.87
Martin,martin,398.88,399.24
said,said,399.24,399.59000000000003
while,while,399.64,399.78999999999996
he,he,399.79,399.93
jumped,jumped,399.93,400.2
to,to,400.21,400.33
find,find,400.33,400.62
a,a,400.62,400.67
nearby,nearby,400.67,401.07
kiosk,kiosk,401.07,401.75
On,on,402.35,402.49
the,the,402.49,402.58
way,way,402.58,402.75
to,to,402.75,402.9
their,their,402.9,403.06
table,table,403.06,403.63
while,while,403.94,404.14
munching,munching,404.139999,404.549999
what,what,404.55,404.68
was,was,404.679999,404.819999
left,left,404.82,405.09999999999997
of,of,405.099999,405.21999900000003
the,the,405.22,405.31
Kit,kit,405.309999,405.539999
Kat,kat,405.54,405.86
Martin,martin,406.179999,406.569999
laughed,laughed,406.57,406.87
to,to,406.88,407.03
himself,himself,407.03,407.63
Why,why,407.94,408.12
didn’t,didn't,408.12,408.36
I,i,408.36,408.43
go,go,408.46,408.60999999999996
to,to,408.61,408.74
Andre,andre,408.74,409.14
the,the,409.139999,409.279999
Giant,giant,409.29,409.71000000000004
sooner,sooner,409.71,410.29999999999995
I,i,411.28,411.39
must,must,411.389999,411.649999
never,never,411.65,412.01
admit,admit,412.02,412.32
this,this,412.32,412.51
to,to,412.51,412.65
mom,mom,412.65,413.08
Martin,martin,414.08,414.4
pushed,pushed,414.4,414.76
his,his,414.76,414.89
stool,stool,414.89,415.24
with,with,415.25,415.38
large,large,415.4,415.78
foolish,foolish,415.78,416.13
grin,grin,416.13,416.43
on,on,416.43,416.54
his,his,416.54,416.73
lips,lips,416.73,417.09000000000003
I,i,417.17,417.28000000000003
have,have,417.29,417.53000000000003
to,to,417.53,417.63
visit,visit,417.63,417.94
Andre,andre,417.96,418.34999999999997
about,about,418.35,418.55
my,my,418.55,418.67
new,new,418.67,418.90000000000003
size,size,418.9,419.25
problem,problem,419.25,419.62
as,as,419.62,419.72
soon,soon,419.72,420.1
as,as,420.1,420.25
possible,possible,420.25,420.81
Martin,martin,420.82,421.17
thought,thought,421.17,421.46000000000004
while,while,421.49,421.64
he,he,421.64,421.76
began,began,421.76,422.15
to,to,422.15,422.29999999999995
pat,pat,422.3,422.62
his,his,422.639999,422.859999
rapidly,rapidly,422.86,423.34000000000003
growing,growing,423.34,423.73999999999995
stomach,stomach,423.75,424.29
